id,name,image_path
2227,Nicole Kidman,/lfW2cDigTcvuoe4k6UfCdGVE1R6.jpg
9562,Marlon Wayans,/7LYnX3vluHFBs1WCRKUjSIEDEkn.jpg
3894,Christian Bale,/7Pxez9J8fuPd2Mn9kex13YALrCQ.jpg
18324,Steve Zahn,/rwrPdKGwXnByxUVMxMf8Y7oswi3.jpg
23532,Jason Bateman,/h6Sl1afuHMwnyqcxannecceIg4K.jpg
886,William Fichtner,/wWtJOoaNAwPparpzMNuRBjvxwEf.jpg
37917,Kristen Stewart,/xldswdQ1VnpcOf2wZMPguZ3avgO.jpg
6408,Nick Stahl,/hV1Fs7LcYWBQ90hWYA3DrCh0rPV.jpg
1810,Heath Ledger,/AdWKVqyWpkYSfKE5Gb2qn8JzHni.jpg
5469,Ralph Fiennes,/pCnVXH1Uo2ODoOit4UXni8OD9VB.jpg
1100,Arnold Schwarzenegger,/2marNcjIfCUE5Z2HyrcEiJHPbsA.jpg
3061,Ewan McGregor,/q2UDxfwWnmXTB7khOUF3J9puBVP.jpg
1160,Michelle Pfeiffer,/khpWT4F4Nj0QEuVPP1P2Zgz41G2.jpg
3895,Michael Caine,/bVZRMlpjTAO2pJK6v90buFgVbSW.jpg
5527,Skandar Keynes,/pIdgY16c6AzmCD31pXlCR9SjLlM.jpg
2201,Max von Sydow,/u16BsGyT6v9yuO7wWAF62NayDth.jpg
8602,Alice Braga,/ykVmsm3For9dCBfWLRtTL0EU24b.jpg
1241,John Turturro,/63zA58rSyJxBMLBdgeMjjETmpDQ.jpg
36662,Carey Mulligan,/iwVHhqoz5b62FR0SDpZ7wfsuTBI.jpg
73968,Henry Cavill,/kN3A5oLgtKYAxa9lAkpsIGYKYVo.jpg
2283,Stanley Tucci,/q4TanMDI5Rgsvw4SfyNbPBh4URr.jpg
1331,Hugo Weaving,/lSC8Et0PYi5zeQb3IpPkFje7hgR.jpg
7090,Kelsey Grammer,/5zik4VJim6YTSWDjC7tkp13wxUp.jpg
2157,Robin Williams,/iYdeP6K0qz44Wg2Nw9LPJGMBkQ5.jpg
7026,Rhys Ifans,/AfXRP33ncRunR83JPehZ06Kgh8e.jpg
18973,Mila Kunis,/6Lp9qPkMO740Hcp8NBYZZLWWvJF.jpg
45589,Dakota Blue Richards,/qi8YwJb9IdApRiRJFNavwnGgfBU.jpg
131,Jake Gyllenhaal,/rJdYHYNhlcOBwbPvDZVvt1xw7bi.jpg
6383,Aaron Eckhart,/u5JjnRMr9zKEVvOP7k3F6gdcwT6.jpg
49918,Charlie Tahan,/isCdDBAxrSOjugK3HjgESi6rXcn.jpg
6885,Charlize Theron,/ie1KbeYFG5E0GVr1QP7tDNuXvga.jpg
10980,Daniel Radcliffe,/e64VeB4Mybwm2tOhyLY1h7XQQ8N.jpg
1283,Helena Bonham Carter,/hJMbNSPJ2PCahsP3rNEU39C8GWU.jpg
6161,Jennifer Connelly,/wdmcJagSRJ65AuJ4IUCzuHAdvgy.jpg
68812,Ed Asner,/i9Akq9tqNwgcAc63QaSaiTYZtUB.jpg
3489,Naomi Watts,/mwel3q2EK4VZEZYur65kEYnzqsH.jpg
73457,Chris Pratt,/cRH6HPAQ98PlOwwEvhYO4CM9lwu.jpg
74568,Chris Hemsworth,/piQGdoIQOF3C1EI5cbYZLAW1gfj.jpg
59620,Gemma Arterton,/qGyGAds4FmONHNLoAcJTRALZAC6.jpg
3223,Robert Downey Jr.,/5qHNjhtjMD4YWH3UP0rm4tKwxCL.jpg
7447,Alec Baldwin,/hzKy7x574eeUS3wt1R3yvWBRpeR.jpg
1281,Freddie Highmore,/9larfGVg8ALIVFkr7cZzv4Emh1F.jpg
1121,Benicio del Toro,/aYomJWx0B2B8ra6Rmgt8lr0XCrw.jpg
18023,Robert Carlyle,/dLNeFPfJACiCiUz3oEdAjeKIwvZ.jpg
6194,Claire Danes,/vTKKniIwbXWMmnuMmGKHYS41Vif.jpg
134,Jamie Foxx,/25zzvFA6yx2Q9BYnugsbd4JWDfu.jpg
9273,Amy Adams,/1h2r2VTpoFb5QefAaBYYQgQzL9z.jpg
8289,Billy Crudup,/4kHvUUVFMW8GJTHJtoAiskqhcyO.jpg
10989,Rupert Grint,/q2KZZ0ltTEl7Sf8volNFV1JDEP4.jpg
2282,Ben Kingsley,/vQtBqpF2HDdzbfXHDzR4u37i1Ac.jpg
290,Christopher Plummer,/u0YBwss0ebEUp8sjRtQKnK2wZdR.jpg
11701,Angelina Jolie,/nXA9vMvskmIDB5NqHCkTQPmemep.jpg
3293,Rachel Weisz,/9tfHL5tholha1YF6bSKt422ETPM.jpg
9642,Jude Law,/nBGVXLHsNzlG7ouoh4bDggaGKN1.jpg
543530,Dave Bautista,/snk6JiXOOoRjPtHU5VMoy6qbd32.jpg
7060,Martin Freeman,/nrO54AzrxiNgCjBUOSz6ebyxDZY.jpg
4173,Anthony Hopkins,/dYVQTK1dPrQl1mugeLEWSSmA6Im.jpg
934,Russell Crowe,/uxiXuVH4vNWrKlJMVVPG1sxAJFe.jpg
1282,David Kelly,/4NzqVwHlbaGO3rjW0ozRL8J9SxG.jpg
6162,Paul Bettany,/vcAVrAOZrpqmi37qjFdztRAv1u9.jpg
17605,Idris Elba,/be1bVF7qGX91a6c5WeRPs5pKXln.jpg
70851,Jack Black,/rtCx0fiYxJVhzXXdwZE2XRTfIKE.jpg
9828,Garrett Hedlund,/9zec61HuFJgiUEzPSt0NfPIj0Xv.jpg
16377,Jerry Seinfeld,/ajmOd1zbf4XtDJw29nXocuMI80b.jpg
10297,Matthew McConaughey,/lCySuYjhXix3FzQdS4oceDDrXKI.jpg
80676,Jordan Nagai,/j1kVS2sI3wWIHCCzzYD1buXAP9e.jpg
19655,James D'Arcy,/6CInTvBeLwXLx2id9TgaULaVEO4.jpg
10872,Patton Oswalt,/ljQvjbPmcIAl205Lb2Mu4CW8WO7.jpg
1749,Leonard Nimoy,/vyo1sOdwEIP8adhts3UpelyiBwn.jpg
18050,Elle Fanning,/e8CUyxQSE99y5IOfzSLtHC0B0Ch.jpg
3490,Adrien Brody,/v2U61NlN1LEPhFGjvjLQr3OVWYk.jpg
56365,Charlie Hunnam,/5WIDrnY25Ps2RYu0zIzHSVuSt5n.jpg
19274,Seth Rogen,/nYl9bvQzaPQLzlf0wf75clLN6Hi.jpg
1229,Jeff Bridges,/6ItMc51AeORUz6iIQxGnX3HEZaB.jpg
10205,Sigourney Weaver,/wTSnfktNBLd6kwQxgvkqYw6vEon.jpg
82191,Sharlto Copley,/em89OJJvBRX7kNJJPASmNKQujsC.jpg
9137,Renée Zellweger,/iNnPqkEF0hPWhmWpjyuLuUdbKN8.jpg
65,Ian Holm,/cOJDgvgj4nMec6Inzj1H5nugTO5.jpg
83002,Jessica Chastain,/lodMzLKSdrPcBry6TdoDsMN3Vge.jpg
3899,Ken Watanabe,/psAXOYp9SBOXvg6AXzARDedNQ9P.jpg
11288,Robert Pattinson,/3qZ09UE7lN6AtorfXFRYpEtSY93.jpg
77271,Pink,/kFtzIXVbyMgO71NHfRpKhQq1aA6.jpg
85,Johnny Depp,/k2xt6EUxQDwYRKIyI4IBdZxfs8n.jpg
59315,Olivia Wilde,/jYopRE6nhYGqpb64fVUKrbJVMy1.jpg
368,Reese Witherspoon,/o1z4UwW2137IViFIRk8AV8hWze1.jpg
204,Kate Winslet,/6qNnMsKtKz9si5rabpUEG85UfHp.jpg
5528,William Moseley,/6HTpmCaGhtLEY6OUhRaXYgldb0x.jpg
95101,Charlie Day,/c0HNhjChGybnHa4eoLyqO4dDu1j.jpg
24045,Joseph Gordon-Levitt,/z2FA8js799xqtfiFjBTicFYdfk.jpg
1333,Andy Serkis,/eNGqhebQ4cDssjVeNFrKtUvweV5.jpg
7962,Lou Romano,/1qOuqRzlp5BghzTkYSN3MsaEXgF.jpg
12077,Jim Cummings,/c0sQPRCM5Ri3F4gVyxPr4AcPmIq.jpg
2461,Mel Gibson,/jnqHMaOslt8cef2atSmOpGRvNla.jpg
112,Cate Blanchett,/vUuEHiAR0eD3XEJhg2DWIjymUAA.jpg
16431,Sam Elliott,/3DXgGHPFK2dOlwU1HqHrtTwluTD.jpg
16828,Chris Evans,/3bOGNsHlrswhyW79uvIHH1V43JI.jpg
6193,Leonardo DiCaprio,/wo2hJpn04vbtmh0B9utCFdsQhxM.jpg
76512,Jason Clarke,/quH4y2dto3UAgZOfaM0QriyRLPN.jpg
27578,Ellen Page,/nXO8DE4biVXY4UDYP0NdIY1zvXS.jpg
3896,Liam Neeson,/g0iIEyt9ILiKTG0g8K69US5VtLy.jpg
8784,Daniel Craig,/iFerDZUmC5Fu26i4qI8xnUVEHc7.jpg
4483,Dustin Hoffman,/yxNGnTiou25c3zjppT5dW2eWAve.jpg
17832,Carla Gugino,/dAqGOsHSzlP6RhaUURX2NrwITaq.jpg
109,Elijah Wood,/ayARmqAe9Aab1zg6FjJG0u9MEBo.jpg
17051,James Franco,/bjmAntHGiibLZixH8nTNVBzaFQn.jpg
3713,Frances Fisher,/3iNDgd54IIj8g8hGqhhUjM6TeWd.jpg
15897,Larry the Cable Guy,/34pX2sQj9DddaQWRBGukSWYdXxS.jpg
4939,Téa Leoni,/vWijsKTlNs9bgKdUVgsr2w4msGo.jpg
83586,Ken Jeong,/dfuDZ2m2A8nBb0TdyeqmlPOobJA.jpg
887,Owen Wilson,/lFxHIlcywMlYpe6wkW39sfBrqag.jpg
6949,John Malkovich,/7GoOdGNc4ra1L0F5nJTkmIB37iu.jpg
41419,Hugh Laurie,/akArncggHnusP5jxzMBKmJDRrMo.jpg
18288,Terrence Howard,/wXWt2NSY23v7DHe2yZQ1C8TikBp.jpg
7399,Ben Stiller,/scgpxhI05JpdNXXfmpK6z0rPOWN.jpg
88816,Noah Ringer,/eXobIl7swPrxEqPzacBJczsCrOq.jpg
6384,Keanu Reeves,/kEoUZKEG7dzbCESDjd0CKAN1r0n.jpg
9626,Rip Torn,/jP74MHyQl6R8mH7aZKHrrD2Qjj2.jpg
18182,Olga Kurylenko,/ei6eYUhQFw2AaV6U5fyPptBaPF0.jpg
10859,Ryan Reynolds,/trzgptffGvAlAT6MEu01fz47cLW.jpg
69899,Zachary Levi,/1W8L3kEMMPF9umT3ZGaNIiCYKfZ.jpg
6730,Sacha Baron Cohen,/irirhgOX0siCyqvMrt2hoJpXfOG.jpg
28846,Alexander Skarsgård,/6VNNddrSrIVgdzhXr4Zg89gmOzY.jpg
58593,Kou Shibasaki,/eEBNceN1MsDFibWVV3VIcEHygUW.jpg
3,Harrison Ford,/pjBMJVPpcZK23Vt1nzr1zEBTWrP.jpg
12835,Vin Diesel,/nZdVry7lnUkE24PnXakok9okvL4.jpg
9575,Jada Pinkett Smith,/3RyvVVSlgRbZANDFkYiAsRMaHW.jpg
21702,Ming-Na Wen,/eqCzFF83It56cUdjpskzvg8jgq.jpg
61186,Nicola Peltz,/oDizBpZEeV5c3fDp3Wts4TsFNrq.jpg
54693,Emma Stone,/cZ8a3QvAnj2cgcgVL6g4XaqPzpL.jpg
8167,Paul Walker,/q2PLqKHYCs35HR7QybaNPH3JT96.jpg
5293,Willem Dafoe,/ui8e4sgZAwMPi3hzEO53jyBJF9B.jpg
2888,Will Smith,/8TlKqbXYgHmmaEoPBJ7djJ8Rxxa.jpg
59175,Blake Lively,/rkGVjd6wImtgjOCi0IpeffdEWtb.jpg
77996,Asa Butterfield,/1IoQIesuvI9o1IpYZqdjBWvKhRf.jpg
131519,Rihanna,/piXUA7L0gWQNtnDPXtBe24C9FF6.jpg
2231,Samuel L. Jackson,/AiAYAqwpM5xmiFrAIeQvUXDCVvo.jpg
17647,Michelle Rodriguez,/wVcbrae4eRqGMFZz8Eh52Dl1biP.jpg
84215,Jackson Rathbone,/bTf1lKi9JpIryUgd2L5PWZaF8kZ.jpg
14409,David Schwimmer,/XtKzJ9lM5Xwa7vCmE4xNHy6Owf.jpg
21044,Lynn Collins,/ajPwDxFs3D0gbsaphHyB0ufWc3V.jpg
8945,Kevin Kline,/ArH5dACd9AmWNNMnI6bGEkiFYIM.jpg
477,Julie Walters,/bCTkV2OUgzbJdQEoCk3GesE4DXq.jpg
1245,Scarlett Johansson,/6bBCPmc55gzP7TR9Th4WbykrYd0.jpg
3063,Tilda Swinton,/dzjT4LKgs7eOma84GsPy78DsGNH.jpg
23626,Liev Schreiber,/26G7QjSb5ZazgWb9XB2X6SwcILQ.jpg
1233,Philip Seymour Hoffman,/50rqDkmvXwjwVhFH7q6ph2Rkw7S.jpg
3810,Javier Bardem,/p5xjCovj1uzvA2SXrWLH78Nh1Jf.jpg
335,Michael Shannon,/6mMczfjM8CiS1WuBOgo5Xom1TcR.jpg
25130,Ben Barnes,/k0tAM9XK0s4n0VQq1jX5cGf9uAa.jpg
18918,Dwayne Johnson,/5QApZVV8FUFlVxQpIK3Ew6cqotq.jpg
9188,Billy Connolly,/imqsEA1EPet7OvHx80VfTYfFcWf.jpg
2206,Samantha Morton,/v84b7MENeD9rwX6xTD7fSdhSOC9.jpg
11181,Kenneth Branagh,/AbCqqFxNi5w3nDUFdQt0DGMFh5H.jpg
5309,Judi Dench,/cpna5VGvAxuKuC31xJPBKy9zbnv.jpg
72129,Jennifer Lawrence,/mDKMsjOMytyBiy7MHNZTa7gp7wj.jpg
9015,Kelly Macdonald,/k0yVocTnTMWlNdaeOO7YRViCdhO.jpg
31,Tom Hanks,/oFvZoKI6lvU03n4YoNGAll9rkas.jpg
12073,Mike Myers,/gjfDl52Kk02MPgUYFjs9bOy33OY.jpg
6413,Danny Huston,/mNz9t7MNANopavbLgcsZMMQBJ0u.jpg
10182,Ving Rhames,/tOVDvu1EQP78AwaUw6uh1wN818E.jpg
37625,Andrew Garfield,/amGkwrFGIuNsbbCE1O84MJJ2ZSa.jpg
6972,Ian McShane,/qh9RTLbnr128TZLdGuXwUH9mdBM.jpg
12052,Gwyneth Paltrow,/ylN4A7fnnNXvHURENl5sQI8Jbib.jpg
12898,Tim Allen,/woWhZzFILVhYMAvsPL171HjMY0y.jpg
133,Peter Sarsgaard,/5UANyM4co2nwYPgSEmGeNlZRm7V.jpg
670,Ben Burtt,/7asFDWjls2bYQSfXJf5StjXmlhI.jpg
776,Eddie Murphy,/qgjMfefsKwSYsyCaIX46uyOXIpy.jpg
18269,Brendan Fraser,/tFj5PaWWQbb8rHBBhu1EHklznph.jpg
2963,Nicolas Cage,/y1RtezurZYveYkVNRht7CwEgSYY.jpg
5538,Ray Winstone,/eSRgAC98u5hQroeZzDeRf60XE21.jpg
2975,Laurence Fishburne,/2GbXERENPpl5MmlqOLlPVaVtifD.jpg
125025,Joey King,/94c69mPYSK9jFsAEu0OKB7Qs684.jpg
2219,Tobey Maguire,/s6PwSvq6gC7PGEjIku69tPbvR8M.jpg
72754,Elissa Knight,/exRLyaNaHcgawQA0DoBxo5IvdoI.jpg
64,Gary Oldman,/2v9FVVBUrrkW2m3QOcYkuhq9A6o.jpg
1896,Don Cheadle,/umhTmcVF26qZKEpSfG1ZNpcbs9D.jpg
1336,Jet Li,/c4s8INzU0ZAujCQ1YmphCmcsNzl.jpg
6941,Cameron Diaz,/d4f4cQ9EiYuvNMjT1IB2h06KoRx.jpg
28782,Monica Bellucci,/7g3k3u2gZpE7XU8GRYwHDuN1jlM.jpg
13922,Seth Green,/cUA8xt7zaGJV79U5GxbSazjeCx0.jpg
13726,Ned Beatty,/rUNNq9CYLkyOwnyGd8QA0LzhmJf.jpg
41091,Kristen Wiig,/oddvykQHx71hEZlvKinCzB3Vcfh.jpg
530,Carrie-Anne Moss,/xD4jTA3KmVp5Rq3aHcymL9DUGjD.jpg
60900,Taylor Kitsch,/pTFkwvE2URbbftiaofexfolhkH9.jpg
205,Kirsten Dunst,/yhLKGjuiMMdbGnFrR8AREkCZcVF.jpg
76070,Mia Wasikowska,/xOYlAZsLwFZ0gNHLnt1Hzuo2yqN.jpg
21028,Anton Yelchin,/uOMWKYOLezo4ETMtrQt7uQBLSBh.jpg
60074,Jeff Garlin,/8shJOwynglerVVxhOKbvDYTThBd.jpg
10727,John Hannah,/8GzJhaZrChZpv84SU4vAsvsR3cl.jpg
40462,Kristen Bell,/rP74dJXl7EjinGM0shQtUOlH5s2.jpg
6856,Kurt Russell,/6g1d98oH4miG4k0ZiZWmF3Dt0bO.jpg
1813,Anne Hathaway,/s6tflSD20MGz04ZR2R1lZvhmC4Y.jpg
66580,Scott Adsit,/vbbuugUWrZhxA7ASWYiGqdZ6Dtf.jpg
4495,Steve Carell,/cS7Cbyff6wFVfUGem497vy9LS7A.jpg
3234,Joan Cusack,/59UIeHZFYrKyP20lXqijtfTXglO.jpg
287,Brad Pitt,/n7HMim8RVpwsDqECprpeYzZggrR.jpg
66,Chris Tucker,/k0oLIL0xTgDR6Qn3yCsNuLCJhFT.jpg
955,Penélope Cruz,/n5SFgmvJSENQt8poE4qYacUnKOi.jpg
2176,Tommy Lee Jones,/mCiZNRAzbnPojJEZwVZWLw9kzxR.jpg
515510,Ryan Potter,/3Hdip1zNYrea3V7uzJQYxTps5Ne.jpg
3037,Richard Dreyfuss,/q2BPu6zWwFtnzQfpl4fgbKqURXM.jpg
19394,Idina Menzel,/eGsyJmAZNV5tUU4RYy2DIRlFVpW.jpg
58873,Dan Fogler,/zJWbLEjfbDthBMucq9M6L4GJXL3.jpg
51976,D.J. Cotrona,/mxm4UVHzHf0Z7YK1oAfzNSC0T35.jpg
7676,William Atherton,/S9W4deKuEa2K12ZiXwlvrC6J4U.jpg
114,Orlando Bloom,/lwQoA0qJTCZ6l2FH6PjmhRQjiaB.jpg
1979,Kevin Spacey,/nPrUZDEbGQe6jwpVbHKJCXsMd7r.jpg
6968,Hugh Jackman,/oX6CpXmnXCHLyqsa4NEed1DZAKx.jpg
18897,Jackie Chan,/nraZoTzwJQPHspAVsKfgl3RXKKa.jpg
6164,Josh Lucas,/ueR4CH32f22DGjFxuhnW1o3YKB3.jpg
16858,Lauren Graham,/3leQVZnthAZwngH7HAD6T7qfsVu.jpg
15232,Ty Burrell,/zXrrbvW2ZKHYHbhujDj8aBlO4yx.jpg
221611,Jonathan Groff,/3kmnYKAzSc3Lp7iK5pcj97Hx9Cm.jpg
7517,Kate Bosworth,/ezaM2jsyrxXWVFN1SbH3UfAgZaG.jpg
500,Tom Cruise,/maf8PhSvDCdEwjEMbYfGpojR5RP.jpg
84214,Taylor Lautner,/xyRXoKM7UQdijwmjpiCcLGPzcc7.jpg
4587,Halle Berry,/wtFetpWV8kjBsvzYKN9uEEmPdpy.jpg
116,Keira Knightley,/bRC1B2VwV0wK3ElciFAK6QZf2wD.jpg
4764,John C. Reilly,/iDQ8w4qcxU3le5ZWoCKpHs1QNok.jpg
1027850,Abigail Hargrove,/iDwsQmKlnqUnUmvt8NuItulVXvK.jpg
5526,Georgie Henley,/dW7ZQfrm2A4rVtZrIPbWOUXNvsJ.jpg
524,Natalie Portman,/edPU5HxncLWa1YkgRPNkSd68ONG.jpg
175826,Mireille Enos,/zza8XezUz4I5Is55H2totMbGLeG.jpg
82093,Daniel Henney,/elAolohpUG5nS99EZxHZjd44DsS.jpg
103,Mark Ruffalo,/5GilHMOt5PAQh6rlUKZzGmaKEI7.jpg
17604,Jeremy Renner,/yB84D1neTYXfWBaV0QOE9RF2VCu.jpg
558928,Max Charles,/wVnQgfJ1M7gfJhRSFrAfKZwxNip.jpg
1327,Ian McKellen,/coWjgMEYJjk2OrNddlXCBm8EIr3.jpg
7904,Billy Crystal,/jfcCceTnP7rrHz1pSjCxiqRosw3.jpg
5081,Emily Blunt,/zpJ7pupuNF3W0zTxm6yioGIoxbd.jpg
3036,John Cusack,/aCwCx6JU7Jxbg6Q1ygcnLY750le.jpg
5530,James McAvoy,/u4REKbm3zhFI2J5tVyqRovGRYUJ.jpg
9195,Hiroyuki Sanada,/SOwDxhGnRccP2lAtssQ7TxCzOe.jpg
7404,Sarah Silverman,/g5G711XyVokJm2RoItpkaHa8mkQ.jpg
10860,Jessica Biel,/31A4NhIUTz1vgHgpjYj16eYVQR6.jpg
1957,Sophie Marceau,/fnETHvczvqpmG0TxrSxeUUKR8Z.jpg
91606,Tom Hiddleston,/mclHxMm8aPlCPKptP67257F5GPo.jpg
42160,Ariel Winter,/1h0XaXnieP5CdTAeRGuALBJmD4R.jpg
11108,Simon Pegg,/jw8bEEoTOithyNf0qxu4Zt1yaKp.jpg
8691,Zoe Saldana,/iOVbUH20il632nj2v01NCtYYeSg.jpg
1230,John Goodman,/yyYqoyKHO7hE1zpgEV2XlqYWcNV.jpg
2039,Brendan Gleeson,/ctPPJu5ZYDZr1IPmzoNpezczrm0.jpg
17288,Michael Fassbender,/xvbnUiB2ZBR3QIt595OzNy657Vw.jpg
8786,Ayelet Zurer,/ea3MLLgsIdDhDLkjUCmkR0ZxjDC.jpg
880,Ben Affleck,/aTcqu8cI4wMohU17xTdqmXKTGrw.jpg
8783,Eric Bana,/l9yoDgw3YFC2gMD1HTo5djGOwSY.jpg
53807,Armie Hammer,/4Z5nLW2biRjqstDMKqSaeQYAesK.jpg
884,Steve Buscemi,/n0pZumkrcZrAPMoPq684RhYnjPV.jpg
65731,Sam Worthington,/mflBcox36s9ZPbsZPVOuhf6axaJ.jpg
5294,Chiwetel Ejiofor,/kq5DDnqqofoRI0t6ddtRlsJnNPT.jpg
62064,Chris Pine,/7mHvPL2TsfMBEeEmO0Iww8hpQXZ.jpg
1269,Kevin Costner,/608blZipRDZkDpzp8VItB64qMaT.jpg
2299,Josh Hartnett,/9JS3PeypxTmHVXOnLCMRzJzySxO.jpg
2169,Michael Jeter,/pNBf8X56wCOHH7cArsMYJuke4fO.jpg
8891,John Travolta,/ap8eEYfBKTLixmVVpRlq4NslDD5.jpg
8789,Mathieu Amalric,/fMhfoTbjlXQy2Iojp7oYx49hLQl.jpg
517,Pierce Brosnan,/dzXVwwJLPwiZeXOnf7YxorqVEEM.jpg
2047,Danny Glover,/2PJbpI9AyuhG4SWUIDxZwuBnuMb.jpg
2956,Amanda Peet,/5TfyCj0X9ftKO11FN057P05s78C.jpg
33192,Joel Edgerton,/2YzeeiYUbI94Ywc7MVMo1NcN6jf.jpg
88995,Adrianne Palicki,/qjONLp73Z5tvbuMe9g18Mb9hI0J.jpg
58737,Jack McBrayer,/cbr26xDPEiOuYQxggtCPbu5xhDU.jpg
5529,Anna Popplewell,/7GXEPxNCbc6EtnulCEPWnEvKJIN.jpg
30315,Richard Armitage,/oNoKjTOUNUiJ01UNQSCQDkt5EHi.jpg
10959,Shia LaBeouf,/kHS5Ft8gQn0Pq9m24qN049YgUsD.jpg
17306,Zachary Quinto,/lNRhutc6s5soEAsPAird3W3sZdy.jpg
3967,Kate Beckinsale,/nUZuC2chd5PVw2tLxePZ6uaLbhx.jpg
206,Jim Carrey,/y3U9QfPN6sJaGl6l68xjwWj28ig.jpg
18286,Nona Gaye,/nD6Gawyx0QOQIKsFtJXBWMzjLw3.jpg
59350,Chaim Girafi,/odxOLYdm8mOihxpkWzNI1FMdU1I.jpg
76594,Miley Cyrus,/7slnMlDLR1O65U3Hr8gcOmxDlZz.jpg
10882,Rosamund Pike,/8ObNklHDi2hjdz0ayzJFB9jtqzm.jpg
10990,Emma Watson,/mf0OANvWYSzU1d8yggrhyw8IbIz.jpg
19537,Megan Fox,/9khvk5svs81TLqIGlI3ZJqYtqaY.jpg
16855,Mandy Moore,/2n0rqUGojRNEHrmtPeCEptHREEY.jpg
3292,Nicholas Hoult,/pXm8GWTm9eIA8pUGOjvmYjlxamu.jpg
3432,Rick Aviles,/5gSlvykK09Y2t5gmIGn7440Na9A.jpg
449,Jay Baruchel,/1GYJeQzPcY9Pfmc3FFsBwClkCv7.jpg
72466,Colin Farrell,/oyQVfpowL9eSudYhwoPGkd9WxS7.jpg
4517,Joe Pesci,/zbAdhqbMfRXSz26TjxJvB5f2eL5.jpg
62,Bruce Willis,/w3aXr1e7gQCn8MSp1vW4sXHn99P.jpg
2517,Donna Murphy,/tmre2oZkIHGqnLhWeldpX2Ujgl0.jpg
17271,Brandon Routh,/iPonANuyk3eOHjADqd4h9sBwvX1.jpg
19536,Josh Duhamel,/5Rp9aeWdN2S623KCjwfii9MhDK1.jpg
73357,Eleanor Tomlinson,/A2lE5kvZE3tIpKwpAtKbjsMHpf2.jpg
38673,Channing Tatum,/4TpgnS6l8YUXSne9Av9nda6mjxY.jpg
17276,Gerard Butler,/i54XoxYieuff2w6MwyfwVUBvmR0.jpg
6807,Sam Rockwell,/afYhNpLwpa65Yy0Q0g00FNFhzx5.jpg
879,Billy Bob Thornton,/mLYyf6xqQk5U2zTvZkFuT99uUah.jpg
78311,Steve Valentine,/sH1oZYtiiG9c5NNfnn5ZH8GkIpB.jpg
56910,Susie Essman,/xeVB4LdahB3dvia0WqThHKoqwtH.jpg
48,Sean Bean,/kTjiABk3TJ3yI0Cto5RsvyT6V3o.jpg
13240,Mark Wahlberg,/1Oc3XSLyb8hxmjmlgFENu582Kqw.jpg
16851,Josh Brolin,/sX2etBbIkxRaCsATyw5ZpOVMPTD.jpg
24264,Craig Ferguson,/mBxNrOxdQeM7bVBveE47Syj9ES6.jpg
50463,Malin Åkerman,/u38qRcCAiO3SZdFKJKx3fncDyef.jpg
56903,Tracy Morgan,/ec0OJVbs6NZKMbS1yiCAJKjeoJf.jpg
55636,Donald Sutherland,/yM8WO2BYqFvgQXAvf4CIuCYnY4j.jpg
5576,Val Kilmer,/dZEGiq4XmCiXq9hmz0vVLId010z.jpg
6065,Dennis Quaid,/lMaDAJHzsKH7U3dln2B3kY3rOhE.jpg
18248,Mary-Louise Parker,/1ohhrIZ4OMlLx9DvHjPhQJAIP0F.jpg
16927,Gérard Depardieu,/cibkIAJN6ctlqHohhdDEcfbiCAL.jpg
73931,Bette Midler,/ooPKeoLvwacY6BRj99u7uvZCYlF.jpg
4431,Jessica Lange,/8pJ1eCqVwGJQjt5HYkzR0ZJpxEb.jpg
27763,Casper Van Dien,/jxRmw8gJYsJ7IG5n9B0PFzy2nHO.jpg
193,Gene Hackman,/wN8brfOI8AjngGchkQtFqfEPam5.jpg
221581,Rebel Wilson,/yuyRg1WaY616Uux3vP9ONsUjQTS.jpg
8213,Sam Robards,/AqYRpRgNqQopOU5YGfSFVSuIyl9.jpg
8944,Jamie Lee Curtis,/eb0lIt32WwrjtCULe5z6l9eBf06.jpg
12098,Chris Miller,/qKdbhP9amIRlydcoivWlTx3szuS.jpg
2882,Diane Lane,/6OfP3vFMuCL51zamFKgb8aS74hs.jpg
46393,Roseanne Barr,/oyY5lWTFzhymLB4sJ1OODseI3jR.jpg
56731,Jessica Alba,/jCImuXo4TqdWeIs4Hc2tO0U28LV.jpg
5292,Denzel Washington,/jj2Gcobpopokal0YstuCQW0ldJ4.jpg
18864,Tom McGrath,/83lSBvaRShYObPvhE89UDUkUfWo.jpg
4756,Matthew Broderick,/2Pq8pwOX5ZFfT2p5pNLGfvUi9Pp.jpg
234352,Margot Robbie,/8LqG2N6j98lFGMpuYsRUAhOunSd.jpg
7906,Jennifer Tilly,/9vYoYF385cVq9oDO3pDpXihP4vz.jpg
23659,Will Ferrell,/sXT9uCw7ceIxTdmL9XqtuYdNmgM.jpg
28641,Terence Stamp,/ept9urkuhPbGndVXkERw39R9oid.jpg
33260,Freddie Prinze Jr.,/8V9yNBjCNRBKROyjCLKLJGcCBdG.jpg
1733,Nick Nolte,/jpYzFBi6zfn8CHVaXmqgiOTas4V.jpg
4730,Emmy Rossum,/wq9ALe33ZGg38Yf1JsKnEcbhZQo.jpg
24891,Clovis Cornillac,/8wokcSilL7u4V8aKcagI7elKsgn.jpg
112561,Lily Collins,/zhJISAc4qi7xiHMzHMzUTgZSIRH.jpg
41087,Leslie Mann,/x3OS9RL3qsv50kzRtpR2OhbuTkr.jpg
65524,Ioan Gruffudd,/h2pg2XwJPcOWotHgiohXjEZUBLa.jpg
74036,Tom Arnold,/z2ajL1ozVCS4Ug04zOGCNH06OPP.jpg
11355,Jason Isaacs,/s6XRFjqUsrDJfDQuXPOoExAYPmb.jpg
2133,Dina Meyer,/1AQEXem8soBEKjjDhE0mOyXtjCG.jpg
234479,Dakota Goyo,/xHfxZDILa8JRZu5OoaXKiDa781o.jpg
224181,Jai Courtney,/6vEaNwbOKov6yzQx15CdtrqfK3L.jpg
40481,Luis Guzmán,/kSdxUckOJj9R5VKrLUnRy14YhNV.jpg
933160,Suraj Sharma,/uT1OLTyiDsAczXA2QtlFxWyWFTj.jpg
27631,Nathaniel Parker,/mtJ0EXQ7rJaRb3DiAAOPGlFLOzi.jpg
19034,Evangeline Lilly,/pJHX2jd7ytre3NQbF9nlyWUqxH3.jpg
33527,Adam Beach,/3ZMGfnRc7dYnAPl6ZSbGhqj6LHx.jpg
9205,Denise Richards,/mKRJ10xsz9dgDlEHCfqD7vD7zh.jpg
2440,Bill Nighy,/ixFI2YCGNGJfwlpI8iyhvVZRg8C.jpg
8197,Sebastian Koch,/4YFk0qauux4jn68mvIfd5EEtG2v.jpg
78029,Martin Lawrence,/y3SQzIPUPJpdueb1DkbTYph68nk.jpg
58225,Zach Galifianakis,/c2RKFiezoJfVlgWebO6mdU8fLbM.jpg
63,Milla Jovovich,/usWnHCzbADijULREZYSJ0qfM00y.jpg
4512,James Woods,/tLH7mpH4KqkWL5VgjueTbewGsfK.jpg
17628,Mary Elizabeth Winstead,/i1RjhPH8XypvR0W7zKCLrFxph4D.jpg
643,Gong Li,/m3q1rIEdZmOnUVC0MSo1FcIGvp9.jpg
24893,Franck Dubosc,/2sCXXZYrWSO1nGxuyVBGETj2wdE.jpg
53,Peter Stormare,/1rtpuUqBV29jDc1huUhtjGDbEwn.jpg
56323,Tina Fey,/yPTAi1iucXf85UpiFPtyiTSM6do.jpg
12261,Jason Patric,/iv21ZjE90f9QNiNONKF9Lp6ZD68.jpg
380,Robert De Niro,/cT8htcckIuyI1Lqwt1CvD02ynTh.jpg
32597,Dylan McDermott,/3i69RNLuL7KOD9pCmHQYruhcOdn.jpg
31384,Jordi Mollà,/9XsTmWLJ2qMXoUpcb105h6h5OUX.jpg
388,Jim Broadbent,/s7lXYfrsJoGA4vKmyv61SPgABmR.jpg
1951,Elisabeth Shue,/1pmjDSLvOuqKW1P2KRPlpFMeUFe.jpg
18352,Patrick Dempsey,/2PpaYtXdaDmNi3jap4qPIdyVesL.jpg
130640,Hailee Steinfeld,/dxSDWkiVaC6JYjrV3XRAZI7HOSS.jpg
15336,Dougray Scott,/fDjTHSZuUIEstxxBvHApLrU1fWz.jpg
18793,Kieran Culkin,/b5EC4nziLhBRX4GOcYx2BdS3FTt.jpg
8977,Craig T. Nelson,/rMh8qdexFKmc7mq7oLzsLLvCCjs.jpg
19899,Dennis Storhøi,/oKIPuT0L0jiXfqXIBRzpqrojsPv.jpg
21200,Will Arnett,/cXupYqk2ERP13XBkw816skYdVDO.jpg
76793,Irrfan Khan,/qkA9PpWJRw3rNjVkWfNZdwLvRZx.jpg
15577,Emily Barclay,/xGX91Byjuxa83yGadH375Ep9fgm.jpg
3085,James Caan,/atBi5e3x9q596rejXI9bYrFXryf.jpg
520,Sarah Jessica Parker,/tEhHY7Uyn8VktwLhawBRuR0tdaJ.jpg
18686,Holly Hunter,/kC7KX03VAWvogOCuwKbMo4V6TuU.jpg
2228,Sean Penn,/9glqNTVpFpdN1nFklKaHPUyCwR6.jpg
448,Hilary Swank,/uin6aAehUGpPCiJCaSjZG8B7M7d.jpg
5064,Meryl Streep,/g5cVxQBAQ3AXt3LhdBXtbbN47Uc.jpg
935504,Ayush Tandon,/iVq1xDK3dYPSAulHdDW2JiIlco1.jpg
3129,Tim Roth,/qSizF2i9gz6c6DbAC5RoIq8sVqX.jpg
15033,Justin Long,/7TGXeHw4o86IBm6xknQotpludXK.jpg
27011,Vanessa Williams,/30O1Af0wy6UBt8EpVRuq28tTGoT.jpg
18277,Sandra Bullock,/hPHGKPAWZ8gArYXMk225rrYPoyJ.jpg
38025,Kristin Davis,/61TjappibaZ1i8pEFlqwK2yrR2W.jpg
37260,Abbie Cornish,/AgIA8uPnwySIbqaPjr5jEXwZbS.jpg
8654,Matthew Modine,/z974QEHL12qUvLyk6hlWGAmDgom.jpg
60077,Douglas Smith,/rHZPWNxjIrpiHQnEOttscjTVvnm.jpg
21657,Vera Farmiga,/5Vs7huBmTKftwlsc2BPAntyaQYj.jpg
11863,Sarah Michelle Gellar,/sCpCv2ldnrAQN9NVQOE6PYxG8TN.jpg
2405,Audrey Tautou,/d1HVrV8zXy1FJVptmOCkHWG8Jf2.jpg
8170,Eva Mendes,/uj6IaUDEUB7swj46dPjHAi3TEk4.jpg
13242,Paul Giamatti,/wbrVVJRr5TwhDZuvijBgOorzcAb.jpg
228,Ed Harris,/kUbUA70WPiosPT4kBJMWtGk0ASd.jpg
18082,Timothy Olyphant,/7pHmRHE2wBNC9cBgNIRCBqFLoyZ.jpg
3999,Tom Hulce,/sQslzbyYZr4Qjv55VseLbbjpuMY.jpg
38024,Cynthia Nixon,/a366FCtQYmT80vQnPMFZ4hsTwuU.jpg
11006,James Marsden,/gmM9kCBzMeSGmkVXJGAkm25i9pe.jpg
8924,Frank Langella,/86DEo3sBguyc1l46606yVKD28T4.jpg
4589,Benjamin Bratt,/hBenHPT4iJEG2kt5z2TOGnkRZwh.jpg
1284,Noah Taylor,/a9VuohmpqbvcYflOpi0F3ck8L2j.jpg
155,Lucas Black,/w2oImwC4Y0RDtyvaKGTCFCKsvwh.jpg
8210,Wes Bentley,/voD93lzFZrr9xfAggwFcPRBi84i.jpg
9030,Thandie Newton,/hZQLvxj7nV7pBrRyWTvWVz1CDi8.jpg
4174,Claire Forlani,/tKVunk7XoOWPTS0toajbE3EjNdy.jpg
18792,Delroy Lindo,/kLwUBBmEIdchrLqwsYzgLB2B6q5.jpg
2387,Patrick Stewart,/ufqtnLh3JJjPbEgxEag3MM5nZyv.jpg
3416,Demi Moore,/gPgZSodybMFBodw7nKRTALONIr2.jpg
2713,Linda Hamilton,/7FNn9Z5xkRS9EFbGL2tpmpph9xV.jpg
4581,Steve Coogan,/tT7OXc2qA6hlREHXdwGLp0XihzA.jpg
4810,Rosie Perez,/g6iJNyIhVDY5NxZU1jbKMjPnNYf.jpg
33235,Logan Lerman,/ckcpgSvSWOhi8mvAfR1Cpsakg3S.jpg
1211,Larry Miller,/ajnXlXG20LJwAwxne8G94ucVj0v.jpg
1118,Rade Serbedzija,/1mJC5oD3pLH1vAS3wJ4sGNxYeqJ.jpg
16145,Youki Kudoh,/wC8MpgtCf2lC1BxYSGra6F1urtN.jpg
61962,D. B. Sweeney,/enY28APVRWfyHjGAkh6VCkYCWOA.jpg
69597,Drew Barrymore,/9xMu2GLC5otUcC11sEWC5aEAERQ.jpg
5374,Jim Parsons,/gbFlludUECPpy70K4tZLbOwmoUr.jpg
17522,Cécile de France,/8nzL3XON3VfUevvP2KvYbnbF5sT.jpg
58727,Jamie Renée Smith,/wbjf8Rmyg1d3wgyHms7pHTjZCDz.jpg
4135,Robert Redford,/hNiy78lk26xTE6tjisSCowcOVw0.jpg
56618,Brian Murray,/hjbab72rP0PopqbRHo3MKdPDd2s.jpg
5723,John Leguizamo,/kwYCdxTlDh9zauUCg4mp2XTCQTw.jpg
67773,Steve Martin,/d0KthX8hVWU9BxTCG1QUO8FURRm.jpg
53336,Brandon T. Jackson,/vkaHkhqqBreqAXARXspFvcjMuiu.jpg
679,Franka Potente,/aU6f9UemZsTkqKEG4l77zf6masg.jpg
1981,Alfre Woodard,/jaojqEDdOBWfDpQfdWIbvyLDy5z.jpg
140,Lucy Liu,/9nbtjqsx3De7hO2XDtrBQ7M9VCH.jpg
10127,Jon Voight,/oxLsItDwLddXu8YYJCfkddYNejL.jpg
5049,John Hurt,/bjNSzt1d7uK3q5PbtFXUJrRt4qg.jpg
17834,Jake Cherry,/gzThT5IjkJItNV27kRCQItzXJgX.jpg
11076,David Hyde Pierce,/9BSgq4yxjPry1Oghqq92S4wUIvs.jpg
60950,David Spade,/8tv638lAMLmYh8bSLICqPzbW3tv.jpg
65598,Tony Jay,/uj5BYkgIJ5xyjosHcwrTM6cemel.jpg
1204,Julia Roberts,/mQ7076pL4Ac0ZzY4w31labWIdQt.jpg
2462,Catherine McCormack,/vYyMCGKeIUTZMdEgVwQCgX7q1T3.jpg
15757,Ray Romano,/zWT03QvuVYySlrjmHCojKrNYjoC.jpg
18976,Ashton Kutcher,/qJlM29jTncF9GpmE0PPVwbp5iPB.jpg
4175,Jeffrey Tambor,/e4IkxsEo5O4oUWrIpXlEhWa6lqB.jpg
10768,Rachel Ticotin,/ihLzHGkgQcpUX26K5AtfG8VuYGB.jpg
109513,Alexandra Daddario,/mP3N1LTIaIG5Q0BHyt1XxjtIyYi.jpg
87722,Noomi Rapace,/zkg9wfbXZi9OqvwW2ku38zNC1Hk.jpg
5713,Chris Wedge,/bYiy2vcXgJq5XZdZ15uIhBhnBF8.jpg
35654,Spencer Breslin,/jqZRcEjEt3iodgXoGOZUaahozjm.jpg
70243,Eartha Kitt,/e1Lc2KU1ejimRNOMAL3mHegQFvc.jpg
58016,Anna Friel,/uY9ugiMtyvNp8cN7jvNZfin7sud.jpg
9625,Linda Fiorentino,/kG0O5DRNJfIgxqv9eXkCq8eeR9U.jpg
33,Gary Sinise,/olRjiV8ZhBixQiTvrGwXhpVXxsV.jpg
529,Guy Pearce,/vTqk6Nh3WgqPubkS23eOlMAwmwa.jpg
4724,Kevin Bacon,/rjX2Oz3tCZMfSwOoIAyEhdtXnTE.jpg
12041,Julia Stiles,/okcblz7pqeapHorLvxtxd3iNNic.jpg
1620,Michelle Yeoh,/i6fHvGt7Rb8oVyjjdQVV6vEHB94.jpg
18354,Bridget Moynahan,/7WuwRCcwtBmJZ64pNsLbwhQCEA4.jpg
16483,Sylvester Stallone,/gn3pDWthJqR0VDYGViGD3048og7.jpg
62862,Danny McBride,/sVFPzl2t5QlGudQKWAszIWZCXZv.jpg
3809,Francesca Neri,/1aDT4mtTdnp6xh60NnjUXI62Poy.jpg
1016168,Lily James,/7UN8GVsDzccK9UVYzMx3hooLyzZ.jpg
1339,Zhang Ziyi,/6DUCAJzpw06VoAA9VWrvB2g4dpq.jpg
378,Jonathan Pryce,/zwSv5uXzPTtmitFe39UdqnVwmdL.jpg
521,Michael J. Fox,/2JB4FMgQmnhbBlQ4SxWFN9EIVDi.jpg
11064,David Strathairn,/w5YM2cGefPnkoyIXCi2UrCQW53r.jpg
118,Geoffrey Rush,/npXFjaFQzBNroCEPllGPTZ5IisA.jpg
20810,Joely Richardson,/6OWUwieNiWcZNnu4h6gd8vyhxBV.jpg
21088,Alan Tudyk,/jUuUbPuMGonFT5E2pcs4alfqaCN.jpg
6213,Jamie Kennedy,/ipfv0IU3VYGOz5OBmi9WJi5autF.jpg
2958,Diana Scarwid,/jGxYoIVKP8neczCUPHxBMoOY8lH.jpg
976,Jason Statham,/pXGSq2UpcDE2NMF8LR56QZf5U1q.jpg
6368,Embeth Davidtz,/nwsdu9lOsKJ5v9RwOCc7kAiuxSO.jpg
512991,Richard Madden,/9QQFfVZ6PLe3WVmOL56wGNOnbGL.jpg
504,Tim Robbins,/3FfJMIVwXgsIXbAT8ECBSZJAncR.jpg
16935,Geena Davis,/bx9ufx5cS7FfHDFFeT71syBh428.jpg
1922,Catherine Zeta-Jones,/bBZKAbjNCGS9VpDKaK6TWGsL3ws.jpg
16940,Jeremy Irons,/w8Ct1q02Ht3sWdOSqfp3B85TzT.jpg
10697,Alan Cumming,/cXbcMoCtS8947or9K5cOQev1Mmj.jpg
16644,Dolph Lundgren,/fB1tOws6Gav0xE8LYlELEb82hJt.jpg
4038,Susan Sarandon,/jR6l2EfvvGA8qCzZ7MB5FT9ZLkq.jpg
8256,Anne Heche,/65LVuA01bmKCmr8yqY2Ae3IgeC4.jpg
19278,Bill Hader,/qyT50vQ9PQIEctE1IxDTEsBKstU.jpg
1248,Brian Cox,/scSjbFCTRngXlkJRoKptM5kQGw7.jpg
27972,Josh Hutcherson,/npowygg8rH7uJ4v7rAoDMsHBhNq.jpg
12097,Christopher Knights,/fsdaXx2ytNx2KEW438mlFfSSzkc.jpg
15563,Anika Noni Rose,/d7aLtuNXBqVtqNnZl8wXsFV4ML5.jpg
1038,Jodie Foster,/5emVgsLFlU6SmeBIFsF2Y7aqwtG.jpg
54826,Traylor Howard,/ymB8T4c0ech3oL1G0EhdlEWWg3m.jpg
9824,Diane Kruger,/o5gVowcjVw4ThYi0L3883Y4X7kH.jpg
4937,Vince Vaughn,/qImHvsd7SFJh46Ujx50xUfkeMNz.jpg
13,Albert Brooks,/8iDSGu5l93N7benjf6b3AysBore.jpg
4430,Sharon Stone,/5lYs0HaAvsXPZJpMcndbSeQdPgT.jpg
20480,Taylor Momsen,/u0RWIWMVaUNFYnDflWIJGJ3fzWt.jpg
1772,Anna Faris,/y3YKNr4qPPJZ9w4lR2a3yySKotd.jpg
12930,Gaby Hoffmann,/bMdxuHqCJkf4dAFKleYRs2GXDN9.jpg
57599,Seann William Scott,/mKc2YXdh8d4U2jYDwpLWaOY6Jwg.jpg
96066,Liam Hemsworth,/7UIm9RoBnlqS1uLlbElAY8urdWD.jpg
1892,Matt Damon,/At3JgvaNeEN4Z4ESKlhhes85Xo3.jpg
1372,Karl Urban,/6CkZLwEJxfqqcJHyeXegMAvOlPh.jpg
94185,Shailene Woodley,/tqNlTcDxDFQOQi0GpEtx0lqQyWt.jpg
21180,Justin Bartha,/AalKjN8nR8RZ8g6ZdWV2smnQq4d.jpg
66252,Bruno Campos,/lktLbyUXwNX0FV38v0JBJIbbJZr.jpg
239996,Benjamin Walker,/jwM8BZ1hVcbzfs9jNndVmaocULF.jpg
14,Ellen DeGeneres,/z8IEEid4z63CBlJtxrTKEfsW7NA.jpg
5724,Denis Leary,/tAOziVWQBnrW9eR442M6g9SQkmA.jpg
3131,Antonio Banderas,/fce7zl6elUzsv7wudHFc7RgFtjD.jpg
8985,Margaret Colin,/tsg9bGtD1mY1FLKIeIFUNeD5jpm.jpg
65827,Keith David,/zM6WKGExJ7cn0Id1FiOXXRpvTts.jpg
25438,Ed Speleers,/hDWyZwBEMRklqNllfUinYajJJk6.jpg
92404,Joel Kinnaman,/cVfYzTyQdJ4xtxKPZe7IcW3BJN4.jpg
15440,Jared Harris,/jAyPWkmge3BqXtgxIG9MfXBzOGj.jpg
587020,Theo James,/lSC4cMhcQeCjPFkK6qCjSGDSeR3.jpg
12,Alexander Gould,/zzfj8LHhSiRntnyThvOBirEEmII.jpg
2037,Cillian Murphy,/2lKs67r7FI4bPu0AXxMUJZxmUXn.jpg
514,Jack Nicholson,/hBHcQIEa6P48HQAlLZkh0eKSSkG.jpg
15152,James Earl Jones,/oqMPIsXrl9SZkRfIKN08eFROmH6.jpg
65535,Alice Evans,/bnqD4yDORWpJg8uQjwsngZjZdgd.jpg
13550,Elias Koteas,/luevjlGy0tYQbAbcz0mVxCYqegH.jpg
938,Djimon Hounsou,/tpvtxxvCx2Mb5DV632hmuYlHoiY.jpg
454,Michael Peña,/afs4PCiwn8LR93a10drULLVeVLo.jpg
2232,Michael Keaton,/tYSja1KByFnZ4Hkp3stPqkKHnNL.jpg
17380,Jay Chou,/7kQYk466uzk58BrzPBHFyniRt7Q.jpg
108916,Rooney Mara,/zT6UyHFHEQ9RcKykplWCycKBnoS.jpg
7055,Sienna Guillory,/nO190bAQxXvZH3DG9rZto0eocLe.jpg
1811,Randy Quaid,/rGWvDokcMLIwck10dKIutSoTM9r.jpg
78729,Nathan Lane,/xB4LvCE9Ur7bHHveBN9EZOQmAC6.jpg
2598,Sophie Okonedo,/ws5K51bOHWwJWtOHZqxT2W5wm07.jpg
46593,Emile Hirsch,/NQjX6KjtDDyLnvbxhrU9xQWaYJ.jpg
52848,Isla Fisher,/vVeKcMyFMPcIDLYNAnGSGnQrJ3k.jpg
27319,Christoph Waltz,/jMvLGCVXLaBqjRLf5olyvEucZob.jpg
120724,Jaden Smith,/aXCn1kRjs4sZS55xSrdmjbht7SM.jpg
5916,Rosario Dawson,/1mm7JGHIUX3GRRGXEV9QCzsI0ao.jpg
6449,Warren Beatty,/2GYwpXNatmHRUNQgxicexrlDfjx.jpg
80576,Max Records,/6t9HaDB1FQXOKGigGsKh3EYmviv.jpg
54421,Janet Jackson,/qNUFuXg10cH7n1ggFgOaLbjBglg.jpg
53714,Rachel McAdams,/2zyOjda95OfAAsJvuwTV0UaznPZ.jpg
1231,Julianne Moore,/3YF19rWusxWfEI59ZM33dFhasRq.jpg
37332,David McCullough,/3YIvwk7vF9ukVpRp1Nb5SjmCxAa.jpg
1461,George Clooney,/dt0a7DT0SQeHb7NpURD6ifyEzsN.jpg
515,Glenn Close,/4VHZ1GfLwN7MUgApy0LCBzdDF9L.jpg
6886,Christina Ricci,/dzB58d6fNrTEi7nBAU1tySJc2at.jpg
22123,Jordana Brewster,/ceL0zxeVbWfCfhoIDZIE1NYqBWb.jpg
110,Viggo Mortensen,/vH5gVSpHAMhDaFWfh0Q7BG61O1y.jpg
3092,Diane Keaton,/A8B3BsFgbmw2WEmJuQX38qeU9eR.jpg
38664,Sullivan Stapleton,/vWadhfczxktoYQBC6TaAk6bE6Ci.jpg
17141,Greg Kinnear,/iJezGc9XjY0DFPs00SypkuKImFK.jpg
2229,Catherine Keener,/n4CTwGszs6cwS1wJRlDQ5Mlh7Ex.jpg
35219,Corey Burton,/wcpFwdL7m01cZoBJiUSMQVakK2G.jpg
2955,Chris Cooper,/j0sQDzaDlnNAdaYhy6HRRAFi22.jpg
20508,Iain Glen,/d9CKAAiV1HvSnzzmpDzD0mC0HlX.jpg
39995,Michael Cera,/lFKyW2C7xj7X4nWpOEbVIDGOKrH.jpg
1164,F. Murray Abraham,/p2RYVGdrcP0m70BkkiKcwyrDeim.jpg
882,Liv Tyler,/aYlqS4wYuNCiN9wmvDwKRAE9BQ9.jpg
28657,Matthew Fox,/6VIfueb4j3GCsIhxnstsXlY5C3Y.jpg
15531,Ossie Davis,/ubOu0TvauzO1gdPe7eVSJuCx8Rz.jpg
10912,Eva Green,/8MqXy7Jd6HsRSBFK05J0KrR2x5Z.jpg
18892,Goldie Hawn,/fz4VjpUJO5i0BHhEgLs9HAUD2fJ.jpg
54470,Lauren Ambrose,/67oLiPwWKhy0zqdfm6NX9cXD5is.jpg
55152,Campbell Scott,/lJCxZpQru76zBeuZGxc0Gm5Pm9y.jpg
52300,Claudia Christian,/bwmh731OxEyzgtR95nRraLDZLyB.jpg
9994,Helen Hunt,/bdhW2Ra84cJG3B5RDzUO6niUTO7.jpg
819,Edward Norton,/8nytsqL59SFJTVYVrN72k6qkGgJ.jpg
15556,Rebecca Hall,/u1Q7HF01llNzx0yx0A8g2W0Xj9L.jpg
22226,Paul Rudd,/6jtwNOLKy0LdsRAKwZqgYMAfd5n.jpg
17838,Rami Malek,/mESIaMPIPxtyWDQ6DAChUBobOp5.jpg
17286,Lena Headey,/cDyZLf8ddz0EgoUjpv4jjzy7qxA.jpg
1771,Giovanni Ribisi,/8EAiS9D3YtGOrwNM0OrwmDpWK7s.jpg
71070,Amanda Seyfried,/gtBUIpZ3dvLpOMIVORxE6sHSyZj.jpg
4783,Sam Neill,/iIfuxalf37xUayuGyK0zG7z6WEZ.jpg
1893,Casey Affleck,/304ilSygaCRWykoBWAL67TOw8g9.jpg
2053,Bill Paxton,/aLdNe6mt1cSi2zWlUYRregzfis5.jpg
116277,Nathalie Kelley,/wawAz251CPJelmOVwTeNvjrYnqO.jpg
6355,Roy Scheider,/y0MTwkCm5fIKjM1xH90tZbjAHql.jpg
5577,Chris O'Donnell,/KvWBFg1aMBdu4X2PihXYL8xcFD.jpg
44735,Jesse Eisenberg,/yYhwWRcxDHTn63gSEF1vnDAD7cD.jpg
192,Morgan Freeman,/jPsLqiYGSofU4s6BjrxnefMfabb.jpg
73421,Joaquin Phoenix,/u38k3hQBDwNX0VA22aQceDp9Iyv.jpg
5587,Hank Azaria,/uON3TWSySIy8wbDhkSzmFTDM6XO.jpg
11856,Daniel Day-Lewis,/3kNA9VcmymoEwT0btQ4bvMYxzcP.jpg
5168,Gabriel Byrne,/9r9oDGENg92VYYFMkV4C09IUlrb.jpg
3905,William H. Macy,/hdVEGSrP8qWlJnt0v5vSVcGOjy7.jpg
2130,Cary Elwes,/9UszBdQJ9PmyBydIeIBxlStozhW.jpg
501,Dakota Fanning,/hwcO08SVWkelfvgfIa5HsTMxsK8.jpg
478,Jamie Bell,/xAfNYOJYOy5ee9PHbBF8Y6xzZ9I.jpg
17244,Hayden Christensen,/hqEgJYEUvZvL9ytmmiYBbbt63qd.jpg
19292,Adam Sandler,/gLkLCsQdwDDPabRhKPB25nGtKwS.jpg
935,Connie Nielsen,/gSQ3O3PJ6ly6nT63joOtfZyscFP.jpg
7166,Kevin Pollak,/jWhKIVtmc3vIoS2l1VsdNwMAMJB.jpg
856,Ben Gazzara,/eGvi9AtDsxB3HYarc3hB512R0Gn.jpg
1006864,Ni Ni,/9htVCCREXhXxxa1V5ev386wjD1S.jpg
76792,Freida Pinto,/tub18dfDNMxlempVIuPXh8fmZVs.jpg
59192,Emmanuelle Chriqui,/tFnpUJLzbIoMj4F3fLAe3oqkexG.jpg
38026,Chris Noth,/9awGeDN5MSbSefDMAyMglm96vcy.jpg
61697,Sung Kang,/ox4ti0WmpJoN19n3iYJ2T2vHP5f.jpg
33449,Essie Davis,/mwJrRr9bdlUZFZBNDTgWxAKAdqR.jpg
502,Miranda Otto,/szME1IBVTLgiKrO5D5wvOGnvUDW.jpg
34195,Jayma Mays,/n8tY5eVXje0vXTws66YAdEeHMy5.jpg
1019,Mads Mikkelsen,/AsX4bdvZ8UCayWTmAf9lAqOA8V7.jpg
41686,Neil Patrick Harris,/r2twLWLwDpKJ7JyhWsD1YsL7rJV.jpg
7905,Mary Gibbs,/nqYOXIaf8ztfacrludRtS1Bytzz.jpg
12074,John Lithgow,/ajfuBSm1HuVqFJlbTmAlza62Xxr.jpg
21007,Jonah Hill,/cymlWttB83MsAGR2EkTgANtjeRH.jpg
1031246,Tong Dawei,/rU2KjybHgkoeNeuLwoh5dYn6E2M.jpg
328,Brittany Murphy,/uLOrqcSk2h5o3ekNfcuGFDzN13W.jpg
9640,Haley Joel Osment,/2rnMTQB9Q3vLtmRyyUaenVwSgfY.jpg
19898,Vladimir Kulich,/z6pfLx4kJvqWj501SIxExu6rYFi.jpg
40176,Art Carney,/dXuApUbw2Wlfj5jg3Qv4PwCanR6.jpg
10696,Famke Janssen,/uvZGwNsLqe9NyA57Qlt46IkO8Bd.jpg
418,Robert Patrick,/qRv2Es9rZoloullTbzss3I5j1Mp.jpg
11664,Zooey Deschanel,/oNnMSaLlPyieTc01ObJZb7ezgGq.jpg
1518,Frances O'Connor,/tWGMS7DciV43tlxA6UEc2UqxrhL.jpg
80927,Leland Palmer,/YJKhptxL9dHdWY7nVKsAA9fe5r.jpg
23229,Carice van Houten,/eVJqjb7D4FPRcZZ4nqtBk1gnkkj.jpg
10695,Izabella Scorupco,/Av7fykzXL701au42sTbhufHpwwv.jpg
18979,Christina Applegate,/ncWS3iguCMCQ53ewacGpMGA6MHv.jpg
58319,Jason Scott Lee,/7jObZCM3diuPV0WlKkzOd4uE2CJ.jpg
18514,Asia Argento,/dYbYNxMnqhNyAJyrPU7e2C9jcRz.jpg
20030,Jacques Perrin,/lGbDfSdDgFg3QHgungWIDsV9uh7.jpg
11148,Joan Allen,/aLYQFv11lb8hyBuP7ewkuxWbK8q.jpg
2978,Max Minghella,/AhVDxsOOoAnwwVBL7ZY8W0mGsYJ.jpg
1246,Emily Mortimer,/oZ4CZW2eW8lL2alD1mwZrFkfACI.jpg
23458,Charlie Cox,/jBHDZ8MA4I7krNQx4IfqdfPfleD.jpg
32895,Kevin James,/3WPW5duZyQcjveefxwLULgIyhM0.jpg
17441,Lou Taylor Pucci,/25lfbMJruSG5Kmv1zdKfMyrZWB9.jpg
2372,Ron Perlman,/pOgMRdJhbBsvwGLRFXPRASTfcay.jpg
78798,Tom Kenny,/dKOxpGnRkIMaPkZSHKIns99WxQa.jpg
13301,Quincy Jones,/5gLBCGdhwCXmA0ns5E3pMmIHvpv.jpg
14591,Jamyang Jamtsho Wangchuk,/jpwdE6uAklGzWJ2YssS50Ch5k9T.jpg
1579,Maggie Gyllenhaal,/vsfkWdYWmA9CpzMHTJzrFxlDnEZ.jpg
25072,Oscar Isaac,/dW5U5yrIIPmMjRThR9KT2xH6nTz.jpg
17787,Phyllida Law,/iL3UchWZqdk6RabqDZW9HBcJDwQ.jpg
4757,Rupert Everett,/g0kqfIxf9eIV7rOMQcbebsgMS9Z.jpg
82702,Michael Jackson,/oc5FWwO5VYBjkKkIHTxoCtFXJ1G.jpg
72494,Rie Miyazawa,/wWyTzhbgZZqnNGBJIYzDh8ORFs3.jpg
990400,Victoria Foyt,
4443,Christopher McDonald,/gK1XhbfD9Xd8s3VXRPpgDCluyZp.jpg
1243,Woody Allen,/wcPQgZLDibuej1RwNTy1R2U2ZJw.jpg
35690,Shawn Wayans,/Cat25uXhB680QLmvg9Tu16W563.jpg
13633,Mark Addy,/xTYkZn5Z1VZ7L7V37hzsVRSyrY2.jpg
7059,Heike Makatsch,/plwQwvsMG18F3eiD0rWN1Vpw75u.jpg
34398,Bill Fagerbakke,/zntKKc1uT53BnIihmzbq601eWKZ.jpg
11207,David Thewlis,/sNuYyT8ocLlQr3TdAW9CoKVbCU8.jpg
2233,Bridget Fonda,/ylGktmhDCLnaaV8owSPL8cVlsbn.jpg
4758,Joely Fisher,/aHJxw4cbpoxvi7LNbnuA1c6jPPO.jpg
58224,Jason Sudeikis,/uuacnP9DOHMsmj8FhBi0cWWDgrn.jpg
18460,Adrián Alonso Barona,/eAuuznlFGH9DDpCzYGeLE8c0k46.jpg
1083,Armin Rohde,/h1CuhGgADJFD9vw1IYFskJK9q9V.jpg
32,Robin Wright,/d3rIv0y2p0jMsQ7ViR7O1606NZa.jpg
57755,Woody Harrelson,/igxYDQBbTEdAqaJxaW6ffqswmUU.jpg
1920,Winona Ryder,/dlffgYbqr1BllWacVLhAFw23nLl.jpg
173810,Sayed Badreya,/sVvwmMsjXd5YqyZEfWcWQEkBScu.jpg
70615,Rodger Bumpass,/lGQkw6adxqB6Hcm7VK8nVHbKupe.jpg
51856,Jenna Fischer,/mfKRbOHTPNi9jFSthtjl4FGVZv6.jpg
20644,Aasif Mandvi,/hoBCqgxK2JqV3MOQYncHRMfwu8V.jpg
1308445,Carrie Coon,/vWChiHhXFjZVKC6HbACyyRFmdW4.jpg
26510,Eugene Levy,/epZE1ZohKhEFCdCKYFyvtJEj0I7.jpg
10399,Teri Polo,/5xVk9bfMOeJxKmAGJddOhcNp2rX.jpg
41292,Keri Russell,/u81mC6vZwliDRfnX1DpdGmmex61.jpg
19119,Mélanie Laurent,/i99ogEo4gQyanCmHWYYoS6hsUqL.jpg
1580,Daveigh Chase,/3PVQPEc6nXNX2eoW2UbsfVikc7H.jpg
20089,Jena Malone,/kGwV9iLmfUxJ6a73ehr0QvAnc8C.jpg
2983,Mark Strong,/3cNmatYsoifytg7TfQhI1EHow3v.jpg
3136,Salma Hayek,/1qfYF7NGRObmeKR7IVXUFVIC0CN.jpg
35013,David Oyelowo,/7UZHRwOKe2cYxj8SeNUklyPYkns.jpg
9029,Stephen Rea,/e4zy2Js6Yz7G2dGYZh1vZRAL5DI.jpg
17064,Ben Whishaw,/e74Cz65ifeNb9zHfUTvF5rTix0d.jpg
2505,James Cromwell,/17AIez58rJyk7EzU5a9L2r6Tn3u.jpg
9777,Cuba Gooding Jr.,/2JguzbpOXoTGzSmLbWFlulKyyAe.jpg
239019,Kit Harington,/iGXlJbExWwZmo9sUDsYuzf4Sv4y.jpg
49,Maria Bello,/it1f5mxiGIWO0DzTBfwtLTjphZb.jpg
13333,Vanessa Redgrave,/d40DWvfq40LZlJZESk3wWGYU5oa.jpg
15735,Helen Mirren,/1reKRrsdsHXJaRVHVyOEg4oPTcZ.jpg
11512,John Heard,/zjhcxrCFK4q0C1gtVmeN8FeqCw0.jpg
7673,Bonnie Bedelia,/2dCd7HGOfmn4x7v97EcNIwy12io.jpg
11024,Kelly Hu,/aE8K43akwifeAPpDFKiEJ678Bvn.jpg
8177,Michael Ealy,/rOaJMKiy2JcwhRuJZ977kOvFQRS.jpg
121953,Stephanie Szostak,/ejqFLxGCQ2CTRr63P4qgqVTpAFP.jpg
70456,Emily Browning,/silK3Pdugbf1YOtIdXev1eZxzvF.jpg
11703,Kerry Washington,/h50ibjjpR9lF566PHoV7u7CuWGY.jpg
34847,Emma Roberts,/rUK616pPe8VGvAK0qmKOEbA3iIx.jpg
4690,Christopher Walken,/ApgDL7nudR9T2GpjCG4vESgymO2.jpg
18750,Annabella Sciorra,/p2dnBSjLzKxldrHCQZYmVq0LcFw.jpg
67817,Alexander Pollock,/grnmmOHtmxVEM3lb4s8vBE6yKxm.jpg
11661,Kate Hudson,/s79lH1QzEg2fkXULKBxRmU9aNr8.jpg
17764,Charles S. Dutton,/eNLs4JLILqSY50Tq5QMkrlBxD0H.jpg
2954,Jeffrey Wright,/yGcuHGW4glqRpOPxgiCvjcren7F.jpg
53650,Anthony Mackie,/kfTwOYr3iUucmYz8kPjhYy07G2Z.jpg
9827,Rose Byrne,/6YauDiiTBwRGC1xnwspPmNvPWUu.jpg
11705,Michelle Monaghan,/xpNSu7oCD81L3YxcVhqhInyI5JR.jpg
10779,David Calder,/7l4WZ0IufRCx3A0AHwRAH7K2Ccz.jpg
11066,Hal Holbrook,/rjUwo6mSutAljAHTqGhlnBBd9lO.jpg
4687,Patricia Arquette,/jeThSouMatiuRiLkjDvSBLHpmq0.jpg
60255,Jake T. Austin,/tRqrikX123Z01WRKwAEmURcSV7V.jpg
9278,Jennifer Garner,/ftymEXqdTnXfaI6dGd9qrJoFOSE.jpg
12438,Bob Balaban,/qceORed11dvRnxQjVGexPvgF5Xu.jpg
53283,Jonathan Taylor Thomas,/lv1ZNrdFGMa8lYjwQyJqePONaDY.jpg
12640,David Duchovny,/rZ2pEvu9IYsnHx3ElWUy4KgK3ia.jpg
935201,Diego Boneta,/hgEcC28oljaPBYi7ONMToQYMHMA.jpg
17289,Rodrigo Santoro,/d3MaF9SPHDn2PMYHuqdnO0Csik6.jpg
143240,Julianne Hough,/gFVAIfRzOEVWs9PWJGA93Ttc6zw.jpg
6857,Jacinda Barrett,/gWiUe9tXD4F3aUxb7NJ3W6aJk3M.jpg
350,Laura Linney,/yIopIq7l7eIvjoQqnZJkpdQEvds.jpg
61981,Michael Clarke Duncan,/3RX8OBqt3gbvFwKYZqiom4O3Ta6.jpg
166002,Itzhak Perlman,/yELJweqEW6lzEIKlZJNQbEZprD8.jpg
1037,Harvey Keitel,/7P30hza1neYWW3r7rSQOC736K2Z.jpg
23678,Michael Jordan,/ffwq9sh7213MuPojsjc3x86QGOQ.jpg
20803,Zuleikha Robinson,/838l1DBT6LqxI9Lw5qXrDpIqEzW.jpg
5411,Sanaa Lathan,/mYrlBt33pPbdsgscTuWdHScu7md.jpg
31029,Kristen Wilson,/ld2W1mIvaS0yAd3pHW2wyeacg8v.jpg
17346,Robin Tunney,/vOmWyYNoVEaPPvoto4IW8dSXn7I.jpg
21594,Chris Klein,/56kCtPVfvjm5IRPa2GyaQHTPIOy.jpg
12214,Gillian Anderson,/5emeOf49lM2WSs4rc186Wc9Zgs3.jpg
2524,Tom Hardy,/d81K0RH8UX7tZj49tZaQhZ9ewH.jpg
9825,Saffron Burrows,/2qMLZh9XWquBt7TZF9wmDiOtJdm.jpg
16475,Burt Reynolds,/iBtcPHUOhA3xH3LMPLRJrQRKI3W.jpg
58115,Eric Dane,/4PsLKBKN4e0zRT2oS4BjE8Xu1un.jpg
16273,Simon Chandler,/uqiDrIp84VEJY3vPCr95Cxp4mKY.jpg
51329,Bradley Cooper,/sQq0nft6YZmJ7EMQwPcbaxym3AL.jpg
5004,Omar Sharif,/pnDxqehpEwmJhXdS3SMxKCfDuHD.jpg
1711,Mackenzie Crook,/lN96i9ez4FUrQgpYdLMYr0l3Ggy.jpg
14386,Beyoncé Knowles,/2HbjNtiCtmbArEnELuDFU7knaVK.jpg
5412,Raoul Bova,/hJQCTTCB6mCspjjhOkXQ5u0ekWj.jpg
66896,Raven-Symoné,/vIEKG0JH3DFnhswCL8bYejfxfRi.jpg
36424,LL Cool J,/dpOHjasRJz7rk9CVutd6L9WnWTc.jpg
5725,Goran Visnjic,/2jFpq46QPjCbRmmGYdW9WSVC47W.jpg
12644,Mitch Pileggi,/ufAWo3HkALg96aEPPoY8C1YB5K7.jpg
10823,Kris Kristofferson,/efD2Uu8QYBN7ZWSFa79mm3Pkk4L.jpg
11662,Jason Lee,/64tEXo3xR9IFXsIJKSlJ2LUrrEA.jpg
66193,Chris Sanders,/6CtrIOCxggJ5eIAWeFQqd4Hs9FP.jpg
90778,Orianthi,/4MGPiMfoTOwJlKzx4nG5n1Vul11.jpg
516,Annette Bening,/kGslMAWcpv8MKzODhDRDkFE0uX7.jpg
27105,Ed Helms,/gPZ8tZaNQGAc3KZRIPp9rgGbEnN.jpg
3897,Katie Holmes,/gDhc9rLbhpXdY8lISD7yPiIhvp4.jpg
132,Scott MacDonald,/pBXNUejSwDHfWCD9GgmvRbIPBdb.jpg
139,Uma Thurman,/sBgAZWi3o4FsnaTvnTNtK6jpQcF.jpg
1125,Ewen Bremner,/u80rtfJRqCg4qKcdEPmYv8IkCvu.jpg
11008,Rebecca Romijn,/doqFBHNbNhoLF9RX9SYPqwu1mvd.jpg
10862,Dominic Purcell,/5GtHSYdnH7o2x5UIm09XqqLoJKO.jpg
14405,Courteney Cox,/cSOORhCRPJiwKghozXVXrOBi3Tp.jpg
8785,Ciarán Hinds,/d8wLIX9VYgwXRGSp1gmUdUxmApv.jpg
8435,Stephen Dillane,/qjIa6pXD4Z7nL7nH2LxyHDfxNgC.jpg
8534,Kathy Bates,/qZRTzTjV4OC1Ii9a0n8QBS9zMOd.jpg
1158,Al Pacino,/m8HAAjq1T75JypKk0v1FFQn4ysZ.jpg
5590,Elle Macpherson,/eIuwJxRydMeHnyjhFPPzQ88Hbx1.jpg
198,Dan Castellaneta,/AmeqWhP4A46AWkM4kVphg6jOTQX.jpg
289,Madeleine Stowe,/k7iQLoCP11e7iVMp1LQimUQLZe8.jpg
2518,Gregg Henry,/j17nuAFulrbYP34g4Qw8SZRDNUo.jpg
87773,Aishwarya Rai Bachchan,/tXlRA4gZgUiKx2P1odBpyXjnkbX.jpg
3128,Alicia Witt,/vQ2McAjHjY3A7oDrPMx6aLSsvkW.jpg
78198,Tyler Hoechlin,/9AAjJeq9b0GyO0LmKQ9LHb9rzw0.jpg
5472,Colin Firth,/4VBeYEUQbfhnivdkqInM36u5fda.jpg
3417,Tony Goldwyn,/A3hXimbzDtFxQ1PXNo8gG7RZeN4.jpg
8329,Radha Mitchell,/bSMnlZcJtwobKekX8PTqsyA4TKL.jpg
8169,Tyrese Gibson,/jxoy4fbXNKFQtBdK73cLXEz3ufS.jpg
6614,Cole Hauser,/1SNoIDILoXtAUJu4f7nDCPVQH5j.jpg
199,Julie Kavner,/87kSPYlWcHvqOVEkhdqxysiAf6w.jpg
9780,Angela Bassett,/tKnuviliyeKNGlo26IU5gIrJAtd.jpg
2878,C. Thomas Howell,/739YbFWpAYyo9neHvBGThgmT4YH.jpg
11315,Noah Emmerich,/qwPPHYWJ3a9yRwFXicbbHsf60Nm.jpg
84497,Aaron Paul,/8Ac9uuoYwZoYVAIJfRLzzLsGGJn.jpg
2224,Christian Slater,/6ww3uweEEXMlvtNjTlgBHxLErPF.jpg
21089,Bruce Greenwood,/AmfylDaijUHq8cHMq002xfkW7Vk.jpg
10431,Jennifer Jason Leigh,/9nT2mbQ9P8UpCXirssDxDT75jlm.jpg
18325,Jeremy Northam,/lnvV2sEAl1oUkUuUEr51UjxIuRr.jpg
4491,Jennifer Aniston,/7sQcYpMkmZMc2pXnkmAuYzNVhXB.jpg
25541,Katherine Heigl,/hjtNdbdy1qn25y5SGl71y8nR0Kg.jpg
200,Nancy Cartwright,/kJQEz3NAwHGdb2sQzAnBf1RmMV4.jpg
128206,Lea Michele,/Rg3yCOeDarV1dRzOkT7Gd3RLyf.jpg
17606,Imogen Poots,/7uMFX0ecPZT2tc8L5DFFNbUckc9.jpg
14407,Matt LeBlanc,/a7Fl1sLUq1UDJ4pHsnwpBdEiDEZ.jpg
1003,Jean Reno,/mw0EZJYz3kiFq9fNxsML773gotF.jpg
63544,Steven Culp,/oTD15Qg74sPV2Sj082pNMJ54Y0b.jpg
14343,Rene Russo,/yWPSqrv3nfPPKC6I2S0sRTWZ5Yi.jpg
5006,Madison Eginton,/uQX2ORvD7uaItio39VA5pk3UFMA.jpg
15112,Tom Selleck,/s9QR2FMnXSpq8Blx1KbbbaTrWee.jpg
2641,Martin Landau,/m3E6gwlk0UHTNBQktfVXgEn5MQC.jpg
1213786,Brent Spiner,/wHaOTfxOEKOPssDYaSSB5zenml4.jpg
134184,Leehom Wang,/mDdI6E8blhw9ga5S4hyIRPsKnwd.jpg
3141,Marisa Tomei,/5w6qM8FWsl5SutKSpx6Va64eCTE.jpg
2388,Jonathan Frakes,/b6ljJL0sn9VGoivLF3AH5sX1lcK.jpg
10884,Will Yun Lee,/zR29E2BHrp6PF7bxD6bVq0nDZXm.jpg
1063,Lea Thompson,/vsi9xdehaMWMoPKyq1qKxqN9Zz4.jpg
11826,Selma Blair,/2rO5eN6hDB0JxMMZHxNKEuMRm1m.jpg
4492,Philip Baker Hall,/ef7M9soBIv6iGnGEiCdsQ6ppjFl.jpg
15851,Amy Brenneman,/4FJNcWqnYciJzsZRsORZuyxdKfb.jpg
1206,Jason Alexander,/qRezZ2yhM2bmBERt7jVcxo8RVSA.jpg
3627,Paz Vega,/fNLlJysFd5f0Q8Lj20EZpU8BiRN.jpg
72985,Ramón Rodríguez,/1gobmVevxCWVhV7s6J2B0oWPDZj.jpg
38280,Tang Wei,/A5eAHtL05a3vDkHKcXJrtQ7Rl7s.jpg
8332,Laurie Holden,/rRhtmJsZ5IiE0lYrLDmYOCiPK1P.jpg
11155,Thomas Jane,/9frnlc2zoDcoeqZALB6aeYSQddl.jpg
37252,Yvonne Zima,/x2waGVw4X5xhGrtXqD5EWoPVqjY.jpg
53926,Jon Heder,/xGLRJEKKmNsDpz6MefPMU4gqQj1.jpg
142389,Charlie Rowe,/fy32UYAHB7gbK30m0O0mdDbYX1d.jpg
4885,Emmanuelle Béart,/9zMPQS68UDDahxJQH9ZRiNuWmjU.jpg
4688,Michael Rapaport,/nWD2kufgy6lPyFVCPr9A3e7FMMn.jpg
65561,Kip Pardue,/zWLkC7AodrsZ2jooVMwwBWkAQsB.jpg
57189,Ryan Newman,/4tHQLE6pTelyIhYyNXd3GBHsLtb.jpg
15555,Piper Perabo,/5XrzISDEox0KubRDzJU668Oxmxy.jpg
149484,Will Rothhaar,/8bylyPdPgxlPPbiC2Qv3ZodAcMT.jpg
52,David Morse,/A6zGbkFjM3uajIakgsSeNTmSKqY.jpg
35,Sally Field,/iMeq1j9Xwvaf6PbTJ0FQz69fpuA.jpg
707,Dan Aykroyd,/iVMmeVJx8IpCEjlGBZWzIWvX5Qo.jpg
23679,Billy West,/iNQtBsgV4wr3z5CEEFhR5U4Yedk.jpg
12834,Barry Pepper,/xBvW4dMoz496rItLQU6TGteYCEP.jpg
738,Sean Connery,/hbB676mW62gjsh0f51ICYE11niG.jpg
18616,David Morrissey,/gj7ENB9pBobXA3wMfw6uKcWr2GM.jpg
2692,Robert Sean Leonard,/jXehZM0AWLJ2OIz4o0jFtHEzcMI.jpg
3926,Albert Finney,/a2qJxu55s97ySRdjsy2ywIXJvhf.jpg
51583,Mitchel Musso,/ofaAVYn61scqEMtXmK9G7TIFNhA.jpg
44079,Charlotte Rampling,/Htvl9mN6mlf2a18RAFzNXF3RiG.jpg
3087,Robert Duvall,/3tcKxC5Sc3DJ6XPDKKC2EAomEWn.jpg
52851,Paula Patton,/afEkMmwkHkmBsOHeor2vZKWzeGf.jpg
11782,Adrienne Barbeau,/8uQqjG63SFCkmgdFB4SG8wRQmfp.jpg
42307,Peta Wilson,/eFmvcjqjPiaF4YzwBkI5WIwwE1h.jpg
1205,Richard Gere,/i7wcBNmFldh2E4QInCvmv7CPSIR.jpg
13548,James Spader,/uET0mbf2bMkUXbRb1Oxi8Qjqcw3.jpg
1055235,Quvenzhané Wallis,/lHW9hnGlPMgexsbraR7xyBh5qEI.jpg
8767,Jim Caviezel,/yGlRIu6aEbet2QnpKIESfD0zMGf.jpg
4784,Laura Dern,/gB9PnGEvxKg33OSlcqptQwTBwPE.jpg
6839,Fritz Weaver,/gjudPIeWyMJaxDvkRgx0HoTf2zG.jpg
2632,Chris Rock,/cqI8yQ00GNDV3PAAz5UeLj7vOX0.jpg
28633,Richard Jenkins,/muT3RZG9hiKaKojD751RcQ5tGEy.jpg
81295,Shane West,/ojneb5n8o7THBxUdaJZb58MkGZ6.jpg
40279,Jenna Elfman,/AsXlf2XtVF3tyx0GrUPRq72NLIa.jpg
15887,Julia Ormond,/u7Oz6nHfMSlXuT34K7Ffp4f2qgP.jpg
2178,Forest Whitaker,/4w7l5JUwnwFNBy7J93ZwYN1nihm.jpg
20526,Maï Anh Le,/4vZH5hfzY7CZ0Jj0rI6x5vyZZjM.jpg
71580,Benedict Cumberbatch,/wz3MRiMmoz6b5X3oSzMRC9nLxY1.jpg
7056,Emma Thompson,/zQ0hWHh3tzaOOziPbABQI8s9WCu.jpg
934219,Liam McIntyre,/vTw11F1awNW8AlxInljEsK96cNB.jpg
5470,Kristin Scott Thomas,/axksw0vAjBPSW02ZqpcC0V8rPD7.jpg
56658,Daniel Studi,/5Ycuiy54DqSZiUWb8CvlZBZcZO5.jpg
4201,Wayne Knight,/ecc2Detpzqu6XyCUPh0BqOBwZyO.jpg
1619,Chow Yun-fat,/uDPYSiZrW7OZ79qgcgkWefALlXY.jpg
8984,Bill Pullman,/AlLhgmcX5zh3frPT82OSPY9gqXO.jpg
20527,Oanh Nguyen,
8293,Marion Cotillard,/biitzOF0GffIqFYLyOPkoiaOngQ.jpg
20286,Toby Kebbell,/mlYytYJvoEHmhDH2enLtES1098Q.jpg
1165384,Gaia Weiss,/oGOA33Sj0i8WlVUGO6fE0jg0ZgV.jpg
883,Will Patton,/1V4DbU1mfEim4oaA5bvJywDAKwB.jpg
212,David Cross,/aYsbAtUu5oWk1p8RY31k3w5Emul.jpg
52442,Olivia Thirlby,/x9ZlUX617wi9li2TJ5UuYpHzPfN.jpg
4785,Jeff Goldblum,/kcyEPgYtBP5Pm6LLeLGfXKjYovL.jpg
39126,Bai Ling,/PXbFNTUbC3aoLrquCzFaxdF2ev.jpg
3084,Marlon Brando,/eEHCjqKMWSvQU4bmwhLMsg4RtEr.jpg
1161,Mary Elizabeth Mastrantonio,/vbZ1E557K5oj34xLHR5ErO8wPCi.jpg
18997,Bryce Dallas Howard,/l9KTey4DqwazBkUgIEqfvMDCkaq.jpg
10774,Anne Bancroft,/ydabiabIsMBe2HsNmx43gBpqzxx.jpg
723,Patrick Swayze,/ys8dRhQRsS0nLPTXXEHyuFhXCYO.jpg
31167,Elizabeth Mitchell,/tpagVmiCbOQ8CPiRxF5MuZGfZGV.jpg
1533,Andie MacDowell,/swiQfeUHHCFQWc8wFil00OKuzdw.jpg
26457,Matthew Lillard,/mIEKAfe0iC41RDXibbTy48LtNOi.jpg
2453,Mary Steenburgen,/yJhfuqS3yXW7kLSyvRU6n3b35mq.jpg
213001,Jenny Slate,/iNpXig5Djkh5moYG4TCekIATs5B.jpg
11616,Olivia Williams,/94bnuQXo3LoxNvcFXeAoVvIIm3N.jpg
4935,Pete Postlethwaite,/2gpa75Ci4y2OKmOc8WXnaeGgyKF.jpg
2295,Mickey Rourke,/i6vXukUwRsJa7S9yhZgoKt9xLDv.jpg
17485,Oliver Platt,/ipBzOzgWRdxxYoM5xNN1cfenFaC.jpg
2712,Michael Biehn,/9oFLsADWQm2TvU8XzLIzBbjdMkU.jpg
41088,Jason Segel,/aG6tVNSbl1YEjN65G3luFYnWbUM.jpg
85065,Jack O'Connell,/9RrqnB1BRaWWHEjlWVVAna0sdBB.jpg
5367,Zach Braff,/koIHwqE6hWIXuOIDHNADwSuGq6N.jpg
20,Elizabeth Perkins,/vTWYllD9V76rgv9XAbtkkjjeunG.jpg
227,William Hurt,/j3mjmuHLBW4XQSw53C8Sh0Lh3ZQ.jpg
4726,Marcia Gay Harden,/5vxcHIHABJxqhweAsTiXVOhT4SE.jpg
45386,Mary Stein,/fNbUgKyti0fyjbgZT0OuOKcZ444.jpg
2296,Clive Owen,/xlWpuLgwxMnZEVgV9OID1TkUNtP.jpg
28042,Rory Culkin,/6SkUiLHFlPEEFtKpLc7VrczaqDx.jpg
14406,Lisa Kudrow,/ziatnwJRiBJIcc8jlk6xoClhfOy.jpg
3392,Michael Douglas,/kVYGPIZowzXLEQfAGUNOqKjAbBb.jpg
59919,Russell Brand,/7POhMFAcAriFEtOU3lhOUtDAWFC.jpg
13445,Tia Carrere,/oAIyl8U6bMvID8gJKskeKmLB1cA.jpg
93210,Domhnall Gleeson,/a63BgOBKzJ9XPaLFyu7u5Ge3REG.jpg
63312,Yvonne Strahovski,/2IQEjn5T8urx6ikXM87QGs5MrWg.jpg
34502,Kellan Lutz,/pLzdFABlU6oS2BvlHlAN990woY1.jpg
518,Danny DeVito,/6kO4IN7ndoIGw2JhyhAQN3SFmdx.jpg
1937,Mickey Rooney,/eYuayEC3xhXQf3Z1Cy6AVMEcgZb.jpg
53862,Kaley Cuoco,/c01Ma8Jrr2OJ6uoikPwDK34Y8eK.jpg
38582,David Krumholtz,/ibp6vAc8MWTAKaTI9tfpUJtqiAX.jpg
103554,Isabel Lucas,/dxIZvymamZaeJ46HDJ0ldaJmG2v.jpg
60949,Rob Schneider,/kVHNFDOGDrC3LjDyYf5RaCd6auK.jpg
51297,Jonah Bobo,/AnPqW5BW52X2nrAUcv9oQnK8xPu.jpg
114019,Luke Evans,/qUkYJcrDc4M0LHNYASs30luFvw0.jpg
3636,Paul Newman,/bP2fByqNR7BorsUNuD6nSm0u2vJ.jpg
10814,Wesley Snipes,/iDmPuZXAGheRMbMyB80acMWYJ2s.jpg
52865,Garry Shandling,/zGjPMqSqtZtP3npd5fhm7MYqxIU.jpg
1640,Stellan Skarsgård,/mW7xmtGV4y79kQGn0zkKVGDMAmw.jpg
12021,Mia Farrow,/vwxfB8Xv2EZoC0BbyOcy7MkUkpx.jpg
6860,Jimmy Bennett,/8ktMwTxDqgyiYKdIB5dWEuX2zG1.jpg
5149,Bonnie Hunt,/nO1jJO1EVzlryfIViEu4zu5Rytw.jpg
190895,Sarah Gadon,/sWBMkqjRiszNrvaLE2SSedG9szT.jpg
16866,Jennifer Lopez,/iDiicDZ6CMib20QSCQYB55iynEk.jpg
12132,Michael Rooker,/ngOuHNIAGrKyY1O7F0f9C5Q9ONg.jpg
17287,Dominic West,/6y2M3EWslBPwPlugEFg8XDHfSJ0.jpg
12111,Justin Timberlake,/6Yk5t9RwkdkAT8Qv45934Eez2CA.jpg
8930,John Cleese,/nQpBf77cStmR35V0XOinm2zZMWG.jpg
61605,Ron Crawford,/gnqzq1wLyv5KmF86nStCQBcLqej.jpg
5313,Lena Olin,/tUg7cH4qLqs5WdOIH0WMQby9kWH.jpg
55470,Dominic Cooper,/e6XxSApNYiAWins9733PKU90md7.jpg
3291,Hugh Grant,/dvV843fOuzsEPXHtFvdzsHpy1rC.jpg
3543,Jamie Foreman,/yKUHNdA0Oe9JJqHJDLUMRx9Bnfa.jpg
5344,Meg Ryan,/pxfTSfJ4yJWq52uomSWKzigngOa.jpg
1844,Til Schweiger,/3Jk7y4sKgckrN9RzAAt0drlR0QG.jpg
57676,Katie Sagona,/P3we4ULnamzzgo8SW3GHChLWcV.jpg
51298,Dax Shepard,/aaUGRjfghjgysn5grVdm8kyYN4V.jpg
1004,Danny Aiello,/2WiZ8SkiFU355GUT2QuSPlenrfM.jpg
7470,Meat Loaf,/1zkohpaG3my4qQAZGVgzgPuXwZ6.jpg
190,Clint Eastwood,/8TwdCfeOZH7ucRlfLZ6wObxa7cO.jpg
10427,Anne Archer,/y1uFANprVvJ9cCqVKSl0umIpIXw.jpg
3542,Barney Clark,/caz6Y0s56Q2X8vXS7Bk2cbhK7AK.jpg
40347,Dan Molina,
20767,Samantha Mathis,/7J7gvH1uRqfPAPlg7b35rrxSbLB.jpg
8447,Jeff Daniels,/r0mkZJZnTSJO3HJRsMW5HtszxE8.jpg
567269,Jessica Brown Findlay,/zaqkavcb9ur0W1h1QAxJfKnCJ2h.jpg
2038,Naomie Harris,/41TVAcYqKKF7PGf3x7QfaLvkLSW.jpg
12799,Jeremy Piven,/pBD1jcAZiDrHWcFpJtBtqLRD4gR.jpg
23346,Armand Assante,/9HbbWAJacTHguO2InDVHKGnaasm.jpg
43120,Andy Dick,/n4WT4oYoYrzSGAanlWPsneCzBPk.jpg
28010,David Ogden Stiers,/cgCTQt3RZVkhkusG77l4HwHEH6A.jpg
1166,Harris Yulin,/3W758yxhdphzblpgDz4wKgLCriB.jpg
1285,AnnaSophia Robb,/tWlnAuyQeFidHcAo2zUVxNv0G0T.jpg
19767,Snoop Dogg,/rbxBK2m6fEq0oHeMoBUMVYkJEdJ.jpg
58478,Kevin Nealon,/5eV3T45dXMzXaKy9A3wE2UueRvx.jpg
15543,Derek Luke,/sJR0LET3ppMwyqIMdV0B0LL9ObB.jpg
16307,Maura Tierney,/4BCrwdHdC4iRSDimvkoYaXg2qki.jpg
63234,Wendi McLendon-Covey,/d8VKC8Ms3u9XiW4e4jsy2grP02d.jpg
83356,Jamie Campbell Bower,/jVAkrPb3lNHZLerfzVxTzh170L7.jpg
23498,Alexander Ludwig,/3KpzKT4iGhNivSISQMe6EwpAmCi.jpg
41798,George Lopez,/jeUUeE3ipY9edqdOSNI9v5maAbi.jpg
17782,Colm Meaney,/guL6RJdlRMtOJN3LoaY3G8hG4Rd.jpg
47775,Marc Anthony,/mOkqbV5iiusOLEOVPmepQcAGF8K.jpg
20212,Dermot Mulroney,/zemTC606JcuMgIGbJMYAocrS5Gm.jpg
38941,Jim Sturgess,/acDJi0yEAMy82wmngFrJ0KjVRm2.jpg
17773,Gabrielle Union,/toeSCybsYufRKfgz77AKy4C8axD.jpg
6913,Ellen Barkin,/k8L89k5xEk7hN3TUKkEFUcPzSxh.jpg
13309,Oprah Winfrey,/nNpYieaDLxKZWw2FY9wsDkjwURu.jpg
65529,Irene Bedard,/4ChPEG4A77lq56ZthY7OJq0E1hw.jpg
14698,Penelope Ann Miller,/6wjG6NUBKc6Ca4KX6G6V4t6sU2.jpg
11864,Ryan Phillippe,/fgneZFXn0fGG1o7tMzJvHqfHHF7.jpg
38560,Lou Diamond Phillips,/yqGZwaGe8XgoxfO7zmx7weGBaXZ.jpg
10730,Rowan Atkinson,/gdiN2zLjC3Mnfrp7hM3TXVJjWJv.jpg
17772,Jesse Bradford,/aT3eZzGDMKrwlYgHtwBH4KHKa64.jpg
49734,Fann Wong,/5e3y09MBVItlrIhhltqZBoBgBQG.jpg
5563,James Coburn,/9GApjInyrVvjnTAr652C1aViPqZ.jpg
10866,Eric Bogosian,/lUtLCWoLh18UFVOHBFr1VpUpoYJ.jpg
71375,Alden Ehrenreich,/2Ed8m1GmrElvtIQwX2K1CaAW7t5.jpg
17178,Patrick Wilson,/oym6H2QD9esk4yABjCHaUoNAOa8.jpg
21343,Ben Chaplin,/oJc9gA7cRvRg1v4tgeAmpkaqFxO.jpg
49265,Lindsay Lohan,/9orbe4F0T16K8P0hWqn6vd6czMj.jpg
16484,Joey Lauren Adams,/A7p7Rrda5tmYQvlcCY5UXCpT5tq.jpg
20006,Christopher Reeve,/vAGrPf3ajy6OVE3FhgABynZfybP.jpg
142365,George McLaren,
4515,Treat Williams,/jbRMOU2K7ePg7Zs59nfgEYLeD1e.jpg
4691,James Gandolfini,/aGuUi3odvvbkqvKR9nvaa7BJydc.jpg
2606,Tony Kgoroge,/aJN5UPslqc2TmEj95JiKRSqzIc7.jpg
19159,Thomas Haden Church,/74NK9HCYvNafMggSp1PAK5Nwkpe.jpg
9012,Jonny Lee Miller,/otCQdDtnrMvZ5tPC62zLx0SaXeR.jpg
52886,Jeffrey Donovan,/wlDXfXpu6Uz32LUmbFzU8QPDoQH.jpg
15533,Olivier Martinez,/rS1pHEsXrLWqpkmzItnAqnBEpZQ.jpg
4958,Henry Fonda,/6wXWsqSXF3wCsGcwVqiszy6RX9X.jpg
59233,Scoot McNairy,/oP2LJEqupxVZ2XdEW1lN5Q5LF3M.jpg
6736,Pamela Anderson,/uqZP8OUpPOoRG9kFp38OJSh8TiT.jpg
9976,Henry Thomas,/tyTcpTMIAyIIy30u8N59G0PI06f.jpg
20011,Margot Kidder,/uJI4BwpmD9fX8D8jBdn2jT5rpvo.jpg
56128,Kristy Swanson,/eoEhyZcJ1NMVAKefRh0E5adRMGh.jpg
16856,Gabriel Macht,/lacMH4Ju1x9AsKXm7mDkklSsPyV.jpg
7431,Kevin Zegers,/zRjasG4NXxKbe6e1c4enivAvfcH.jpg
32747,Stephen Lang,/gnO5VfkDgA2fsHweD0622LUY3Hu.jpg
18471,Anthony Anderson,/reO1OjwFdtXmiO4LMDaBj6eatzK.jpg
3026,Rob Reiner,/rcmPU3YlhHQVzZlV197qhmRsgEL.jpg
8872,Rick Moranis,/nCIh203hALUsQW44x3dzpjSA4yf.jpg
57906,Andrew Dice Clay,/xwNn8mJrhww89P2pIVkWnaTlqHw.jpg
47722,George Cole,/qRQlXtz9l3Sbe9OzpIQMvb6v3E3.jpg
77330,Kenan Thompson,/vHPhDGc1om91TzoIQ4zMscpNmxF.jpg
6280,Powers Boothe,/xj3DBMqnEnyYfHEBcRHOxlpbQS4.jpg
10964,Laz Alonso,/nmgOd3X2Xn3jIp9OLCRJzLExRWN.jpg
9778,Ice Cube,/9EghwabQ1wIQT4oN69qtPlzqGn4.jpg
52605,Eva Longoria,/1u26GLWK1DE7gBugyI9P3OMFq4A.jpg
16789,Aaran Thomas,
13241,Estella Warren,/tE2nM7UcJpDdZwdjSTwY8RfOXyw.jpg
655,John Rhys-Davies,/qpXl1YnqQsUKYEDm3BB2zK5wbhe.jpg
58433,David Ellison,/gaT9cIEJPm7nWxpJyZWMy4Ayv6y.jpg
34485,Lauren Holly,/uJoOKPd6resnq9qA0ChbiNIk7ob.jpg
25336,Bob Zmuda,/xTmLaFesaMcWL5UWKz1NVQ17WGq.jpg
20374,Teresa Palmer,/sjSiLSCp9LS1Z0nyGpmquTBuUyr.jpg
36592,Saoirse Ronan,/w88uhQ5f8CXw9pQx5HtDrDpzQ4x.jpg
12134,Sally Kirkland,/bAjUA08z6k8FZ3bu5QWcMWWVdMQ.jpg
10681,Wayne Newton,/kltV8nx4PZVIorBmccSGwJrXGjH.jpg
587823,Alice Englert,/lEXLJpH29u2fTTqOIEsxEtSQP8C.jpg
29234,Joe Anderson,/x0Fz2mIMU4Prk7I43pn87Fyno40.jpg
5694,Robert Forster,/vGDifxN2PnO69rnpg6FoWkocFCD.jpg
3197,Tom Sizemore,/soINOuacuiThRb2LyPD4tTWve7C.jpg
11477,Ray Liotta,/rhaCUi04uEXDFvuPM5Drj1AprE6.jpg
94864,Max Martini,/gehOxb2cgNjcRnbAxaCUnFFJvAY.jpg
52052,Jessica Simpson,/kDH7ugn59hYhVVzCdBqc3YyX27z.jpg
118372,Yara Shahidi,/nHKugvMsEVZO2htlhdUIHpWTHPN.jpg
1244,Jonathan Rhys Meyers,/RsrGA98aMmyjTTxTLhAaOqnfLz.jpg
8688,Diego Luna,/qwbjcyDN37OHiln4a6P4LP31o7F.jpg
21593,Jason Biggs,/3nRgOQylYbNuDiddtNoh8uWTz5P.jpg
16429,Jacob Vargas,/hq5SIxyGHGTBCxc9LPpyeHmOjkU.jpg
55085,Amber Heard,/vnDolRlZWiOLBg1N0hsUTz4OH4C.jpg
16293,Anthony Heald,/e0E6Z1Y0debr4mAHgj0HO7MYyXG.jpg
105727,Jake Abel,/ijog1BFmm4BgZGnScwoYJKkwAcO.jpg
9281,Elizabeth Banks,/zrkI1dYucpTM8Qydtrtro9MgQPb.jpg
8338,Jodelle Ferland,/5N83sI2aDqnvcxIXsoXk0kBUwDz.jpg
11164,Kelly Preston,/yyD9u0ziaHBrNs2eYx21pMG4Iq5.jpg
7621,Courtney Love,/xOhKd9y4IdsUVecAVz0AR5Ye7yQ.jpg
17835,Ricky Gervais,/zv50aVyBVDBOsMHXpeUYLi4kBhn.jpg
12949,Priscilla Presley,/oLeWO4pcgarZYJ26kgfiuJWUbHE.jpg
12519,Virginia Madsen,/2u72BF7i189nAcX1kEJLjGMsb0c.jpg
23880,Steven Seagal,/fGNIEpn3JqOckY3ahnJX9x3qA94.jpg
5823,Julie Andrews,/kTXM2KfsXh2vSav0s9vaDKfs4lR.jpg
25129,Don Johnson,/6s6oav541p7xspCG6PvXut7knkP.jpg
9788,Regina King,/tqgHkoh2g8NfFPquJuEs3kvAAgF.jpg
23459,Sienna Miller,/ygv1xVsgLlfCG1DJD0cuRmZqM1V.jpg
35597,Jenny McCarthy,/6D27Xx43SocxLPh3PrYu2M8BcLa.jpg
20982,Marton Csokas,/gmeUY7FR0bFLdu7Ma5kvpH3Gt6B.jpg
35799,Marny Eng,/sRyJNvQdYD4a6AiTYPY2ruuYBMU.jpg
5915,Jaime King,/3cG2nVdwERtI6UvCHFa1F0HGAEG.jpg
55751,Kristin Kreuk,/jQVGylAfotE7osIGwGivh6LpCdl.jpg
12647,Armin Mueller-Stahl,/yDT9hMg3osAbiWl5YZXTYG4SmGj.jpg
9880,Sam Shepard,/mVR3Le1rSGIbQmld3Ve42RVFcyI.jpg
27428,Aaron Taylor-Johnson,/pFtHhih2XEaFaD3qOFyQW6q83br.jpg
21595,Alyson Hannigan,/bO16z8rAzZWdjCga8dcbJ2AFAh2.jpg
12122,Ron Rifkin,/fj2u4t6nG0HGYFtRVDUTNbUtEtl.jpg
14888,Bruce McGill,/j4mn0fPdhhXfRqQwheAwCU8Hwrm.jpg
13918,Elizabeth Hurley,/1z6bx9I3J8gTQAQPrA5cJgzkiqt.jpg
56734,Chloë Grace Moretz,/yq4rYmaTRC5degaOYmJQFpaiho1.jpg
57669,Natalie Imbruglia,/7y56zQpHkbGQ4QPTv7tdOSpcpe5.jpg
10841,Karel Roden,/zfxaI9n2kjlDyJUpSFvawQGV1Hg.jpg
6677,Kyle MacLachlan,/7gNyx8fYAUdOp2jpCEH3dyFbeV.jpg
14702,Cathy Moriarty,/5Ja7K0QtvgUnImSSfRqe8hQeoqr.jpg
825,Stacy Keach,/gtYepb7Vu9bXcdZ62PXm56KalNl.jpg
76788,Dev Patel,/1g07SUVwZHvKgM1Z7H4RYIEOXcm.jpg
37446,Van Johnson,/A6vw5kbdmyXDz1ddQOocJmg9TSc.jpg
52601,Sean Hayes,/31TI5l5QvcZHN4fh0NpejZyJtP.jpg
17283,Rupert Evans,/YrsdSUjinm0NN6qd8Y2znPf8Cg.jpg
10825,Donal Logue,/5Rj850yVkIqsgCihtZLbkNSHbFb.jpg
5657,Anjelica Huston,/6hnYeHa7Rc1w1MmQ3JsLSIb7yCX.jpg
21134,John Slattery,/tm7g84OWD5gQRoyfG4hduBphP1j.jpg
656,Denholm Elliott,/qqgkT4QMMUbiFztfcUVLPYRXAxD.jpg
16327,Timothy Hutton,/gIzPFbDr6pdcdxp2YzobYGkicrT.jpg
69301,Hal Scardino,/q8TX9vJfLSzYDztSIDmz1ao002t.jpg
55493,Brady Corbet,/o5RVawgYeKSzMt8o0VLg38ulHZX.jpg
4239,Yasiin Bey,/cu6pZ0ThtrT9Mo3l2cKk3UjYhmE.jpg
61363,Alex Pettyfer,/sGetTKGnovPUlfbLQjtfEBGyojT.jpg
2628,Kiefer Sutherland,/tK5zjdvao2NELns3bqT7PPqPeJI.jpg
4252,Tony Shalhoub,/1zfBSuAmOr1xXjNg4WzFWPm5B0Z.jpg
20162,Natasha Richardson,/eQNhOUDQY4NZD2cbaUpltLxrcG.jpg
13525,Matt Craven,/tWF8B3Dj7zvKRmkTplp7ice6Wo9.jpg
35980,Brooke Langton,/7vNdKFRgedVWfRiZps26PlaVwtI.jpg
38225,Cher,/yDglV70XMu2cBWZigp5Jxd4etfv.jpg
52139,Seth MacFarlane,/8oQJqM51Z0Qtdb7sE6ZfX1peNCB.jpg
90451,Tom Sturridge,/dm5GA0xwJwvPsAU6YBPCfyvvWSb.jpg
5726,Cedric the Entertainer,/s6UrY5uofyxXsU5PydWBoLFReK0.jpg
15758,Queen Latifah,/AeNoPcSWTsl1mOxiyXAKjVnzrwl.jpg
3977,Joe Morton,/w7rGWWSGKWWukojLbZOQJ5yh9jv.jpg
8186,Miko Hughes,/6oBM2RVDryymOi966ZkCNEDEsws.jpg
86468,Sarah Wayne Callies,/uBtFalxNR1O0eARg0lsyLXkoJNG.jpg
589,Daryl Hannah,/5FllFmoiaru7tjXJ6Orc11OpQcw.jpg
53397,Christina Aguilera,/eGe03QC8AgLau5DSZkmlGzSP8yN.jpg
6861,Andre Braugher,/zdemT9c1U4Muxf7hi0iFq2zHNLd.jpg
4029,Bob Gunton,/ulbVvuBToBN3aCGcV028hwO0MOP.jpg
37936,Christina Milian,/9aBvgyiWKk90pbCFMR1JBgwcriu.jpg
2395,Whoopi Goldberg,/wZKI7qcEIVgiHxeFtk3NuKt8URQ.jpg
61114,Kate Walsh,/jRg4pmjvI2063YnQ6PJidclOc4L.jpg
11159,Cheech Marin,/eecHDNRn9K80ZcuSocsMhQb2G1i.jpg
113505,Kodi Smit-McPhee,/sesCWba9NwPDYDZzbVLs7OgLOti.jpg
985041,Ninja,/bPGSIAVXhDyghaGTdhMEonvtGtw.jpg
29459,Patrick Bergin,/oLVUHx6pj1djR39L3gG9lZ4PdcJ.jpg
2535,Vivica A. Fox,/oIzevp0dqjIxqRQ2VoSzjiDCBt.jpg
70785,Anita Briem,/8M6MkLKpAXKRoYlhOH5LzBhBGFv.jpg
1210,Héctor Elizondo,/7Mfx9xeOFKXtzVpAc1488LiHs0b.jpg
1925,Vincent Cassel,/ivUQfhn5olOmR5hthN8C8GThBV4.jpg
116027,Eli Marienthal,/lrIygexYKs1bhcIjbHtyCejRaAe.jpg
6352,Jane Fonda,/5Yb3nmRWXXZAxNhfhEuOMdfyVNN.jpg
17142,Paul Dano,/kwxJ98dHuFOZNAZuri5I9cMEX7q.jpg
1980,Mary McCormack,/e2brLtFCfgLdOp356bcEyRzQkoJ.jpg
120832,Kasia Smutniak,/t7pf7Lsfxzt0QqILBB1mmCbf81U.jpg
2115,Kurtwood Smith,/7dqsk4NYbNZNnmppv2zPuf1hKBn.jpg
69122,Heather Graham,/avYdNkeg1oTvmrNJbFDcTlBCkKs.jpg
59841,Matt Walsh,/fp1JsNbZyhJ3PHpwZJVDYRz1RGF.jpg
518627,Joel Courtney,/XvlAlEedqATZcPoZcQh3cxXOA7.jpg
16897,Sidney Poitier,/fhMiCe3ScxBGKEX6Y6flEJm7iHd.jpg
1894,Scott Caan,/hX5X4K7BfzOOGcxiNQ24EpPZrfC.jpg
16554,Richard Crenna,/dsViQ2ate32xTSQgxoEHKQl0Evj.jpg
16170,Zach Galligan,/mIqahCZcPw63km6dFnm1B1coAiY.jpg
3910,Frances McDormand,/gBkoteKZshmQXEyEoyT6WE7N0tF.jpg
62644,50 Cent,/7VfwFIwBxy7qBUErosWRDQOovl9.jpg
13549,Deborah Kara Unger,/kPhYhisjduJ9ztFSwYQ6Ke6qeJy.jpg
17697,John Krasinski,/pmVGDb6Yl6OyFcHVGbu1EYNfyFK.jpg
17696,Kathryn Hahn,/9sVllAKfEls3SJD3GoPm2JEZoa5.jpg
141,David Carradine,/1X2GlkMKS9FIG1kGou7o6LRqAjz.jpg
558925,Tucker Albrizzi,/C0qZQEnxp4S7mM1emI1Zs9qUaB.jpg
86654,Austin Butler,/atdAs4pFGjUQ4m2W8kJYly7N6cC.jpg
11825,Maggie Grace,/fEZSGno4ooPgFjuGzE7ogsWEHsh.jpg
349,Scott Glenn,/8DHORod2l6ZFS9KR0gNAAM3WZfI.jpg
2413,Dominique Pinon,/rIPUhNwGSglgKLgMQWz0JNCqIzf.jpg
6450,Faye Dunaway,/bwHJPkiDOjTslgrl0mri1Ndvx2V.jpg
59219,Kyle Gallner,/wfdywrw6K3ti1uW1IYDWbUtU8se.jpg
10742,Teri Hatcher,/ySmnfZm8ZGabcwp4UwaMDeSzXqx.jpg
518628,Riley Griffiths,/tyu6yG8aTcQYKXcqichRaAYsyRt.jpg
59373,Mélanie Thierry,/bNXGy4D6PpDthKjjrzxwTbcHIeT.jpg
60459,Soren Fulton,/a8l6ckk9WLXnIrnBFgg3i1Vf4hc.jpg
54697,Dave Franco,/d0I1BgNBAVvLJEDSfmyNVjYWPZE.jpg
5589,John Glover,/aPmq20MXqFALrUxaaJoC2Xonumo.jpg
66804,Gregory Hines,/tQDKvHbKAu6Jf90owFAvtYs0ADR.jpg
77799,Shedrack Anderson III,/pzl64BAiUu6kyHh32dcIv9oip2r.jpg
4566,Alan Rickman,/7tADZs4ILE93oJ5pAh6mKQFEq2m.jpg
19498,Jon Bernthal,/pEDKAsy1zO9dgSeBjohqklOXRUQ.jpg
49346,Debora Weston,
12094,Jennifer Saunders,/pTgxwHcz9L8SNVYvPJS0o0lgHya.jpg
239020,Isaac Hempstead-Wright,/g6ZreLmGrrOzaUCGVFRNPAWfcso.jpg
569,Ethan Hawke,/oojD9jSshvUT4t6AUySsBxoekHk.jpg
9045,Stephen Baldwin,/w2nZjBsEsjboQDZJXEkysuGgue4.jpg
82666,Rhys Darby,/9lvTJroJAaAopBQlslx2LOBYJv.jpg
15320,Marcel Iureș,/9dDHAnFju2786NXnYFzLBIg6IzW.jpg
3266,Joe Mantegna,/4jzvAE6B1eoiZDUnDUuMazirCPP.jpg
16171,Phoebe Cates,/nh2jiRCFa7TQdGB87k557LG0PtY.jpg
3972,Wentworth Miller,/js09M98qo6rEyyIlTbRMI6XiZJH.jpg
13635,Kristen Johnston,/am4NUVEhhaIVjaojq8XXBmtVWkz.jpg
17303,Ali Larter,/5qaQFxx8Az83ycd4LHyQ39HXaEJ.jpg
62564,Madeline Carroll,/11MHcD55ahK3WWeP11HZBfbBMr1.jpg
17419,Bryan Cranston,/npIIZJGSrcJIJ6yHdmbqO6Jzo5I.jpg
56322,Amy Poehler,/rwmvRonpluV6dCPiQissYrchvSD.jpg
777,Judge Reinhold,/sC4Xs0wRHYpC7V19dbYfJn53nFs.jpg
18041,Oded Fehr,/xt50Z02mO5pLTW0cNLZhIsiequJ.jpg
11665,Michael Angarano,/q4SOVndGsnCmSZKBllLaJCNM72c.jpg
52763,Aamir Khan,/ayE2Ot15rqWU3YhPI3Yg8xBzVx7.jpg
6684,Lara Flynn Boyle,/1VL97IlddM29sypHuI36XY2h5Z2.jpg
10822,Stephen Dorff,/bhlM1xNzBvc8jTw42YloUKlGTCL.jpg
15424,Michael Vartan,/5HCb1CxwIgiZAjKMe9BG8VtHE80.jpg
1954,Billy Zane,/wr4fuwLzQvW1G0MS7cmQ3ObFjvL.jpg
32225,Lindsay Crouse,/p9xfNphbZNvSfqxGA4za87VKuQI.jpg
12798,Enrique Murciano,/r1KGKFRzPyAGqqPI8adzlZfNO20.jpg
3035,Jerry O'Connell,/p2zcFeDIKUrPrbT5ODqoLifdN3Q.jpg
7632,Shelley Winters,/sY7LVp0M8yJgFD0o2uAIJgfLGm9.jpg
38940,Evan Rachel Wood,/ksXTb2bvqt60bCGRwBlWrNbZHnr.jpg
13022,Tom Berenger,/zLxzAdAfu7y02yEx29JSLDgXJZ4.jpg
21043,Dylan Walsh,/A0XK6UEOuMKf66XpsZ1DBa9kXAR.jpg
4391,Charles Dance,/3xHwq5lchAI6mfW0aGQOEijexv6.jpg
14104,Phil Hartman,/m3QyeaVLzIo2fZJZaGbJalfD56t.jpg
532,Joe Pantoliano,/3OHUI3nX4SYGGItDk3xqeIvWtIf.jpg
10689,Rob Brown,/jVevsp9OsdImQ8YxNjdG3KLYket.jpg
53372,Nandita Das,/8MiMH0am4MwJS0OZNXcGNB6sMRt.jpg
16790,Gaspard Ulliel,/fuZEtNbCzzQr2v4DhhCKo7YAsb0.jpg
40174,Lucille Ball,/gcJ5Qwg9lcadvdCxC22AjFuJC4A.jpg
3125,Madonna,/d11f76gpql9RNSnyYgZ6yQr5DW7.jpg
55086,Cam Gigandet,/kdSVRqCR0p8KZTvVkRccBLoim7L.jpg
35768,James DeBello,/gINKuNS2Btou5ndJqFulojvKav5.jpg
25616,Edgar Ramírez,/7VZnIAI7Yye0rfs7fPM5wI2CI6N.jpg
69302,Litefoot,/lZirENb3WkQarkkgKDs0qyjOltH.jpg
6197,Brian Dennehy,/cg7CwS1vMJXCzZ0FUm4RbrjAJ2t.jpg
12516,Linda Hunt,/leiVNArKBQTmE5ROovNJWiW9kfk.jpg
24047,Courtney B. Vance,/6ci3wf6oecjz875QRwryOsapW0Y.jpg
57119,Sinbad,/heuiXoUOWDvoeBd9VLKryt4C1rs.jpg
52995,Edward Herrmann,/ov33sPPuTzw21KYwAkkAB8AmjIV.jpg
55466,James Corden,/xGB0gfZ48M27gQjjL7inJIh1Pqj.jpg
53373,Maia Sethna,
11317,Natascha McElhone,/sc1kLBI1jK7MicTYammnFs5JYrS.jpg
2091,James Mason,/wLj91mClMkIwVt0sB6keFcNJ7hc.jpg
164945,Sarah Shahi,/shiLCJNyvi9xlUZw4bTuRkhrKpm.jpg
4741,Cayden Boyd,/5PyOB5F8mSp0n0ZNS6iX6rpXOTv.jpg
56757,Eva Amurri Martino,/enonhVe1k9CHPtGUy4xdEPoa1Rg.jpg
6720,Joan Chen,/jTu4mVKj8sQpgYnuaKchslor585.jpg
12445,Sue Lyon,/z8n0Qg1GFNxEU9PP7tdH9UPGNLr.jpg
28472,Adam Garcia,/ekxoKXqJL6wyKv9TQG884rFvnca.jpg
70304,Sarah Jane Morris,/fFWmcM6nvEfe9XcROLKbp7SOzTU.jpg
9656,Johnny Knoxville,/7XDKsHsLC4uNYaGsuWG1tQXWRnu.jpg
18658,Mia Kirshner,/7fSYUVxf84JdZ2aRJ9Lm28Ls6IK.jpg
207,Tom Wilkinson,/xSUohQDXuepOU2nSqtDj2us5RZo.jpg
1271,Andy García,/9EivXoBlczZcFBet96WOoFbDsfF.jpg
1284159,Simon Baker,/8RPbdwSOJ3DEQDQaj05zBFaUu5f.jpg
65310,Kenny Ortega,/cZrsOBr1tp1nNPJ5xj3uao2XQbJ.jpg
9046,Chazz Palminteri,/mCbjKVyE5B2tleshbJw44tw3ktZ.jpg
84517,Taylor Dooley,/hgQjq3p4MZoB2ogs60GjbcCOjq8.jpg
30614,Ryan Gosling,/lyUyVARQKhGxaxy0FbPJCQRpiaW.jpg
33259,Jennifer Love Hewitt,/gEDepjLEFGokSaexd1FzmtH1hlq.jpg
2203,Neal McDonough,/3mI3i1CpjATSCta1Tb2qsyl1KCh.jpg
1370,Brad Dourif,/ex7AmuHM3owhUetYZAyOmN1ehWS.jpg
62054,Faith Ford,/8FMAHz9LD7xCnmeX8rkkNknXqhy.jpg
12982,Peter Capaldi,/r5bEXZBOSA89SZvv4jjqa4iSgst.jpg
52037,Robert Ri'chard,/jZtFgIe0ZbLvzMmgxeRaoRzW2q8.jpg
33654,Breckin Meyer,/oN1jpTL59wbzS1qvPhsJ3FIL2Ev.jpg
44649,Violante Placido,/qVs8LdHIU2E5RlSuSr4MK0zyf7B.jpg
17265,Hayden Panettiere,/bhGkVHCFu8peC4rIXIUMWCQqZR7.jpg
77334,Chandler Canterbury,/flfh9tLEiERwZFQPlcShejI1TS8.jpg
12513,Francesca Annis,/rtbYkuenkq8Kfc5LwzWYtVD3eNH.jpg
1532,Bill Murray,/nnCsJc9x3ZiG3AFyiyc3FPehppy.jpg
8874,Ernie Hudson,/kgAdQA2ItCDVvKXufeDHc6Omiso.jpg
112013,Rain,/aXOjIBUxu7fmBOxTJcgYmtTKD1D.jpg
19866,Guillaume Canet,/yxerAhXValEezb1EuV9XWc9L8KC.jpg
15903,George Carlin,/2No6PxJbTGtawVJh0ivUiXfVprH.jpg
35689,Keenen Ivory Wayans,/e9XRdXolDV8RjGPHPXH6IISDTSP.jpg
31135,Jermaine Williams,/dtQEyjzSIMEINcI9d7rrYfV972K.jpg
15886,Julia Louis-Dreyfus,/iEfHQNrVbVFesDPjdySom9nqsFg.jpg
1190206,Donatas Banionis,/vz0TKZFu1qW5HZFhvIi0JZG9W7D.jpg
8183,Kathleen Quinlan,/w93KLi08Mi7IQCojz7D49g9WccE.jpg
12514,Leonardo Cimino,/5SOh1zLMevY2O1AW3HiV1Mf4t2h.jpg
17358,Kim Staunton,/pGsoX3qTEM1MCApFBC5886mkBCA.jpg
16560,David Caruso,/4aflRWhJW8gvnYIXPY52KcNTzkO.jpg
326,Kim Basinger,/iqQ4o2sRna7J1Z9KkB9Avp9CIsk.jpg
8893,Stockard Channing,/qAYBGvapAnnhpoZuYFyoqetncs5.jpg
5616,Everett McGill,/nc3IMwRItjFzScYdJWR7MT9p5cW.jpg
1190211,Natalya Bondarchuk,/nTnXhmI9ykqIIVqpp8IcbCOrrzy.jpg
2876,Matt Dillon,/wVoSUexYH79igPgxIXKWRlV2uBk.jpg
38405,John Corbett,/iXKGteGZA3VTh88LBw4pXJY6cam.jpg
53820,Michael C. Hall,/7zUMGoujuev5PUwwv4Gl6ikB50k.jpg
8474,Jüri Järvet,/ubPaP60b2NCrsh7jcp8NT0hmS4z.jpg
49914,Cameron Richardson,/g5Ib7uSd7CKNXbDAs67AyeqTNvZ.jpg
1062,Christopher Lloyd,/nxVjpyb3UrfbPZnEyDNlQVlFAs5.jpg
86653,Carter Jenkins,/fGVndWC3hgwK1uVrhiyzTUyIaxW.jpg
50,Catherine Deneuve,/7NS1KuwxTIzyMcpNGKBGlSV0Hqo.jpg
18177,André Dussollier,/rw3J5sNFr7VYvTKAPak9d14F7R6.jpg
519,Martin Short,/vWoZIOk7K8TSKu1IN90akswsWjZ.jpg
11514,Catherine O'Hara,/gI2RyymLJ9ZrhEyJSD5EqSvFpCX.jpg
327,Mekhi Phifer,/jCvF0bpi9emIWBnu20MCMU0bwrf.jpg
1897,Bernie Mac,/o1LQ83S4ZYvj84HYeWAzEV7Cg95.jpg
12791,Hugh Dancy,/6UIiS3nxdNTbIo0G2kFNXpcDKhE.jpg
57675,Daryl Sabara,/eZfWmQqNgmuveRWSYuvnQyLXM0d.jpg
45051,Harry Treadaway,/sPHrK9AvAYJY3udd9DcdPIyQZaE.jpg
1903,Alan Arkin,/lTMMpkqL0G3WeFNfbtdP5COZEiX.jpg
5960,Mary Kay Place,/zj5ClXZyXrlEUXODXi7Sabsj1DX.jpg
15566,Sharon Leal,/3dJCnAZDG2ZN7Hxct8UAdPePpuz.jpg
1748,William Shatner,/puzpe91Lh0CzdRKg9iYilQsjoYk.jpg
12792,Brian Van Holt,/kvTDCM93pQ7EAfc9IOOCSPdbqL.jpg
6278,Devon Aoki,/4ou67wYflxUuZCLUqK3vuKC13t9.jpg
20402,Julian McMahon,/PirhJFimrT5iK0qru4SzlwLW4G.jpg
325,Eminem,/bRrrk9r1cYG6KVnYzjwYGT0g1Qi.jpg
588,M. Emmet Walsh,/fVWvBxvwyk4aTA9vKZOV9qHRNNk.jpg
51797,Nathan Fillion,/aW6vCxkUZtwb6iH2Wf88Uq0XNVv.jpg
51988,Lizzy Caplan,/cHs9pPpjcEMpWrGmrAYAn0QOE78.jpg
65362,Holliston Coleman,/iXDt1vDoAmIQbox6kmN0z21P05q.jpg
17328,Rufus Sewell,/yc2EWyg45GO03YqDttaEhjvegiE.jpg
29222,Zac Efron,/6oXNHv7gAyXXYFpF943pKRsTtqQ.jpg
526727,Freya Tingley,/AaUetUNFyTcPuiyynkakrFgzLXk.jpg
9576,Gina Torres,/ukDNHgvEgdU95eaw6pngiAPucv4.jpg
2555,David Proval,/ku3LWQXiJ80nWgs21fKvTMaR6Ui.jpg
3491,Thomas Kretschmann,/kBnPu1KREhckuPpnAUppm24kkVX.jpg
7633,Leslie Nielsen,/u5vWl5dw69Nf89f905Qb5JqEVL3.jpg
33321,Sam J. Jones,/x2xX7Az0nlAD5C2WEnnr2ZNj1np.jpg
15788,Nigel Hawthorne,/v8bin2HUa9gayqxmCnlRlh0taxq.jpg
22223,Marguerite Moreau,/kDTCRl8C6NMpmLE7j4nZZPcYeJR.jpg
85924,Vincent Piazza,/cybUCnpnrvtfmJcF2vC2nBWzmKU.jpg
7248,Cliff Curtis,/dfaElGoyJWseFWxXwEMLL9WTi7V.jpg
76916,Ryan Cartwright,/pVPFNU5YehwqFGNFnfaWi60iPPf.jpg
3635,Elizabeth Taylor,/6r5yjGdvRvMoWQy7W0CYrkbLSNZ.jpg
15277,Jon Favreau,/tnx7iMVydPQXGOoLsxXl84PXtbA.jpg
58370,Amanda Crew,/diGTfFDOAjtfpClK3pJHkQIYhNc.jpg
1750,DeForest Kelley,/qbcWkyGWvv5GKnbCqq9Pne09imA.jpg
5341,Richard Burton,/j8yRSo6S2bnYubKZTBUvD7fuOyX.jpg
31134,Darrin Henson,/qfhvYCINI8nCfy0lIxh4pRz6sZe.jpg
8211,Mena Suvari,/xjqKvy0bos02oSKNYzC4mxLbQ0W.jpg
80591,Rashida Jones,/cgWGm9eYCretBWeljPVtpRV7n6V.jpg
7499,Jared Leto,/ca3x0OfIKbJppZh8S1Alx3GfUZO.jpg
27855,Shannyn Sossamon,/h7oiKMaoq0J5DM3PBZxffF9uJo4.jpg
974317,Kate Upton,/g2jEEc3TbMo0W9t1DTQHn5qyY7X.jpg
15111,Jean-Claude Van Damme,/7DP3bm3MS0qa0L8tBLHGebbCu6H.jpg
68287,Callum Blue,/1r9i4N6gC8MYWettiFAVH0f6Toa.jpg
5958,Hilary Duff,/48Pwyp6ASq8MjW2g4JERj47TeO4.jpg
6108,Emily Procter,/gFK8S0ZgaqDC8IgclgadDuB2eMm.jpg
17140,Abigail Breslin,/1MQMfcb3fuN0lC1egdaOnHcTlm8.jpg
16962,Jang Dong-gun,/fUPYN54VO9eaLadR97DyJH5TBih.jpg
37046,Dania Ramirez,/pwKLiyhWoADxll5ZZ8UuneIC9jQ.jpg
7400,Lee Evans,/2BZeVCqFjYQ826ROkJaG4gehbmy.jpg
9657,Patrick Warburton,/nDoOii5HaGwPxYa28xFC2sDkF8y.jpg
9309,Richard Pryor,/jiZvAiCEcqYSiqdNYzVbHBqbc3B.jpg
35321,Rex Harrison,/hy8cyCpmV0iRSl4Thby01anz4FY.jpg
3272,Drake Bell,/6KxFiHrqiniS3oxV4NCz0sYNTuo.jpg
94421,Bobby Campo,/6ART3lx7kJEC3vNJBKqILCKKOuM.jpg
55836,José Wilker,/3FwZb9fKvd01zpfscDNa0o2CwWM.jpg
9781,Nia Long,/heVQkCGKUuKKRjRJaZIBrEKGhYA.jpg
3872,Daniel Brühl,/3YlmTfiy5qZXkrdKGjaM1uMjGKP.jpg
147,Michael Madsen,/fvr2EXEPrVwsF2JlfRp0Olbj4g8.jpg
765,Hiam Abbass,/hkzC5aJKTiuCchBpybaHDVngYZW.jpg
15110,Brooke Shields,/qpLcTp5D6t0S0TtNK85VOYwDmTL.jpg
10400,Barbra Streisand,/6YD223jsdZX7VnWSjGjP1S7Xj6X.jpg
56930,David Selby,/w7OUsn0tXFV3p056704eP7DkrcP.jpg
25869,Reiko Aylesworth,/bznmFIKDFalcTDUxneXgY33YOn0.jpg
83247,Richard Bey,
40543,John Ortiz,/tMDPYhpc9nqIJAK3vtMroEH9qho.jpg
65236,Bill Goldberg,/cymPEmQ8WwAqHPwGFBJjpHN0Sck.jpg
55278,Jackie Cooper,/pbdUaMBfLq2qUP1jg7dM9hINRcI.jpg
830,Joe Cortese,/4Z2PvYRrpZ27xLKnDrtX6iRmJ3e.jpg
11478,Lorraine Bracco,/tAtpCzN4sTOy1RHpMpJj52zTO4S.jpg
116714,Juan Carlos Hernández,/7QXETsvObOMzUhpgdAU1lq6kqZL.jpg
15293,Keisha Castle-Hughes,/9lBukGiFVV0pKNwndaNhRQVnNmt.jpg
2048,Gary Busey,/8H7Hlv6b7ZoK4jZKeLnc2i4pfPL.jpg
23931,Mira Sorvino,/3CPM8yvppihiKsA1pf4x8PJe4x6.jpg
65235,Kiana Tom,/qNHNYeRSlr4c9fNfib2dPmus10H.jpg
12518,Richard Jordan,/qrrpdZYy6cLLBUrrA6AqyWJKa0w.jpg
11163,John Saxon,/rQh2ddJYtP3x2g1mnlFBQz547FO.jpg
12811,Ken Marshall,/3zshKzh2Llvp4CY7EU9wafKz7sy.jpg
11617,Mischa Barton,/j3eZsKKIz4uWdVwAvokv8GHU21w.jpg
50994,Unax Ugalde,/t4jKbvmXSjMBnZZjNZEr3P46q6s.jpg
37627,Dany Boon,/6jMvseHpFra7tkfDIg64u5pJcI2.jpg
14408,Matthew Perry,/ecDzkLWPV1z0x31I1GTjNmLxAHk.jpg
18688,Harry Connick Jr.,/il1t0cshowbZ6mMtH1930baQx9n.jpg
94423,Shantel VanSanten,/x7mkiPiSoZVeFexFoEZQR6blrla.jpg
33322,Melody Anderson,/4im7LOHeXHZyTq2mh19afKJ02ZU.jpg
1137,Juliette Binoche,/htdZZIroEyJaeHQAUTqokNfkPgl.jpg
9191,Timothy Spall,/pcR6t8kpAgGwIUo4UjlP5gyKkNA.jpg
100,Scott Speedman,/tGgD96WOhmuQU4e6ZTU5IEx4W9E.jpg
23915,Pat Morita,/dwnjbEvhKRanS5xTaI1NkZ98aM9.jpg
20814,Gregory Smith,/5qwhNXC5SZf3D7e1i6iNFvcp91P.jpg
2877,Ralph Macchio,/AoqqL9UlyPrcTLnpzbQvKXPvXrz.jpg
83248,Ron Paul,/AvTaZl14PZDoNnfhuxSzolAMa2j.jpg
6637,Frank Finlay,/fO7CYAaGydu9d3s5numYRi1BRvL.jpg
26291,Martin Henderson,/avJFARzEPaB24rKQUYLinGQqilL.jpg
20751,Bridgette Wilson,/zq6uzzL87CtfgxD4G3bLTcgUUTe.jpg
36422,Luke Wilson,/nH1h9dZGSBuWIOyX27HpYyYykvr.jpg
5141,Heather Langenkamp,/xI20Uddk9COIfgifaA4NRsXyZMD.jpg
2220,Tony Curran,/3jDsskeIzbCNKuqu2WIxmtmv8mG.jpg
11084,Kelly McGillis,/150q3jC4YF1pzSCRe29Kn12W9Ao.jpg
84076,Nick Zano,/t47PZJOUehQV4RFOEXoszMiOEjx.jpg
62010,Portia de Rossi,/cD0zpf1f7nuifgzkK2I9j3Edmag.jpg
64856,Michael Jai White,/YPoHYuzR37wFpPpwEXZYQlhLln.jpg
57829,Anthony LaPaglia,/31fRY01Dq2ebkx09FjuG5g3QW9G.jpg
11510,Macaulay Culkin,/5We9Y4zUJ5TUnRgfmkzWQx0mLIF.jpg
50398,Devon Sawa,/yvMbpZ0UFQ1IBwlWm8quCA6fNc5.jpg
56389,Steven Pasquale,/exO1cSAwbKsqaXAGnkvVXMgKNFl.jpg
7132,Vincent D'Onofrio,/5xHJKUsA8qGvTPO4q5sLZRmzbH2.jpg
4169,Dave Chappelle,/hDVe67wjmjtbOTzDrFaJfcobcE.jpg
13472,Tim Curry,/8ZsGg3N3OZgxshqLOtA2kl5ckOP.jpg
10582,Daniel Sunjata,/w3Wa0d7j2auA2R8FQvjrgfB3ozo.jpg
21029,Billy Burke,/AoyN5a1TNRa4OCeylcXusQM1bD4.jpg
25879,Geoff Pierson,/vIhxKBwqV19CwHdPuycmkchYOba.jpg
96862,Hu Jun,/3RXwZKvACtHdnrmOvQbJWJa718W.jpg
57395,Natasha Henstridge,/lfRFm3MLOGPtaDHWTstoQfKAyLM.jpg
8349,Martin Sheen,/m2Y3Q0uyuW6htrn2W9UWCWMkpZu.jpg
53368,Scott Porter,/uvkZrnWSwxVn3oau2BwHuvUDzcb.jpg
19,Allison Janney,/hpBKWV1jjoXQbr1s0iUZTSvw582.jpg
25868,Vicellous Reon Shannon,/rgWqPIgDSgFoIEYjXw9rdnHVFXy.jpg
93491,Will Poulter,/9blYMaj79VGC6BHTLmJp3V5S8r3.jpg
10134,Mako,/x0dZQHKQOZ1ancuRw8slO3rAiPq.jpg
31903,Henry Winkler,/mGlSRA5RDswEDmY8oWEizXliShp.jpg
16119,Charles Napier,/w16LEJlHDtqGWeFCk5a7a2GDeBK.jpg
13652,Ronee Blakley,/fLdnGFUv9bpT0Tk1iqKBV1k1TH0.jpg
52419,Josh Hamilton,/7nuAUPd7E8iOE5lhUcNpogS2akP.jpg
64880,Choi Min-sik,/sd7gIA6nEkq6zumkDCfxSE0YSSV.jpg
118545,Dakota Johnson,/qFek0KqpaPV5mVyHHNfAapDE9Tj.jpg
194,Richard Harris,/lCvcVMuxrg1f5A8OMqY9AqkkcZR.jpg
11109,Nick Frost,/2CHS4t6miNGLgMQAjhFqb4fFuKS.jpg
11150,Gina Gershon,/khuZCNBmgNJ5jC4ejCkcsc8k79p.jpg
1276,Patricia Clarkson,/rHHM9G83fpBAcFathbSyV4Tot5j.jpg
15852,Ashley Judd,/5771ZxVIs5rQbI1SV8TOlAFcF15.jpg
80996,Vasily Stepanov,/hUexpYE9IU45W12dmeSXff15yoX.jpg
145247,Phoebe Tonkin,/NgjSnxirsJNuFBjKR4apkKL3wC.jpg
7523,Jessalyn Gilsig,/kfjBMofsdYT3AmGLdNwxmwqgAyI.jpg
31717,January Jones,/9HYdabnECNzUPG9QcO9qLnZZG8h.jpg
17881,Jason Schwartzman,/gCjMdmW1DiPAClHVl4zHEIffIsE.jpg
33397,Sarah Bolger,/A3K2l5kkqTMQHtAkctzICqtbZMY.jpg
1254583,Jamie Dornan,/dPCjxgq4YsqkcZ3fsE84Ifq0Wxv.jpg
14101,John Larroquette,/rWXMelYm34YIBOzJJaQrBI50NEp.jpg
3051,Toni Collette,/lzXRh16qe4HHeBN6tMyw0DHvaMn.jpg
2055,Robert Davi,/yizOUAKs59CwKM6pU30gIP9gTup.jpg
8354,Albert Hall,/jvcOpEO0vSNy3KaDkhIldI1CoaU.jpg
49971,Jennifer Ehle,/rmHaDj5xQu3ZPoI5XWgA5BZj3zH.jpg
52997,Rob Corddry,/AjCLr5ZjP6iiP8D6SHQVCZ720nA.jpg
1622,Chang Chen,/4BOQ5pJXdsArkMHvyVhrV8Ditnr.jpg
59153,Robin Givens,/nDDfpWNsIciwWWQ3R32QbPnfdjO.jpg
37059,Nicholas D'Agosto,/pKLIlotHTzciDyaDxAMUACjxNLS.jpg
80998,Юлия Снигирь,/doOsxPl6VPJaLnXJoz4VIfADrVC.jpg
68890,Tatum O'Neal,/wGFUPiHMHIEegtNumeDlBDCFcsG.jpg
1109,Kevin Peter Hall,/wdW2sUAQPonZcQo8oDY1j60h7DP.jpg
3968,Michael Sheen,/nGxIcIcfJjdPN3k8zFabtA1gRqL.jpg
20376,Sarah Roemer,/cD3bfcFmxoUC5U0ADMd9uHlDyFY.jpg
6068,Sela Ward,/pzQuH9vm182Ar2vpUsakKzxPNV7.jpg
57674,Alexa PenaVega,/11m8ff0YwS64Z04DJhupNQpwmCZ.jpg
28781,Christian Clavier,/9WsvKjheeizXCcZrFjZCrCoItqO.jpg
74409,Eric Winter,/tDQSZv5rHm4s2hwwVWpp5EMQ0w9.jpg
23958,Jeremy Sisto,/1XfuASLjBhGOhJ4os7juRJot2we.jpg
74421,Song Hye-kyo,/tlAX3f82Mf5h0rznpVBVK7nD2om.jpg
56124,William Zabka,/AoTxNif6Kv5KtIk3YdfQUxLrLeR.jpg
67369,Don Brodie,/iETVHhDaS4rFvWSnQbQoR5oSSr8.jpg
25702,Rhona Mitra,/1YThpok3Wk3BBy0pcUTcpuZyOBB.jpg
20189,Amy Smart,/pkLFedmz2uMEb6EahyTazuelqKU.jpg
34844,Monet Mazur,/3i7cXN0GoVAejogJtLSONhwqgfE.jpg
114144,Gio Perez,
20215,Billy Campbell,/hMNmtQK3a6mqIQRyXn9G5bbheJV.jpg
11669,Jimmy Fallon,/h9kYouEP6VrM8GkS2jl7jMDKbwu.jpg
57893,Raquel Castro,/CaVkfIdfkNJIbjzTXO7Edyarxx.jpg
19189,Elizabeth Berkley,/gYz3ZeNWPI7aP21eB2OWrILE1KM.jpg
35705,Regina Hall,/jiFZ4xNrvUUZLBHnJu71CvdN4kj.jpg
1136406,Tom Holland,/xKBAaPIa1c7tzZD3Y0MhBLv4hPE.jpg
6473,Kelly Lynch,/lYpcMbWOpZ552VHPCjwjyZ2jvvw.jpg
12833,Edward Burns,/pTLdPUSxDUcdmvy91LGCF3pk0AM.jpg
131820,Emma Bell,/nWsmC9JQcg27WcD7X9MxCAMWEox.jpg
69489,Jasmine Trinca,/idxRGFkuTwxKZZNtDBTY84UzAPd.jpg
10679,Carey Lowell,/rTxHayWsDJQbVqR1sKjDghXZNUl.jpg
14886,Craig Bierko,/btsSJRxc0i7Xty1R0iCYOnbTuDE.jpg
3196,Juliette Lewis,/sSGCW01aUsYlVQhuk3XSY7cl6Ww.jpg
33923,Mel Blanc,/8fevv4K06TmHsYom2XfmxgKrTcd.jpg
6553,Isabelle Adjani,/ad0GTy4ivzDhep1R0CgiR0O0g2v.jpg
973,Jason Flemyng,/nYl0180ACnLzVlGbaAfuPtdGr9K.jpg
18052,Nathan Gamble,/99diPhRX8CH23Ja2rdrk0NNVcQX.jpg
183812,Jason O'Mara,/9Cs9PD5pwUkFQPLmpp5e6wkFQoY.jpg
80602,Tyler Perry,/8KU0OizemVLrERXt5HJIa0PAkIN.jpg
80997,Pyotr Fyodorov,/o5LMY6QgIXRxgK6iTG4YGDccGsi.jpg
6952,Charlie Sheen,/48GB5aISoibd9IYXBO40jrSgFRl.jpg
25837,Elisha Cuthbert,/jyo887Q2c3wgME6VqY92BvhENzb.jpg
351,Judy Davis,/yAwsKkca91QJdsf1suUm637mwUx.jpg
90163,Ben Piazza,/io4ieCby2cPioQaAbnTFVniKu2D.jpg
54812,Chevy Chase,/mwXT82i0Fo54sRfQn2i0qOftnpC.jpg
15760,Josh Peck,/qoapD8slSdb550o1JEoepv1SvT0.jpg
18022,Gina McKee,/rHL7GGeFZ2x9PbFL2P3hVkLfvAS.jpg
109560,Gabourey Sidibe,/d0p0MGqM1GrrnBw4b3V9uM6HCl2.jpg
18291,Larenz Tate,/6BWajF1sbuwsvXHmdQDxP5MfZ5R.jpg
38581,Rachael Leigh Cook,/xmKFPYw8OcN7g7B3zU1ZJOVKfqC.jpg
17678,Rudy Youngblood,/64HlxkHjgZ8oBxyosonWnSw2e9k.jpg
8436,Miranda Richardson,/2IEW3fxqHb4AHBl5xU8JuipJbNK.jpg
17688,Raoul Max Trujillo,/dIfHIt1pgnYW9oCksc0DdoY5Mt5.jpg
1223185,Miles Fisher,/shf8LrQ1hmXut0PoYjNHjFuOwqk.jpg
1924,Jeroen Krabbé,/r26lZKUeLIaUt8DMotm4mdc4EaY.jpg
11389,John Lone,/cO62O0mZGCvR0y5zM5oI2rUDhto.jpg
2406,Mathieu Kassovitz,/3FRBEdKKlxhvPWPt0jzgmSjeHwn.jpg
17689,Gerardo Taracena,/wvqDQf71ezlA36ZzhWe1D7cKLLS.jpg
9274,James Brolin,/mdkmgcWySHNNQRJcPhtKqH9hCIE.jpg
74151,Jason Spevack,/ui09Q9YGoozWyDmYsCX6b3QDo1E.jpg
31171,Julie Bowen,/5ewqnbPAY0EzZObGHIKU4VsCanD.jpg
1337,Tony Leung Chiu-Wai,/nQbSQAws5BdakPEB5MtiqWVeaMV.jpg
43661,Takeshi Kaneshiro,/mOxNGub5nW9i35FQrg6gltW3PQd.jpg
22131,J. T. Walsh,/4yQXzRXMqQxKgYaUteluNmAKBX4.jpg
10669,Timothy Dalton,/rKYQd6ihqWiOaCHEDrvgV2VPtAo.jpg
55638,Kevin Hart,/byiNydUlM6oP8diA7WMvYbNM7a1.jpg
17052,Topher Grace,/oJQxl4DG0KSCtOGrpWNhYz9gUZA.jpg
10080,JoBeth Williams,/nL9ZdnI50y1yRVvmz0P61TxjZsF.jpg
13819,Walter Catlett,/c5ldUlcqrUuxpQE9iXqj9GlRZwt.jpg
6692,Caroline Goodall,/4cagGtMqACvkuw6Llq8Li8UJ1AR.jpg
20738,Song Kang-ho,/kBM9UTPYXUA2RNk210DXhztLFns.jpg
2222,Beau Bridges,/Aiezvt0Uj2Ka9QVW3GvuRLkNS2V.jpg
10670,Maryam d'Abo,/AwcD84CIlQ0HaLRX3AqlmunYzgE.jpg
25246,Andy Lau,/z9R2yerjfgxwDWIH8sjiS0hhcre.jpg
60072,Sara Paxton,/DWrjFhjSLY4EFanCMKNPrUmP2p.jpg
55536,Melissa McCarthy,/yl0qva0O4u92fvtItakdvKmKrW9.jpg
26513,Debra Winger,/iHZ2mZHEaNYFhEpnSguk043SKVE.jpg
10083,Beatrice Straight,/iCNm0pSNFStUBKpvY6Ou5F7Nap6.jpg
10647,Klaus Maria Brandauer,/mE4polIdi4QdzDvIuHgfM37n7l9.jpg
52847,Joy Bryant,/baTPZOyEztjp9MdcfpiiKg48QpM.jpg
67848,Ashley Olsen,/sGekYv3FaQhDowg5HXZLziNlECz.jpg
138010,Sharni Vinson,/vy5c6P2S3kOA9iDg8OOagWo850t.jpg
11867,Eric Mabius,/gfTyV38S5BzV9pZnIducUgo68hK.jpg
41297,Alex O'Loughlin,/l3Cd7jD3r3TLkqWaDijmK7GgWxo.jpg
76961,Demián Bichir,/dur9tX8tbDDJE5mSOZkuW2VDGz4.jpg
15234,David Arquette,/74wJjoywG7zCrNMWbRxwoyOj7Ub.jpg
76669,Wayne Brady,/zRIYr4jl7LiEDbbaFcwFiRwLhw1.jpg
21041,Shohreh Aghdashloo,/7josGC8QO9V6V8AuFdaS2tjUF8W.jpg
31164,Adewale Akinnuoye-Agbaje,/zdtwVtVmmm7VzYfu8xH7mbuTvrH.jpg
74747,Shahkrit Yamnarm,/2A9HfrGI51uAIXsnh3LHghwlQnx.jpg
60561,Mo'Nique,/bzSVVBKTyMi4K6MZvFCzBJs91F5.jpg
67849,Mary-Kate Olsen,/AsoqQdZiBBSfbNAP8HPuzu7ePUP.jpg
58982,Kuno Becker,/2oZS707G2QA4BL2nwaoVrvi53N6.jpg
62861,Andy Samberg,/jMXU5oG3i93SH1yhkpbBGskFiJl.jpg
3492,Colin Hanks,/zi7f3V39eyEeSaxvYAq8zaXMjok.jpg
11065,Wilford Brimley,/pOfcXSGKiHcdFIcnhBV3ibGUruW.jpg
50347,Rachel Nichols,/bMv117SLOJoseim6qvuHFc1gntZ.jpg
9206,Neve Campbell,/zQzNg6Kiufj2VCltprI6jilNtl3.jpg
235767,Colin O'Donoghue,/jxdxsSd1cNY3bXqhVwe7BWNjsJ8.jpg
81164,Danneel Ackles,/7W3CZ4xMJure0ZiqYLAqPVvkbWK.jpg
7868,Maury Chaykin,/Aqmsu1UHo40Md4RlLGfotSt8Lrr.jpg
88029,Alison Brie,/uu16GiwYblS6IJV3o4qFSLWKXOC.jpg
19487,Jay Hernandez,/rh4pzTAJvy0i84HYV4xZxCXuXgV.jpg
51100,Gad Elmaleh,/jnIgztSGWxgM1LkczBC1dqlNHex.jpg
1338,Maggie Cheung,/hre6xmoDbh67YN7wR5nhUazPTlb.jpg
65007,Vanessa Paradis,/guoseiTGqEe6vfV9d5Q5JdMoZvw.jpg
43853,Irma P. Hall,/kKLDJvpAE1uKLeTw5jUmBwPgqOd.jpg
382,Bob Hoskins,/qOeE7bVHAsNTbP77Qk6TwrrWHZc.jpg
11107,Ben Foster,/9cLAefvsGIEPPdZmjh4btYjCeZy.jpg
4987,Omar Epps,/iURSiniuHrfOCtjVMAw9HKxJh6z.jpg
17402,Ron Livingston,/pr5CjWnkaf5WKTIYh8wtNufjmyb.jpg
6165,Anthony Rapp,/9Pj11mrX2MsWsOiHRjVDxYS93K5.jpg
172069,Chadwick Boseman,/1lz1wLOuPFSRIratMz0SxD3tkJ.jpg
64710,Reeve Carney,/zC2gUVYJb4JtHpLZ8XngDuIa3BV.jpg
8655,R. Lee Ermey,/aXFJlEGHlQT7bwxkKwq6Sx7PeEp.jpg
19152,Dylan Baker,/4mw6xj8Aj3ixjjeUj9pZdZPTbvz.jpg
51798,Katee Sackhoff,/kzcwfDDrgXnVgyTfcpG0obOn7Qk.jpg
36219,Marsha Thomason,/fqN0FKAJeTfcPHDFL529EkuX1s6.jpg
5588,Alicia Silverstone,/pyxqkP4i0ubVdoRe5hoiiiwkHkb.jpg
10478,Jeanne Tripplehorn,/q7D9MDnMVc5PAm99853gszHwJy7.jpg
7570,Lauren Bacall,/iCOzbSzCSUC6D9EcyXtVb2FRNu0.jpg
27888,Raúl Juliá,/zRvv5vdqCxdio38gx0WWmof4cO5.jpg
60073,Brie Larson,/rlbQbpu3tkMAikPWM53VElMUnzR.jpg
56455,Moon Bloodgood,/9CGOg5nGFlQ3IWwbElMAEJMm9Iq.jpg
9013,Kevin McKidd,/KtmEKOSehmQ35JfGjEjpqlypbP.jpg
52313,Eileen Essell,/uIb38xoBdw1lDmQ7wzFXjZ9e93E.jpg
13919,Michael York,/jbOOOTiRAgFPpgeZL0IWIQ6kDug.jpg
109441,Chris Massoglia,/b0o6IWVRpgt1h81VXAEOy6geX5E.jpg
929136,Thomas Horn,/3v2GwtzkuoRzlf5QYCYzbBhDUz9.jpg
2778,Dennis Hopper,/hfrzsJhkX7Vphe3pVYk8lA9BNfg.jpg
164205,T.R. Knight,/zf5hh2WMCUwVRSEnScBNiMUP5oI.jpg
57701,Rochelle Davis,/89FluwJCKBVj6JmvB9VI4DodSTy.jpg
417,Ginnifer Goodwin,/n8XOnjgyfYvqRUDcnkAckRqSaNN.jpg
2407,Rufus,/tJkFZMSwF5Rx91KswEPJvLYcKJX.jpg
658,Alfred Molina,/nJo91Czesn6z0d0pkfbDoVZY3sg.jpg
95635,Michelle Nolden,/4ddqYDjKvEoYFl0pcrSpZoqHqYv.jpg
57700,Brandon Lee,/1PV3h6KP0AzeqFCZjb3qxkpfoGE.jpg
56778,Stuart Townsend,/8jc2nlrAkinMjyVPvYxa9goL5QZ.jpg
66762,Charlie Yeung,/7clzAMBYr56NAIU7W2KGnGe5a5V.jpg
17736,Adam Pascal,/fSX3Ywl96eeuKpxiORTPgW1wuwD.jpg
47879,John Savage,/exzL5D7RSnIepF9FsFlzCs248he.jpg
11626,Gore Vidal,/vHIIjpltpM9StRYmjjM7liAObuZ.jpg
66841,Mathieu Chedid,/geqKlmqjJ07SvHRyCFAHu4TS1Ji.jpg
38406,Paris Hilton,/v7l2mJc7mcmsYavpmxaZp7oq4xg.jpg
4800,Gena Rowlands,/j6Op08k2AkPGrNHpMNp30Pu8t36.jpg
57854,Cheryl Hines,/jUW4xdla64Vtq1o2Ob8Oc7MjT9C.jpg
176497,Rachel Melvin,/gRpeoKqNVvsTKnPcJzmtWzfhUS2.jpg
19210,James Van Der Beek,/romoF6aNi4v9UcUqRSElfeDvBuJ.jpg
6837,Walter Matthau,/pm1YEQPlsNcHQHZJBgcXvu4U4vg.jpg
21352,Aaliyah,/txaweQ6dGcXqFaY6M1HjhCjkeOH.jpg
32799,Angela Bettis,/yckzGBCLr5cYaScOZrd4MR1aMqq.jpg
3203,Russell Means,/5qBgrr6eror0bEene4LthnjUFnT.jpg
112560,Quinton Aaron,/yoK8q52hZ0oTEpRHtZfByIA7sEd.jpg
56824,Jaime Pressly,/cPS3VVmV0syoWn14W3AY7ALgtFV.jpg
7030,Henry Goodman,/5GTCMmzXa68PmitzuEyEpvjUUxO.jpg
18313,Michael Rispoli,/4rtCKJTtPq9cSHFQqZSbyCLLWCO.jpg
39213,Keir O'Donnell,/3s08QlRwgqhd2YWLHzTfnjlLNlv.jpg
56614,Ray Stevenson,/9QCVNDgTgDEbGsa6w3JuECEPuQz.jpg
11953,Benno Fürmann,/9fpaebMks57Qos5BnO6NyuYYUZz.jpg
15250,Hope Davis,/dJb76YQDFmfJ6ptlvBvx0ZBP44C.jpg
144286,Alice Parkinson,/wXw45xBvwT7CTWZFHTlhVdByknm.jpg
20750,Judy Greer,/pTLjIjh83R424RGxIfq4U0yx947.jpg
28639,Carmen Electra,/lBCUm1gGNTFI3OIjPx8maaEDXUQ.jpg
650,Karen Allen,/eJszpndpRzrXbSlz7RUlApoTykn.jpg
22109,Peter Firth,/o7zbRKlhY8v9mhxyBvAwou7l200.jpg
4177,Jake Weber,/z1RTh4qvyMFha8nKd5Uw1dKwkZz.jpg
78346,Yuria Nara,/tCI0CLCBXFme17d8aiyc7oxiwlC.jpg
15009,Justin Theroux,/vnI9L0rXBAw1HeC0Q8hJGeJMGAW.jpg
21353,Isaiah Washington,/3yY5h1t7AKZpf4lfdSMwDQvCroQ.jpg
24367,John Forsythe,/lfhKEIepJXdIW9JVCZZ15ULYy8n.jpg
74154,Kelan Pannell,
52414,Cameron Bright,/27thyaSbqHJc66d4pqNYXvnNS7i.jpg
109432,Li Bingbing,/gBDRToPG0smAFSUpWT5pmJv2fJr.jpg
58858,Tsewang Migyur Khangsar,/6WaaVDcsET8ix93p8lppHyzX7yc.jpg
936,Oliver Reed,/dWfotc1X71wNCGyPO9hXpv8U9Gw.jpg
824,Ethan Suplee,/gGSb8P9nQdDNu0JC65zyAyMUFhS.jpg
18461,Nick Chinlund,/lRmgWDIXqBTneGbKlJNSFyiis1e.jpg
38559,Christopher Lambert,/nWcAHW2ZN4cP3VPWYH9WJCvhFvt.jpg
55776,Holly Valance,/ej0B7odLeZ6KPriKfCnlA58cvtW.jpg
27106,Harley Jane Kozak,/9BMCJq4owniBRXkf8y8kEN12JTS.jpg
23821,Bryan Greenberg,/qRv8XPsqxCmR70oAmNbU5iUIkUo.jpg
57409,Ana de la Reguera,/hE8W86SKgIzoVsukTnL0VeGeYwB.jpg
52262,Sean Maguire,/nxOLFv8QHExopu8sHVNPAuOZwys.jpg
7167,Don Rickles,/iGMOVxIQoTPepRvqSCtRulfpx7u.jpg
6734,Ken Davitian,/odykKQKSJDDJ5O5Drq1RVNaTbqM.jpg
57147,Paul Hogan,/1QQURn65Q2yeDCaGIaLktd6kUPx.jpg
58197,Shad Moss,/xsvJmcOQiocYcKtRmfiQbjzVrVw.jpg
8852,Michele Lamar Richards,/8OnzSlK06fvvVOifwzjrnmgHjGS.jpg
74155,Janette Scott,/3Di5WhQaPWX06CtFpTgVLEWaxtD.jpg
46364,Shun Oguri,/4tfrhvqp3IGHPATor0lYE9X9UD3.jpg
29685,Kurt Fuller,/kV02XLACLFd1YYQdSOgqy6lFmQ3.jpg
21124,Paula Garcés,/xSdnYmBysbtvHmEkDGrUBUC4UXs.jpg
8768,Maia Morgenstern,/jNjNb73ZlumGDrWfxrSGgVkgbfn.jpg
76239,Garette Ratliff Henson,/J9R9AU4rAPq9lhOpWdf9uemJuG.jpg
20904,James Hong,/v3lfw5aHOy0paOCx6WHiSnwzbH0.jpg
52792,Maya Rudolph,/bpEVMFMyHEQ8wLdii9WKB279w8p.jpg
43858,Ryan Hurst,/467wpYYeeDyF4MeoDMuNp4bwgzH.jpg
21403,Thomas Ian Nicholas,/hQo2P9vwjJW6A1b327nl71a2JEW.jpg
21605,Dirk Bogarde,/f0S6MxxcYb367KtnXWTH8DoWHMt.jpg
20746,Justin Chambers,/5UGtBemc4GPaCWjCwVR3YYmIlzV.jpg
5050,Yaphet Kotto,/f0jquWLj22hvYf6PTIggdolhiDx.jpg
57410,Héctor Jiménez,/i6Q6G8HWLof7zXNbTgvpI6MuC3P.jpg
28164,Charles Grodin,/k3LIbJE9nxn4nI79tef4zdjtEzq.jpg
150,RZA,/2PVYCKXb1X3PLawJNoYGLN1x0In.jpg
3623,Elena Anaya,/hSkjzOfvRQ8DUJdhWveIKgRlyXb.jpg
56152,Kari Wuhrer,/sTWVUK4WBcSpuIotCjlU7sRaEH7.jpg
117861,Maxime Godart,/z6Qv3STGQd2AgzoZXhx20AgfJMP.jpg
51857,Tim Meadows,/u9MCgfy0n5jJ2GTsGALdist19C1.jpg
67778,Jonathan Lipnicki,/sCFCCqFNm5Xyl2eyhzoHH1L8zxF.jpg
22290,Leelee Sobieski,/gec4o10UZZFCtTGAtebcNR4g0PF.jpg
1257205,Rowan Blanchard,/51qWnocFUKfUPeLMi81XtATFct2.jpg
62014,Barry Miller,/jClFwEE3TJqOi8yyuD1c6o9ldlr.jpg
16501,Milo Ventimiglia,/9yFPsQCYi9sbPQ0xJGtoAF4Ar6v.jpg
24816,Pierre Arditi,/kLvyrJkfcGUKzn3rHI0SYX5uPwj.jpg
78347,Hiroki Doi,/zWcRrhmnXjJosEhAp9KJUBICqSW.jpg
3124,Valeria Golino,/bLw0lNPEhICtbTLtnTswamefN7C.jpg
19492,Viola Davis,/xDssw6vpYNRjsybvMPRE30e0dPN.jpg
19977,Liam Aiken,/1kP7FOJgd5rZZlrVXuN57IZXtNK.jpg
133168,Haruma Miura,/Hy5zDIf4cO4BpZ9HidzUd1FFNu.jpg
4139,Tom Skerritt,/oWFCyBLm1lsbsbT5Nmx3SPMaqFZ.jpg
62531,Valérie Lemercier,/2WMtL9SFIWmOIL2P6PdfHncSLXP.jpg
26467,Kyra Sedgwick,/cfpLVZWChElvkKegZopC0xDjEWk.jpg
62439,David Belle,/1Q6a9NUPE2MPNThLJK5WaY64lro.jpg
1907,Kathy Baker,/34zuI0qWTD5jdqmJRtPwaW70JcQ.jpg
22306,Kad Merad,/2hgcdLF0GqtzUGUFATH9AwLfS7J.jpg
96623,Richard Dawson,/6rGawHl92otg0vMNbay6QOiwvfU.jpg
56153,Scott Terra,/jROeEFvb68bvMXnBhBRId232ofU.jpg
2208,Kathryn Morris,/q189KhrMoKyQJsvwOE7x2nWAeEi.jpg
41465,Robin Thomas,/lc3htZVt1tb8HzlWTDgMDVJrQn3.jpg
9779,Morris Chestnut,/lbWJ1mIgAamsREnbKLoj1GdH0sr.jpg
74308,Christopher Carley,/3fhBW9Ev6Gc14FtUBPs6uKfRJaX.jpg
26485,Jim Belushi,/wIvFYH110ER7ukwR0qryQJJDQYH.jpg
19728,Mark Harmon,/jDRXlmBItH9IyXk9UhafpOSBIq7.jpg
19538,Rachael Taylor,/9K3u4xM3fnyzulvqT0cVg8s2mKt.jpg
15286,Christine Taylor,/81jveproLhJzWHpCuJh7hN65zRl.jpg
2051,María Conchita Alonso,/zcDN921xNK0AznoA0TEbdbsPSn3.jpg
84028,Yu Aoi,/9tU96Pp6fY8vh5f7OGFGJqHVH7b.jpg
31136,Chris Brown,/92NXoO1129xwDL65KEJUDvgG8iW.jpg
10342,Maud Adams,/iJMwjbngYgfh4LELSV8HPI9QeJT.jpg
10500,Carole Bouquet,/nCyI95wVvhXFH1GiornFHsL9YOx.jpg
53258,David Banner,/jm4BDJT11uHt60VWdadqSb65sdv.jpg
74309,Bee Vang,/jsuIB1gCwm0tPyhRsEocEqWO0XO.jpg
548375,Michael Rainey Jr.,/5U6wNx2LAggfwK6gi6OYL3rGOvl.jpg
116618,Joseph Kaiser,
58647,Jesse Borrego,/bK9cPqXTJSRN72ZDKN3UXlKN3gU.jpg
3547,Ian McNeice,/v5WuiYuKmKxWZRDn3XnGJh7nCUC.jpg
12950,George Kennedy,/fIVmcPEcPmh0Rbx4mYf9aneCmDe.jpg
58640,Elle Peterson,/9cFBChMOv0IkpjDrEb0gSq2rlFx.jpg
117669,Portia Doubleday,/6lPDPTlxnFcTJF5dzmmPHVmH8ey.jpg
21399,Ron Silver,/6urQBScK7Vq6q5niaMMEmzW3DGP.jpg
10501,Chaim Topol,/Ah6ZOrg9AmeqPU04qUGF5eon2Fv.jpg
13420,Ellen Greene,/nJzE8dS38hxbALr5LZ88BYt8dm0.jpg
57428,Michael Landes,/2EdaNaUQdWi7Vi0pLNaS9Ys9fVi.jpg
9979,Peter Coyote,/AglpxXP9wBM567UMGL9DAMbid1V.jpg
10660,Tanya Roberts,/5HXVOsPCvwNuaAgVBhBrzuhlCVA.jpg
10508,Louis Jourdan,/yeyMjvZ469gdx5wu7ia3INrrwwz.jpg
13307,Margaret Avery,/pvAB2GwE8QCPo7WxwBW7ndqUoPR.jpg
51391,Frankie Muniz,/tBckW8eJHv4vz8B3DJYH1rLAtyN.jpg
118357,Delphine Chanéac,/np7kKrS45wb5q2U1XxU1VNjP10P.jpg
5649,Christoph Maria Herbst,/8v3lDa0QCJlDtOx9flqlMNIA3uf.jpg
147119,Vincent Spano,/ani7dv9xRTwgvbRUl6llciyh48K.jpg
71189,Cobie Smulders,/1b0mYokcGsfFRge4bjXlS5ihtek.jpg
8851,Whitney Houston,/kOUbjET0IbUcMbFbajHfFiSy4gK.jpg
221018,Dan Stevens,/fFsgginZKH527o38ZfdDxuzx7Ew.jpg
14830,Vincent Gardenia,/xoJsXDJTNV4MUCqciN3ThcQrPdP.jpg
59335,Ralf Schmitz,/sIW9zdAN8iZ2b8qcjwndkSjcNqj.jpg
5847,David Kross,/jRFxrLwiroTbGedG9uyXZghgxlX.jpg
17236,A.J. Cook,/tvEjGDQVuu7jiOvWXwEU6tEE7NW.jpg
25654,Julianna Margulies,/erBzXAfkPCcW9sW2cGAcY50RdPm.jpg
58641,Thomas Curtis,/p0xgn3qTPD9rPqqVMnvGoiICMwE.jpg
10680,Talisa Soto,/tpEGbGgASne8m1iHzncuxdSLIkX.jpg
3672,Peggy Ashcroft,/bF2GD1brYDKT17j25ANkZQR739R.jpg
352,Dennis Haysbert,/lcnjaw2CFN6q9eaes1jTYrUB0rb.jpg
11074,Kathy Najimy,/nqbZF7Igr0SC8Xq8y0jwmx0mLDN.jpg
1043693,Kyle Catlett,/wVzAw9nUwW4zZgp83wXT8vGp1zw.jpg
4004,Jeffrey Jones,/2vlQDwmMlAAEKqdFIey0liR0T1E.jpg
41309,Omar Metwally,/2VGHH1yFCyZCM4h4Y65ynutDFtb.jpg
38425,Amber Valletta,/6KSsLN9XFucycN5yw4FGeByHrVx.jpg
29091,Mia Sara,/gF1hYh0Rw5qCryiwGAWDdmiLufc.jpg
82193,Jason Cope,/xEqMZClrQQvaygQakUwtS5l7TYH.jpg
226,Heidi Hayes,
1312315,Christopher Egan,/nox0JJdkF2glyxPsxsQPlRhHAcX.jpg
1736,James Remar,/56LwfMaMge2LmWYI46O6R2Wm0YX.jpg
54691,Christopher Mintz-Plasse,/dnj2qyxmPt5JF5uurbXQLegppAx.jpg
7317,Peter Sallis,/tB7r7LxdNEn7RfRs837V3REfgF4.jpg
58068,Fionnula Flanagan,/ee3vqFhrmKMRsqqHFLm1rcwGE93.jpg
527393,Dylan O'Brien,/xN3GdvIlqsR838gDoblhPH0numP.jpg
6979,Romola Garai,/dHBwfU97RyXSbtMzKvXfYV7Q7q4.jpg
98,Sarah Polley,/kQEyOfhp72yM4t6uo16ypSXfVX1.jpg
1080195,Vicky Krieps,/9laK3w40qBnE5UY41wJfnUAYMmC.jpg
20239,Vincent Pérez,/mpNv77WJ0kmi8vecBmRKQAdRzzo.jpg
60033,Yaya DaCosta,/nbkbw9fjaAxFPscnY8xcqAi5TCs.jpg
12248,Alec Guinness,/q9QgiNDEO6lbi7uMAOw0OgWn8DG.jpg
9139,Celia Imrie,/eEtVfESOVnkkdPLYkyQpalEwAwj.jpg
86626,Aziz Ansari,/yUeQHM4ycUXrUgRWgKVYKNmKxfJ.jpg
56890,Malcolm McDowell,/hL8ep4Hqj6izX7IlzE7Bbcfq62w.jpg
7171,John Belushi,/sgemxJjlaULrIQArfRb92mSd3rZ.jpg
6407,Marley Shelton,/6fqY7QzZI5yoCCJZpvX0MceL6kZ.jpg
110743,Stephen Boss,/2DjfxXDVK9ccXfZbvH0QNhXTQka.jpg
12657,Jean Marsh,/x4ZPhTWCn0BTLiTz2YnXUSRJJxT.jpg
6574,Clancy Brown,/1JeBRNG7VS7r64V9lOvej9bZXW5.jpg
503,Justin Chatwin,/nEHYlooGSwRzkhze1rQ7DOpJXLD.jpg
4001,Simon Callow,/no6qlnMrWeUzSt1FjD2Vf9x992e.jpg
97599,Nathalie Boltt,/mYvZlMSwvv6WDfJHfV6bYm4ddES.jpg
47774,Vincent Pastore,/dyRRn8POwLUMHT7lIISujioYOym.jpg
1310760,Ki Hong Lee,/96zkB3e07LB1hw2segekZS1PlQb.jpg
2059,Adam Baldwin,/lfbyJWNWGbiYfU0Yr1tjn6Trd2V.jpg
689,Kate Capshaw,/nx3JwH8kwG5RXD3uSBUdNVcejki.jpg
33656,Heather Matarazzo,/afZhMKmsAHZA9jHq7F9tNUFZci6.jpg
56457,Aimee Garcia,/4z3mkoa8jHpqjzfbhzYMeKe2Mf7.jpg
57250,Robin Shou,/cnL8HqBowYu9ssTkShDfEmxTgdZ.jpg
7172,James Brown,/q9Q3c7HsZEEqrwNIY9yDgsJ74uE.jpg
35551,Julie Benz,/avcCYkQjRM7qgE0MZ5VXcK3XcKz.jpg
32586,Thomas Fritsch,/lYWEhWGyTNff5DYVVQZq2Mln94x.jpg
15576,Matthew Macfadyen,/sFaIfkykJdftwrc3BdEfpdg2mYW.jpg
78887,Billy Ray Cyrus,/ly0Ejh5micQppq2L6UJvbl8Y674.jpg
20354,Amber Tamblyn,/bzw0lxvtbEnYT7fZ8fn6NeSzMn9.jpg
41308,Bobby Coleman,/oi4bsNtkUW5LixuleXcCkj3iij6.jpg
35029,David Harbour,/qMFtMWlYVtFVyBoBhX5IoA5sN5a.jpg
18315,Monica Keena,/kdtbk4jZxLAROwE2fd3Qwj7DQtL.jpg
2464,Angus Macfadyen,/yUuA7U3lw6yM0Eb6mD83qYeevH2.jpg
1217648,Chris Diamantopoulos,/oenBtpk0RTId4wacQKYU4cPcq8Z.jpg
29051,L. Scott Caldwell,/kLUA6zFeJv7tcaGK3cA86muD7C7.jpg
78348,George Tokoro,/bndtzl3ghsdYqjgGqsmp4oUtxtw.jpg
11628,Loren Dean,/kkWuneJSgPLvNYknj30yqxdfIBr.jpg
33532,Stark Sands,/1poaqSFQT2ElzyJVbWLhoaXlnq1.jpg
39125,Will Sasso,/4F8p9Dg32WJl12ras7CzQzLFy2i.jpg
585,Rutger Hauer,/xyag0LbjocTwx2Ht7B3RofvCNMT.jpg
59174,America Ferrera,/7q9uUWnaIjveX8DTU2lcA7mA3dp.jpg
533016,Mario Yedidia,
4941,Alessandro Nivola,/53wfpjSwPTMwhfuOSdgGgojMI8m.jpg
15274,E.G. Daily,/sWLXj0yvpMEsZTIsS1ReVQzGnwO.jpg
1639,Emily Watson,/bd0qiJXHoLNpkCqABsh67AKRtjC.jpg
78323,Joon Park,/gmVpIEDTfREaZsUA10OTMMaRGV0.jpg
1329,Billy Boyd,/jluumxuDr7rm2f97NFf9LydBdaZ.jpg
67747,Uwe Mansshardt,
80310,Tony Jayawardena,/gVDgzFKP1GyEyRSJ8AaZDX4rdmW.jpg
82785,Emily Osment,/bRqBSRe5t1FjMUEb3XgiKbpCy30.jpg
55541,Eddie Cibrian,/swcAPvqyUlcn1SfVwcEBzhlFqVP.jpg
586,Sean Young,/yfJADYt6xYPpg1g7Z7TTW0bcL2s.jpg
2154,Scott Bakula,/meZvcpXmcFlrJUeme4UpH4GZeNV.jpg
35865,Hannah Spearritt,/eaEPgp7gbfQZ2YcocCH6x0KSUf7.jpg
67274,Dolly Parton,/uLFZgrfSqAxLj3UM7dkTPdlCKkc.jpg
10401,Blythe Danner,/xIN3nX76b4qN8B32wdoqx053N68.jpg
8291,Alison Lohman,/i5oXlQE2d0OP9HrEYo7V5JXbdWL.jpg
932091,Ryan Guzman,/87saYOHLNaijt4P1nsZYDBt0kOD.jpg
4513,Elizabeth McGovern,/nA5jJkV5YyYvhpaMD285qQnOWGv.jpg
57346,Kate Nauta,/cbTZfha344j1vshNuITeupmnK2C.jpg
20563,Alex Veadov,/bpJKpwpYSgnSkjAA5SX50Wwr0Qa.jpg
116619,Amy Carson,
74688,Keke Palmer,/fXiKInUmPLs5F53yv2KZSuCXHJZ.jpg
20309,Dwight Yoakam,/lMqcRiQs2OELf0xvFbLbX4nnXi8.jpg
77353,Jasmine Guy,/dSuTS6DE7d8VEpHEoEFcNjNXtsW.jpg
2049,Rubén Blades,/kOgVo3qDJ9jXgIZJRJI3I1bm6sA.jpg
258,Gael García Bernal,/7uEO29wtdyY9bjt2JN43gVpE6vt.jpg
137920,Hanaa Bouchaib,
7918,Bud Luckey,/csLjHwg7x1OFTiHjJAPpqNjjDiH.jpg
12763,Joseph Fiennes,/fcqZXeEyL6z5vkidPtsMu99JtpB.jpg
81082,Travis Oates,/pM1lp3yqGslYdgIOXLIgBGmNrDd.jpg
41819,Sarah Wynter,/eHZIJ6aruXQt9Qtp3GrNFMjpyTr.jpg
69225,Q'orianka Kilcher,/uduApOlv4MumUKdc9LtLSBL0bW8.jpg
51359,Lela Rochon,/9DBu3r5O4fBosSS4FnSzFCVpm0O.jpg
583040,Mason Cook,/7w9OSReqRtjp5D2AKgA4Z5EsK82.jpg
17648,James Purefoy,/nCNyifrD9wOao27A1nT5n4Soxt1.jpg
15827,Scott Weinger,/5EvrWMz2xi3hOkrEMNGH2Rts2jz.jpg
84223,Anna Kendrick,/awWu2Wdd5C9KmG4hhs840QZWpLU.jpg
138009,Rick Malambri,/le13029fSuqTExbv3VC48Y1ouNk.jpg
20386,Jason Behr,/7BJeNxaTIxYvaD5eeEfhMTWFiBT.jpg
95791,Natalie Cole,/pC8pwo3LhNSrRMrYp6i4fUPEnCn.jpg
10698,Tchéky Karyo,/EcpFzLMmfz6fm4FrpamfFQ51pz.jpg
13920,Mimi Rogers,/o5G9610OuMuVyubfvXwR7rUPfHg.jpg
7004,Paul Sorvino,/1gF0UskusEdDcNaBDJ2CMsz5Agi.jpg
336,Xzibit,/qhwJ7hZH4ErQSu2mXwSur4AAD0H.jpg
10430,Fred Ward,/t3tZduAwP1LMR8Vc13HZ39wKJ1q.jpg
115150,Kaya Scodelario,/uVp7VarM5GX08hfCEGt63OM5c5c.jpg
95696,Lorna Raver,/n0AcmPoXR9y1ST9xLtK8wFieKqy.jpg
21104,Glenne Headly,/ucndAdXmTfF6PfZx3tIMOOOOGcL.jpg
124644,Analeigh Tipton,/jwLTUddwx1vGVcrpEGH87vVJsnY.jpg
1198286,Ed Oxenbould,/lDjYnngxuQo4kibZFQJr994cZwM.jpg
29020,Eric Christian Olsen,/k5Qr7dkvO4HTi3XtnDiMXcxTkg4.jpg
2140,Monica Potter,/jCFOlFAjNPMkX9pJF2Au0cquZ6v.jpg
15829,Linda Larkin,/uN35v1Z374JvfdnDJBVmvnB2JNQ.jpg
6279,Alexis Bledel,/1aa3qnQNMxflBuQZD7F09qFXxKN.jpg
19664,Samaire Armstrong,/vwo9sRIJBNN1VBzcztMD4jExw2N.jpg
9560,Ellen Burstyn,/uEHZoAtCnGCXvQDHe3s3DWW2G1c.jpg
2,Mark Hamill,/zMQ93JTLW8KxusKhOlHFZhih3YQ.jpg
1249,Penelope Wilton,/msrGfQzw1v3WA0U7wLrCFjjmiVq.jpg
12812,Lysette Anthony,/x48FYc2hgzcJrqcZhKjp9bzBwOF.jpg
1328,Sean Astin,/As3ctGUtBYmG4zj4Ifyrcqd71HP.jpg
479656,Kathryn McCormick,/bCuPpLsZ5btYaqtNe7NeceIZp9G.jpg
7486,Michael Wincott,/z6FtWACKaIivi0khxM6vEHoUH0.jpg
58646,Damian Chapa,/MAJFUqA0FP3wbRqMSw9ALEuSgP.jpg
1338420,Joe Slaughter,/4R5eY4ObNIgVvpe72x5xn7IbDIh.jpg
429,Lucas Till,/5m8xgsOgT3FgCBo2AsMn7dewe57.jpg
1462,Tim Blake Nelson,/rWuTGiAMaaHIJ30eRkQS23LbRSW.jpg
690,Jonathan Ke Quan,/iestHyn7PLuVowj5Jaa1SGPboQ4.jpg
59860,Alice Eve,/tJUSx0Cw7pCnRsCWbGTX2POiTKM.jpg
4,Carrie Fisher,/of4yHmryKPy92eeskUQ7MRmjC3l.jpg
68307,Luke Mably,/jTMAb14IELP0s2FjpFsM0Bo5rJk.jpg
81388,Steve Howey,/sbAG1WZHlUdky7ABi1054ExRC1w.jpg
10222,Roger Moore,/6sZGGtq7RHt8Pg6ynUMrPJPuTlj.jpg
6199,Miriam Margolyes,/vsnCGCp0nhJTag56HP8XFhXnZo9.jpg
56045,Matthew Davis,/9QsCJBQ45iR5R36F0LAuzvY1zuO.jpg
6858,Mike Vogel,/5pOkcl3D9JnGMR50gSDaAY2TIry.jpg
783,Jonathan Banks,/bswk26L13PvY4iMTwUTAsepXCLv.jpg
3391,Kathleen Turner,/hvmMGjWKy1CGmaJzPtOtbb3fD57.jpg
18025,Ben Miller,/ij5nhtBWhCaOl4IEn8XhOYAGqB1.jpg
29509,Noah Hathaway,/tYskHvYZJQhdaVBIds0n1KypKfv.jpg
5401,Anthony Quinn,/aBxjWWvZR63rTQfrtBPiI0CbGKA.jpg
29508,Barret Oliver,/vOeWhBtVkfdCwIU0wyaJEQktwvU.jpg
52699,Danny Mann,/980QYqXIZCMn5Knx0vjROkw9vKo.jpg
21142,Gregory Itzin,/lUACgFTvuhRhAC3GwnpcWMGLxo4.jpg
81364,Olivia Munn,/iDQjE8DesSGpoIi3l6mx1YoOuI7.jpg
21355,DMX,/frH2Ybl2A0sY678ZQ5R8TIIcYDU.jpg
36067,Brad Johnson,/jw7MmA6mCMAQUivF7NDCoVmBbCe.jpg
60458,Liana Liberato,/5EEvVU9EDZ1ricNizDYUgclG1BF.jpg
81697,Nelsan Ellis,/1oxqYxlZERsLT1rssot3Wfa88FX.jpg
79072,Kevin Durand,/j5tjACRTKuuOzjywxw7kVtQ91k.jpg
522,Rod Steiger,/70bE5PZJbRHxG4th6gDvXGgXu4Z.jpg
54503,Adam G. Sevani,/2GQdyHQG4aw0FOokajOr7Wvhpyl.jpg
2369,Michael Lonsdale,/lQZktsBj1CFbIEIpXOZp55kCiB5.jpg
37934,André Benjamin,/dQh7n7NiCzPxYOHyva4AG4n59cZ.jpg
18992,Aidan Quinn,/viUuUmhiGdsfoQh0IpO5N312qNd.jpg
137919,Maricel Álvarez,/zXPLNXCD2Si6GTvkHVPXNtTmNnM.jpg
12206,Richard Roxburgh,/de1XpxnOuW4v4fFWFEjmBqmHaRf.jpg
11356,Imelda Staunton,/96LYLMnUOWZ4DFXEeQPItNsxzEP.jpg
58136,Christine Cavanaugh,/8fDGffuBfbMTRTALHpSQQvuzSuO.jpg
5658,Michael Gambon,/3jdWkDKf4IODbG4JKTeaC7AzxZH.jpg
69681,Philippe Labro,/snuf9J6LrVHMLD4iIIwMFHufyD4.jpg
51812,Nicol Williamson,/hCGo3mIwSIE9VDOALwEfZUN7BGw.jpg
116620,René Pape,/1VsWqoYANXZNivalpSZfNNqny2H.jpg
14699,Pamela Reed,/xnl8fp434SpB2e1iPw7NpEcYHNd.jpg
486603,Anna Hutchison,/i7o5JRt43W3qsPbFm8qhsQAws6t.jpg
16214,Mario Van Peebles,/fiExKjVttfePRwmfVvMHPjC7F9n.jpg
47653,Aidan McArdle,/u4WvfQQ89EgsRJCz4lKduO6avC7.jpg
47334,Nutsa Kukhianidze,/fCucl0eGAE4I7i7fbP9hPlE5Uk7.jpg
1291350,Tony Revolori,/tSF6XmXDikrKZbFUeoDnafXxKjT.jpg
22108,Skeet Ulrich,/moyTBJUTl82PaAhm8aHGwlvKr7r.jpg
29512,Gerald McRaney,/eSh98sG5yTgXrYVTW6G8ptuQ3lj.jpg
20655,Hong Chen,/2xJBhVDqvBGJr7HMRcbSpXGYgIf.jpg
27755,Melissa George,/pqikObF4yi5PBbMGX806QNGUVW0.jpg
21105,Jay Thomas,/daWSrAYJtCi2qiwq6BYZfiUWVIY.jpg
826,Fairuza Balk,/jJGfElPOapRPRm99eovc3EUgLxp.jpg
7674,Alexander Godunov,/4oBCz83Pjxe66PlTmA9ph7m5O0e.jpg
20654,Liu Ye,/viShE7lIq0EBZYSY8R64wRaYJus.jpg
10475,Lois Chiles,/4iNFyon7E8LvwyyrMVDQ8nItVZk.jpg
210824,Kristen Connolly,/zcI32zxpotOTOYetH0PL7ZoHl6E.jpg
20652,Cecilia Cheung,/xghVxRPUmFCHYxzD0NxMO8NtoKK.jpg
58856,Tenzin Thuthob Tsarong,/zFzptxqoMbSXlIORZC5lcSDolzl.jpg
84075,Demetri Martin,/poesoCgSdYtCFEqWbrh6499qOac.jpg
11717,Mara Wilson,/1nhOc2os4LS76OHLyjnsD8oXc3I.jpg
14541,Chris Sarandon,/jP92Lq3JHl8mbdxzcZ6PyCQDwa5.jpg
58857,Tencho Gyalpo,/wvZcylZOuMQJnLY5H447wQ54EpR.jpg
2040,Christopher Eccleston,/v6ezjezzDo6xP2wlONO5ZzBciwl.jpg
151192,Ted Wass,/tkDX868sa0bX6Noq2ENEdJRHuXh.jpg
74949,Joel McHale,/7iwIiaYhIPaiAyiaZOc2Gl1ZAY4.jpg
73016,Debi Derryberry,/aCVgHnvGBw7ssZA9kl1Pnr5pJjU.jpg
68842,John Cho,/4Lar4uy8gk78cEocq6ERPRFWt3e.jpg
11023,Shawn Ashmore,/tXA1gFtsp9HWnzlQsaZSoZC8L4r.jpg
32987,Sam Riley,/hhcP4bUe4jpxPam6vBMikCxMD4k.jpg
58691,Heather Locklear,/rIvuZwIMRkwSVGMza7Tm2yBXD5g.jpg
57350,Donovan Scott,/zs0rbBBujZATXeEV3E7RMrXQ2W2.jpg
4521,Burt Young,/6QWnsSbjYog0D6hkPhg7Frty54D.jpg
53570,Megan Cavanagh,/bitalcVxjX8ThYaO6cKN4taodKD.jpg
3230,Todd Louiso,/6griQOOKgdbshI3SFrf7hD418HA.jpg
21798,Johnny Messner,/1TL83UaGFeBg0Se3h9r066VcHjo.jpg
16896,James Garner,/8186fvIAGrIGqnvb49CgULo34G4.jpg
58317,Chris Kattan,/oOu6buxGUSakpxDrm1V9WOfbhcP.jpg
6486,Dan Hedaya,/evL3mV8hNIjZOb1XG3qtgmiTgS5.jpg
17243,Jonathan Tucker,/9rHZEb3Xfb8PkpVAQc5v8lz3PKh.jpg
36811,Nick Cannon,/u8b5uinYCwdlCu6P3qcKZqeCgQe.jpg
11702,Adam Brody,/qKBWrohBYegm6AAaLrtxEqqouIK.jpg
7301,Anthony Perkins,/7FipKwmg2woHNvt5ATeXLBirHXs.jpg
89819,Zachary Gordon,/zcuaw53EdouvrHtLlTPNzeE1JKe.jpg
41901,Roselyn Sánchez,/srU7Oi0P5F3IuEEk14gKZwzzMWu.jpg
41883,Max Thieriot,/aBiTMI3qB6FPOVhXw7b15pjJkmL.jpg
98953,Jerry Ferrara,/yGziAkYkdtBmYolQg7MNkK5XP7J.jpg
3151,Jack Lemmon,/7jWVWLr1VJqQrN3d4YJaATCIHRw.jpg
8937,John Wood,/6raTQciey2xpcVV5c8HRV4XzFCk.jpg
53493,Kal Penn,/yICM1JcxKbEpaqTUreY0yFMIc8W.jpg
1650,François Truffaut,/3bXLtipaybsje01LlQvHvuUAZNq.jpg
22082,Lacey Chabert,/1q9Xe7QVi5oayhPMEiRPgd6FFKG.jpg
52564,Dillon Freasier,/pTm23xcMB2oLu6Mc5LNXkrXVdla.jpg
216,Josh Flitter,/x25rkCSSkBbOn4VrhHcNcPO9wOg.jpg
18270,Orlando Jones,/ypN7IS7lXOAij4rfMd4NlcF7f6R.jpg
84714,Juan José Campanella,/vnZ69dnDx9tnAkW9wicO9wHRQdx.jpg
1936,Martin Balsam,/2q7xs6j6vGll3pc9Mm6TUEvvwBf.jpg
652,Paul Freeman,/qrjgLfuNdXektuBwNL6onZBkbHw.jpg
8437,Teri Garr,/iscVncnCVtM8Wl4FmcEkr6KDtRE.jpg
56159,Dana Carvey,/qlb0apjFhoQ9UwCcvzrLm1mTIx0.jpg
78452,Gina Carano,/6K89PVbt3v2N7cqbPyZiO74yuOj.jpg
16213,Lance Guest,/rfLT0dxqWcAsN5rcEia6tHt2UpW.jpg
38334,Jennifer Coolidge,/hcpbV0dY4ZJxmZi1WcAWe8euqV2.jpg
20388,KaDee Strickland,/73xvqIpgGN4KqfFQJQR6q54I6FA.jpg
68411,Sô Yamamura,/norRWkMGfj3OGT42hKdQ5FvSBG2.jpg
1182533,Diego Ramos,/kcbluHyiJijbVZuyrxcRwZzGe8e.jpg
1212,Laura San Giacomo,/xOPY9e0HN6zYmI5HrmRSbwygEzy.jpg
20176,Kris Lemche,/5GTujRHh4fql56kkHVrxehwJGn1.jpg
93648,Pablo Rago,/cHzWuAHTi9di6s0BF5x6gOhxJ1g.jpg
1471,Ed Gale,/pTX4hpATB8F9lrH17OkFCB9DBjR.jpg
19303,Kevin Smith,/g8sC36zUTkSTh7y9HjWa4Rbr0JP.jpg
111922,Robert Capron,/aLXrKBU3pqHCg42G5DkHx2uk0SO.jpg
77948,Selena Gomez,/i2a2Lxpl3ciVL94GcMK8aITEm4Y.jpg
2879,Rob Lowe,/77decDyKXB34i9A1FnMM1suI5cA.jpg
71727,Betty White,/2Vlr5E1EoD4GglLHoSolLztBQWM.jpg
8607,Lorraine Gary,/6JKNdZopypnFnD9xSSlDs6YTHMC.jpg
19211,Ian Somerhalder,/tSrMGbxGYhda5f2870mfTtn9CG7.jpg
7664,Joseph Cotten,/djfCB0jPOgmq3w7RD3BMLzWsAu8.jpg
35548,Simon Rex,/hpFwRpxrJt7k4ccWEwc37xRZ8pT.jpg
129024,Jenn Proske,/qBQer7oYBKEsb8RqUqSZ8gSmFou.jpg
2167,Mercedes Ruehl,/8GUgm1Xcsb6LJgNugQEQCOpx5Su.jpg
47820,Benoît Poelvoorde,/eLCyWcuItrgp8KwdLimJkDCp3qi.jpg
55467,Stephen Campbell Moore,/5w4EvQfi5YipR5I5lhtN5dCDiEY.jpg
1902,Dianne Wiest,/p9mfzY68FtEbedOMNB5X4eBShhx.jpg
55775,Katie Cassidy,/v7cs7RFcfoiL8W1YRkZK5lBc57H.jpg
37154,John Magaro,/ah4Jm4Lmrgab9xdHwRId80S4REd.jpg
60739,Kath Soucie,/dSE1JtsdA1aSgIIw415bsXtmkPg.jpg
47983,Victoria Beckham,/eYJNcB1aAwhEVMGB5qcZtZOcvxM.jpg
221809,Taylor Schilling,/icdvnrgzoxHWpqpNAyGktkqrfc2.jpg
36423,Tom Green,/yHnSb0itPtEnbdtvnbHL2kB6sCu.jpg
74610,Tasha Smith,/viJnHL3BjQ5oqisXklQWGlh29Hx.jpg
6613,Minnie Driver,/2uwaHwpoutbXMuYY5v2dhWU0hml.jpg
7037,Jean-Hugues Anglade,/cpSxpZLgtzuizHyEmdkh9rgKkRs.jpg
2165,Rosanna Arquette,/qfS5G5VHW2gz2sYGDhIYRBoy3vY.jpg
36669,Rupert Friend,/a3HeMHmlXnoRlHLX9h31ZdZgCXM.jpg
90498,Devon Bostick,/zAdSA85Plp7NzhQeM2w8heHWgEd.jpg
20372,Edison Chen,/9JsNQ3m7oZLfmnql5I8qP1RC3sd.jpg
77278,Denzel Whitaker,/bcYEeb8POxw18D5GXrIrbnmaFJQ.jpg
118336,Agniya Ditkovskite,/jmEs7CD6REr7pq9LipAHuVKlyiC.jpg
69119,Garikayi Mutambirwa,/9m171pxXuv9UY1d2cTgQA7olnRV.jpg
12793,Matthew Marsden,/qejtyAt9dQdOS9AbXxSOwbw82E.jpg
52852,Kat Dennings,/nJHGtedRCIeAdysg18oJngUZmL3.jpg
66811,David Huffman,/6Pw8Cmangckqiwo7atzkXaUEkNJ.jpg
60368,Iain Rea,/tEA6qxH2GkzVLnpbr2I1OUDRMjh.jpg
21411,Ice-T,/96TdPckI16ggfHcPrSFf6bHYLLe.jpg
27008,Chelsea Field,/qGpq2QDoxWHLSm7NciNX2JyaHBw.jpg
56584,Bam Margera,/271c0qMNGAOwgbIqIrZf1upe4Iq.jpg
60370,Tessa Mitchell,/2IyedF2mMpCHlRdeUJO2a6A4nRU.jpg
12517,Freddie Jones,/mWozC9kZFNhxoRSCBvmykROmMGB.jpg
5139,Robert Englund,/cjGEkiavinHa1dnetDvnEhlD2Wm.jpg
17637,Taye Diggs,/1GVbezrPYdbmo7fJGtishxWf0aP.jpg
45749,Thekla Reuten,/grsIJAo7a37SAVl3La5aaUFpVla.jpg
52929,Angie Harmon,/ktzrAh55FF6hb4FzM5S9oTSTaeu.jpg
1270,Charles Martin Smith,/uzm5v0Q7nCH223EvPiJyh9Y0qiN.jpg
59231,Joel David Moore,/mMVhVglj6BZFuvqAXnEibce08k7.jpg
47984,Melanie Brown,/drg8C5ROTnNJWfjHLQAzlfht0E3.jpg
110068,Ryan Dunn,/cP0846ILp23Sz5W2bEfJxQMMJts.jpg
12217,Jay Mohr,/nk9q6JdcFQMLhaElN4lpUkxuqbd.jpg
77303,Wang Xue-qi,/6ZWonDufaYcVeMmv1ZD8MZZZDeM.jpg
19302,Jason Mewes,/jVL4WC8NbJFL894Z2FBYY3XuHW5.jpg
20766,Richard E. Grant,/6UXv8E4WWvRCKMQx1FQ0FJVyu0a.jpg
30695,Mary Kay Bergman,/heTLLKqi4g7QqFa2JtOfoOGNpWh.jpg
3127,Lili Taylor,/vWcMUi3QyvCr3QuFbjtwyPx7WtU.jpg
34519,Kristen Miller,/plgKgewVheRyAPbWZSGzo9Zksfq.jpg
34517,Trey Parker,/pVEfyxGOBoKoirRZtmSsJ7PX91V.jpg
87822,Damon Wayans Jr.,/f6gNg71Js9XqCiXUtyFyXXbJ9ni.jpg
54815,Steven Strait,/m7heTGlIKOZJgWrTtY5TS3LaZxS.jpg
31647,Garcelle Beauvais,/9KVgliXqMzKFfEsGdsuTkOby7d4.jpg
67600,Ashley Tisdale,/ot6ib67jxvKVG1JCBl0ROPGtdeP.jpg
47985,Emma Bunton,/m7R7U8gb0wnYGhkQaZAbvpnfWT5.jpg
20070,Jim Carter,/okiL3gc0mNqP0kPfMQHHvFjKnHb.jpg
15309,Lori Petty,/bmJFh4VxRii7h7jpo4YVC6BFeVd.jpg
26512,Carroll O'Connor,/mtWn8rcfkgxiR37o6KzNaqvaZre.jpg
1341,Donnie Yen,/hTlhrrZMj8hZVvD17j4KyAFWBHc.jpg
587,Edward James Olmos,/mXnilUrQBIMLHSQkPjQk99mX70x.jpg
1234,Tara Reid,/3m75fMnLhgmRRKM9bLb9T5s75h.jpg
29220,Amanda Bynes,/7bpm17KLd3e7pfEDUBdu8kKtc14.jpg
8608,Murray Hamilton,/kEAXyzRQ5POdciTjAUjRW4lIslj.jpg
1023139,Adam Driver,/rsjwgpV2OukxOJ9HEiEyf4qu1vR.jpg
20387,Clea DuVall,/yueygn1Lmmni7EaMQD9LslexDlu.jpg
7218,Kristanna Loken,/bcKHChmSGFoxFkLFm7AjfGQObin.jpg
87440,Chris Carmack,/ubJHfIw8aItjkY266hyTCc4NERA.jpg
14639,Mel Brooks,/c21qNcMJlHnRolfhQhZOVacjtwI.jpg
34518,Matt Stone,/nS3BOaF0EHd7vyATV7WBnFEvTLr.jpg
84835,Shoshana Bush,/i9V1xTHCXzW1R6n9itEHWSWTQQr.jpg
51992,Odette Annable,/zbEaTdg8a7USjfH5LxaU2U3W6Zb.jpg
71535,Tom Kane,/sq49aVP56G50Nr5kCL7Ove6Z9jE.jpg
1109976,Izabela Vidovic,/kG8Gp7BJZfKt4GP8cmYNOmrNyxV.jpg
65030,Joe Breen,/cV4tFW9QKGPO2nJfzMvUa7JIeF7.jpg
20132,Jon Foster,/1DSzQma0L3wRWQ81QVyhD2iN5xd.jpg
23658,Jennifer Schwalbach Smith,/iDLWAVErgp4elVvB2gR35wwcVDn.jpg
8487,Gregory Peck,/2Ojm5IwpTF5qdMTjEmdBh8UZM6K.jpg
56861,Tony Leung Ka-Fai,/il4L0QSp5STfZCB1wsvb6rSCDar.jpg
14344,Stuart Wilson,/ghP4hkVaNc4upspxsLQCwkOBhy6.jpg
58412,Courtney Taylor Burness,/rOhI4S5EHfQjPBJzmyAEWZe5fRO.jpg
57251,Linden Ashby,/l1Px1Nw9rMA2p3yBYj51JjOneQB.jpg
34985,Cree Summer,/7DRq0zPUUWu55pUbnc2roVnzOJ9.jpg
154000,Essence Atkins,/7VSU0tdljmG80fYEfP00FRASJQL.jpg
22809,Keeley Hawes,/9Zt8IHLR1PGso3fSV155LZ1jPCE.jpg
1159,Steven Bauer,/eMSeKPgfilE2v5VcmwSt5pxbp0x.jpg
64064,Aleisha Allen,/au0ZlSoGKlZAWkrweTpVa7kYBTQ.jpg
10437,Lily Tomlin,/eoFMSqRykiaXMGCiz7Kxehfqy1W.jpg
19957,Wendy Crewson,/6hplkzK8KV5Cw8Z8SVKwlt3nU5I.jpg
98087,Kellita Smith,/fH1yOmV3Fn0L0aaWbOtYSp0dj9Z.jpg
1562,Iben Hjejle,/7eowXOGOSYlg1T6RWmJizLQKFJE.jpg
22810,Andy Nyman,/9bN9RVoPWmsmV3VBI7hp4VKD9Kg.jpg
1017347,Brenton Thwaites,/4jrtVjdIGJpmgevEPRuIIU9HWcO.jpg
11824,Tom Welling,/iLyXgCimAWNHSjkTXb7e5KgcMWh.jpg
57166,Linda Kozlowski,/38jMpI4xsicdENV8a3K89NnXmTo.jpg
4286,Emma de Caunes,/4SGij5jBQNznmVxBHDBtc8gUD2v.jpg
17735,Mike White,/eJpW9GKmWh0W7enmjjZQ8MIEzoI.jpg
52023,Steve Railsback,/wztkAOAQZNGLlbrUrGIhV5cr1S0.jpg
64180,Steve Whitmire,/q1EVmCM1lKjI5OJOCmnvmYPWztp.jpg
1067237,Erica Linz,/93F6tYeHdtZUCvyd72oQAEopxts.jpg
99314,Yılmaz Erdoğan,/nl7WulHPoP6bw4phMwp0VuuJgyL.jpg
31512,Robert John Burke,/uWEaY5gypb6cp1bdUYG4uCKw4sK.jpg
18391,Lee Marvin,/bXVCrjGbGhPg6mgDi9OIrp5jK9b.jpg
2076,David Warner,/sJ5NyKkTmFGyiTrpCnZ1v0DSnQG.jpg
49961,Michelle Trachtenberg,/5jrc309hMc5QPaXyS2sT1Bjcf3Q.jpg
57167,Jere Burns,/nAWNCtD4DDOIAR63zVA4XZ4C8eg.jpg
74932,Paige Turco,/k1GyxA5YmN5qUpH5YzIe2zAoGgP.jpg
2109,Kim Cattrall,/6X6x8gLSOWxwhoquIi37769m0k0.jpg
3052,Rachel Griffiths,/n7rKwLjZmbkBKWBwhj9SYzsRaF6.jpg
6200,Diane Venora,/mZWVEZ18jMiJuS3A56tejPipdo8.jpg
55314,Kimberly Elise,/9Z2xlD8i8NXeT6NipPpmQfL6Mki.jpg
59251,Victor Rasuk,/1vh2Yzp9bhmaxLfpNCrO7DVoURd.jpg
1067238,Igor Zaripov,/xcL7yBFxSHaYiPdNzMOwSqSuvTz.jpg
1267329,Lupita Nyong'o,/y40Wu1T742kynOqtwXASc5Qgm49.jpg
51989,Jessica Lucas,/nYS2J93VapM1GW5UdqMFqCxVMUv.jpg
64181,Dave Goelz,/tBJDwH008IVSeTCB5e2P856NbIv.jpg
16373,Max Baldry,/xjk6RuJrjpP5nIrfwh7QeRbTzdC.jpg
90453,Nikita Hopkins,/923UPZB3B3KYzjRUOrUDOYv5Zrh.jpg
44038,Nancy Allen,/ok87WkvJJJTDsTzqgmoC5BHv6Wh.jpg
25308,Vanessa Angel,/dqIe0d5Q8gtIpY9nWix4YFjLhcJ.jpg
28478,Christian McKay,/mF8XtoeRqFGnG0fN8uKfNC9BSWh.jpg
18284,Loretta Devine,/cGTQ0X19bkMWqL6O00JK2t6uJBK.jpg
28412,Rebecca De Mornay,/zC2RrrdZv4UKUtHgCfKD6bJY1Qy.jpg
85500,Sab Shimono,/aMmU3CK8TkHAJSDhsRBCYkse4Ck.jpg
6719,Ray Wise,/60313U01R1j9eueDBXiIh9o55RQ.jpg
4721,Jill Scott,/vfq3acT3sWG1b2M4ior10zqXFd1.jpg
25703,Lake Bell,/sITVdq39jtR1l3VohWYDyxorx1v.jpg
127387,Yuri Lowenthal,/aLgXm0kbbIC8I5OBmnsK8TgVKwy.jpg
933002,Amara Miller,/j5zsWzZvUyeeypmyfl8qmkJpVpj.jpg
221147,Matt Gillanders,/48r21RoKhqu4ifqUoTCzurkGoRW.jpg
12139,Lolita Davidovich,/vQlk518qlef94XXJqtrkIqS3izo.jpg
27561,Amy Stewart,/mY9754G6Z2960tTVSYByBPYvPX.jpg
64182,Bill Barretta,/m4M99V64Bni91R8J2YgJ2QPwRDL.jpg
44050,Mario Machado,/mE1gnCm9ETbVvrmdc97p7TkVOk6.jpg
104632,Sylvia Hoeks,/wKC9LgqgJRCXuzs1kUKaK7Uicv.jpg
110742,Tika Sumpter,/1zTXufyuQFPXVthryH7KVoZAfb7.jpg
135651,Michael B. Jordan,/sMBpav8cK7t7Nk0yf4tuNOqNUyW.jpg
60258,Mark DeCarlo,/yVStCsncvhol6XK4FVuxkpfx2Ap.jpg
47296,Jeffrey Dean Morgan,/m8bdrmh6ExDCGQ64E83mHg002YV.jpg
14821,Fernando Rey,/wBm61E3RVGaD6XShiPgBu5tEKn0.jpg
41421,Jennifer Morrison,/i6dkHIME0BOPhbcPESHZND3vmtk.jpg
77517,Isabelle Fuhrman,/f85lSSPHMZZihqs7qfOn1xQHtH7.jpg
36801,Adam Scott,/b82C29R6fGiPoqIglQ4lzS6q2YX.jpg
32715,Diana Ross,/bY5fDEQvq1rRELGgbO38D2F2qC.jpg
5151,Beth Grant,/6THLoPYhIu422TqUmQDgnQRfYxA.jpg
21911,Shu Qi,/ycuwRV9fEKieAAZN81rC3xcuxaE.jpg
81685,Frank Grillo,/kuEco4vo1xrsM8DyrNSZUEi593P.jpg
92326,Constance Marie,/4s5IKXj9gKHwNWjm8o5LgAkBVal.jpg
11392,Dennis Dun,/kVem07C5bxKI4g88RkWUDsQ9BRO.jpg
54479,Bailee Madison,/ltGpL7Yub5XshzWfUb8XJbsIDMT.jpg
3830,Jean Seberg,/mNW6MJ5YAiFWAnH9pCmi0PjKXc.jpg
74929,Madison Pettis,/qhrDS8fupTeIknYBOfwMRBsWScF.jpg
77152,Michelan Sisti,
7572,Thom Hoffman,/9idfzAANRjFDPnPHsRVVBb2LbNR.jpg
55084,Sean Faris,/pYzNCtRlFXOpJRB3sZe6GWBTYDN.jpg
57685,Ray Allen,/wvKcFMupYQ8jvHiJUeeKyca7vIw.jpg
92899,Nipsey Russell,/oYA1JBxrfajLksjG6nGh0ExEPA0.jpg
50095,Jason Ritter,/9i4YvUpSlQDzH0U8y5FWXQkaAGf.jpg
65717,Jon Hamm,/mrXE5fZbEDPc7BEE5G21J6qrwzi.jpg
18735,Rock Hudson,/6DQsctwdw7vC3asZMTCpH88OE1S.jpg
129168,Alice Pol,/hxEMwyGAfxkOFwKhhpL4Rp4VfUp.jpg
52869,Madison Davenport,/r5rHOGWNFH2cADzNu5aYnEt0DG6.jpg
94482,Natasha Calis,/98b5mt0t80ohVVhBKL0VyhqD35e.jpg
9126,Edward Fox,/pEDs4mSeYRaZ1ky57I06Ek4b3k6.jpg
6907,Annie Corley,/rz72CxdBciMiyqY38Ik6C6dMB3I.jpg
58952,Adam Campbell,/7Om0s5S8YFu9V3fg26nMdR31R1A.jpg
778,John Ashton,/8TzYptb6pPxZJXfrJIu0UoZTNkX.jpg
18355,Alex Winter,/2GM34tP0VZegydEXgCj541udTP9.jpg
55037,Jeremy Kemp,/lXKzFH9PM3H0JDlRcgMkw6FWq3i.jpg
11885,John C. McGinley,/a9Oc7STg83syQh3X22u2TroAifk.jpg
108919,Chris Riggi,/gN2WtCJbiNnIVTQWuJZju6UNPrB.jpg
11850,Candice Bergen,/yDthvXPRkcwSVcPj9QZz3Z7ZH5B.jpg
54414,Jacob Pitts,/hSgGV6HNDk9GHObRkOGyFue0WUu.jpg
4090,Shirley MacLaine,/mpW9c34IAFPW0ODuKR8J0FAqN5i.jpg
50094,Ken Kirzinger,/h9PfH9SP4gO7H7RPEpLvQWLY3zW.jpg
68000,Colleen Haskell,/6pFN7ovlINXgHTpZosjBZUp025v.jpg
107358,Harriet Owen,/u77ttO4dvIbRhgHofzjJo7Rr1h5.jpg
7693,François Berléand,/5TDYSUfCj8vaG5sqJXUU06Cvafa.jpg
33352,Cory Monteith,/jG9FuqSu3KaEaPAnPcqnHjB4aEB.jpg
34982,Jeff Bennett,/6Fq3Q1e0Oz0j2J2fnFSl7fKCHd9.jpg
5442,Benoît Magimel,/aOeTK0BHBqRrHYUtjRBlLvdXjN1.jpg
11390,Peter O'Toole,/cQdULVxbxK1HbgqblImXfVXkGyO.jpg
6944,Octavia Spencer,/zDGydyM1fmvNWzQlTAns9IZjNxT.jpg
70233,Ricki Lake,/e49u3hZXgOuhBMMDxOVgY2Mrt8s.jpg
61658,Ja Rule,/jiYEwuTCkp0vW14eHLFDRJ9v111.jpg
31837,Dane Cook,/4UGHKnDOf75GZR5z0QHjrhjfpIu.jpg
52854,Sophie Monk,/agJoSOjmtw8wfSTNQarQwWwKuon.jpg
11851,Om Puri,/3xENmjr7CA8ACRViHnjOI5jPQUt.jpg
4432,Frances Conroy,/aJRQAkO24L6bH8qkkE5Iv1nA3gf.jpg
51390,Emily Bergl,/rZSSCh9fuiRM9imp9BfZt3qq6In.jpg
52404,Mae Whitman,/oy89WyETM8T3Z4aRJb2EnmqZ7A3.jpg
12150,Maximilian Schell,/s5UwdDSf3nyW7cye8b4oyXlX0AI.jpg
6365,Desmond Harrington,/toJbvangSsh9MQHFU9MxQi3S6h6.jpg
12670,Takuya Kimura,/sswCg8kvFsgSaVJwcIKKe4K7jOe.jpg
33161,François Cluzet,/4ioxRGRJdSjItLxAQ2pp7byWkd3.jpg
62842,Eddie Griffin,/xPiiT0BnxpG04Xqmj6PciBC0o7I.jpg
87400,Brian Bosworth,/4QC8xKpQSGNVq5MbufGFU36EIZG.jpg
20338,Akihiro Miwa,/z0G2wYBMxBHOREe99Hd5zmq9EVI.jpg
964971,Manish Dayal,/7XwaeMi2PJapWWnK7nFw9Kj64hf.jpg
550023,Natalie Dessay,/wppFso5aGmto3Pj5cOU42Z1x2PF.jpg
52474,Jason London,/bFkC2ZRcurTQzbjBuuMljFCKfEv.jpg
25933,Emily Deschanel,/lU6NK06ZLfNSA8pV5flxOp4YBXN.jpg
18326,Dennis Miller,/AdO5Dm8xyuYvXIQEuzpBi6nG9QF.jpg
77482,Ken Sansom,/2pvv1gFv5V0IlLY6rBz0Y4YLMyc.jpg
1666,Julie Christie,/siAi4XZhDPP8LRgbByzwLqVaLIQ.jpg
93592,Jérôme Deschamps,/yjV8LhSnlVSU5anv230HwQGocDf.jpg
2714,Lance Henriksen,/1PkFmD5HdjmRa2DumtwINnnAjTH.jpg
37158,Carmen Ejogo,/b2qi5NxOwoxK67LPz0MjVwjRcFp.jpg
41464,Scott Mechlowicz,/2PMsSnuukuRmHCKcQqqCnD0MIN8.jpg
19592,Tatsuya Gashûin,/fLqIdkShknsJmZy4EfBWuWyHN4C.jpg
37759,Kathy Burke,/q3z7nP1ryyGuwixShrBmghcmm0F.jpg
32364,Bruno Cremer,/93zsxWTRURLWOnTidKOJS2H2QJ5.jpg
17497,Romain Duris,/70KN228eNpvouPTCxDSurnCzx9G.jpg
27563,Amy Irving,/dGPkygyZ8F5lKJyiuqBLs3WveeF.jpg
54800,Anna Maria Horsford,/fVA25hLtwmrVsIVrcWOojaPoYEq.jpg
77885,Blayne Weaver,/cofWh2u7ma5cRMtg6KqJP7PsOnj.jpg
855,Lee Remick,/1MJSujFXBM3Rrq14FrLOXh2bq7a.jpg
51072,Kate Mara,/xZYD8wYHMmN9dMMPiohnKEFoTGx.jpg
4520,William Forsythe,/35BXHugSG931iVPbHn6W9SNXNY1.jpg
59258,Lewis Black,/1Yvp5dwnJ1UI0KtXGNhZ384wTgv.jpg
93593,Louise Wallon,
7351,Ana Claudia Talancón,/es8No01z8G0MFX2KeiAa2ouRfCD.jpg
43442,Kerr Smith,/2XHffxdkDVhaETNi6ajSntQ40du.jpg
20815,Skye McCole Bartusiak,/PzzuSKm7fSjBI1sH0gWGqbyCZU.jpg
101433,Aleksey Chadov,/A0E0JD77IicUC5BL2nG97DtU78i.jpg
647347,Diogo Morgado,/gT30yF7Nqv66B2CQl8Id0HOPmGt.jpg
18975,Wilmer Valderrama,/uohkEwMGIGCq4k8P2AiomuKQwYv.jpg
56357,Jonathan Breck,/8lEThSfpr7ebYApwEiU3hO6uGd5.jpg
78994,Sergio Peris-Mencheta,/uPE1n0JpbicJ5gm2fNarbsx6Nc4.jpg
28255,Fabrice Luchini,/krR5EUfM13UJwsB07ffzPU7FXYR.jpg
9768,Francisco Rabal,/4SXneju54P5QjrF7ZmAlU09HHxX.jpg
35341,Geneviève Bujold,/xw2l2FByJKCN4qWUpeVLU7p6CvN.jpg
47368,Barry Watson,/PjjFRCn8s8tgjO9nWmVlBVzpha.jpg
130464,Louise Delamere,/cKa154VIGEKorRtO9h93scygnm3.jpg
1054724,Dan Yeager,/a8Px83AGELiAFK1kze1ZDuuqLQn.jpg
57136,Ryan Merriman,/a0UG62yrO9BXl7udxPNASUfnGIU.jpg
51975,Laura Ramsey,/BtgZKo1hTRUHBBGoSQrtC6nnZI.jpg
7678,Hart Bochner,/nfC2ByTNS3xoygwYVbUYsx2Zae6.jpg
2415,Yolande Moreau,/hh5gwfxXuvAqljjiJ3IsJlFO0QU.jpg
41035,Edouard Baer,/dXrcKH4VFwXs34e4UlUwEUdAh0g.jpg
145143,Aneurin Barnard,/aiuFLvyaxmuglNi3nfQ3oL9qW97.jpg
50877,Jill Hennessy,/aKsMIyY7gro0rrowVj91grq6OeM.jpg
173150,Roma Downey,/nmo93m36akFM33NsPNsVFl3Uiil.jpg
34202,Matt Lanter,/2ms8DR9n4wh9ZU6lIuqsE58LPT9.jpg
27737,Bill Moseley,/tRyt4wTgNYJl7eqhM56B3gukU2A.jpg
40,Orson Welles,/e9lGmqQq3EsHeUQgQLByo275hcc.jpg
1214870,Tyler James Williams,/iuPSybfJYExEgUfSmIdN540gdHp.jpg
6844,Dom DeLuise,/3k45LlomavX4f2f3FnjtKhjojuf.jpg
110927,Penn Badgley,/3ekfkoj3YmRlCtez4OOZoVPiO7a.jpg
27104,Johnny Simmons,/51LZiAAI3ZW4vabNOQnd3weYgUm.jpg
34434,Missy Peregrym,/buMPx9vULW4crzXI2W3hAt3yg7.jpg
58019,Ethan Embry,/feYnMlTejbHfkhD1akVVXKWG0u1.jpg
225692,Jeremy Irvine,/wnyLs0r9j1IB4zK2QBkgg2TyAzZ.jpg
40036,Taraji P. Henson,/jUU2X9mDwJaAniEmJOfvImBS9qb.jpg
65871,Amanda Schull,/1u0zGqSDaWOQVYmnpUCmEZ50oJP.jpg
24808,Michael Anderson Jr.,/v6TqyJmAerCz8PpYGx9PrD3qSL.jpg
59263,Diora Baird,/iOVBvwBhcHIZuLZT3S9tJQ6mbTT.jpg
46074,Rachael Harris,/opgx6hYjg8OhrNjOBHJfzcfEVZa.jpg
820,Edward Furlong,/e221dMIBgb6Lk092GIkHB9ohQF1.jpg
54948,Ursina Lardi,/2jkpWQwylinnqcsYP6CuN4L575x.jpg
93218,Jolie Vanier,/oWnguj6yqMh4VryRryL90XnErml.jpg
938880,William Black,
10410,Danny Lloyd,/5pEmugZ6m25RB0cXbL4t5D4kZAO.jpg
30364,Tracey Ullman,/cmug3uUXKBo9fhCcJk3pkgt1nvM.jpg
13728,John McMartin,/Ki2qitrCeMGzuUoq1yzTJkbUZg.jpg
56024,Jean Dujardin,/iPtSWWoO8vajj6fIUQLQeuGOCsk.jpg
63992,Brett Kelly,/kHPBsKWF4Cap70LVy41vL5ADyLW.jpg
1932,Audrey Hepburn,/hwPHPRz7YqmcRAlvhag5VPeoaoC.jpg
20404,Vanessa Lachey,/26VM1xzOdg8RBv8EXtuETaPvOFH.jpg
22675,Damon Wayans,/10gs0DB8ulakUN47hZwFRr5UdT0.jpg
1047314,Glenn Hughes,/rtk7YeXhTEwQZJ5hxhlwMaQpinY.jpg
20051,Alakina Mann,/1tajfrhdqQXqXhbYZsdx9Q7pO6e.jpg
1793,Ricardo Montalban,/lL4I7U0j6Jc31XNohM86FN6D23I.jpg
67602,Corbin Bleu,/46szA5sJA9iuWFf4JfO4lECFqeH.jpg
15370,Gretchen Mol,/e3C1D1I09gtSGy4Ej1ewW2FFoew.jpg
27974,Daniel Tay,/fMTHWYfnB6ElioQ1p0mvblaabI4.jpg
52938,Vanessa Lengies,/yqnNHJsTQGVlkSN5phh9QShoXTm.jpg
15899,Jenifer Lewis,/htrTYcoJQQpSYo6BrRehe3h46vo.jpg
120249,Iris Bahr,/jsBU5eHvh8pWXFwMTGzGa8xJK3q.jpg
40980,Susan May Pratt,/vKbXvIN6iSftS4c6n8xAQFHpJ0z.jpg
1101,Carl Weathers,/9Tot1ywxTQA3vFCcAjyK6h9Dao3.jpg
142636,Josh Holloway,/biuhUJn5BDhXpfKvVW4dVUxvB44.jpg
49706,Adam Rodríguez,/qFSbLvyNPZK40hY9gZXJDvq0qVK.jpg
24516,Daniel Baldwin,/8dp3G3EvnQrp3awh4gc1nNsI60j.jpg
14701,Carroll Baker,/ui9gwewS5Ofb2sop0ZWN9G8Yako.jpg
11151,Nick Cassavetes,/cSAkROMjuYBmzp7T3Da3WP6loZM.jpg
85236,Paul Rust,/fTcHwLTs4bYHXdsVGf7fdNS89HS.jpg
43662,Anne Suzuki,/1RRQSUasJccS7z338K5OVk2HxmN.jpg
12219,Jon Stewart,/vb3o1WmC21HYMPktM7hT2eV390J.jpg
24318,Richard Benjamin,/i58m0OdJLHBez2z6ZbXiqXOZZpV.jpg
543505,Jake Johnson,/3UNfW2qZgRkW81neNVfQvaRC92K.jpg
1102,Elpidia Carrillo,/u8ZEUAUdVjUE8DTddv81rE1Qer7.jpg
8198,Ulrich Tukur,/8cRioOXiW0FSN0eWysHWdl4leEf.jpg
31132,Columbus Short,/rUHCNAvu9xOmBP7i9jAABR7j5cg.jpg
73710,Raad Rawi,/8RlUcBM1ggcHXmXLtIo3CQ8iDZW.jpg
29221,Brittany Snow,/uSQW2E7caOaXHBbvL2jdzGbwDwH.jpg
74615,Nicole Ari Parker,/uy630vFQOKWpuEDFF2DuCQ1Oiez.jpg
35476,Brittany Daniel,/vVnKokLIiv6lW6eQ4hQwla9fHuX.jpg
12727,Stanley Holloway,/3FLfK05mtqhF0mtuWVVWQCYwbA9.jpg
10017,Charlton Heston,/mJabHWZrjlFiF8U8Bbr8lSFtLX6.jpg
28660,Emilie de Ravin,/T4pyhFEPC8zSgUz9p3uQT2J5zX.jpg
4390,Ludivine Sagnier,/hd4fLjgtgNEidJOjuLNGfK1sOhm.jpg
88183,Omar Gooding,/qDZ8WVbMQ3inSUn4k7XWqgCAIvm.jpg
25147,Tony Hale,/ar4uapp4w5wMkThZcqWUNMSTO8z.jpg
11160,Danny Trejo,/7JrUkRGBscZ1Hy5JinaaXjjzSCF.jpg
4000,Elizabeth Berridge,/qMAOM7cMnNs6emGQXoVzRYozgc0.jpg
70120,Masane Tsukayama,/7zeWvl3m6EAqCL0TKwGL3hVso3F.jpg
106836,Alonna Shaw,/mgKOOY18bTKQ0N0DL9vLPbkGKiN.jpg
8949,Peter Fonda,/dgorN06SQ9ZNL2NY3I7BNxg93lc.jpg
6163,Adam Goldberg,/xEbqDqTWlSSCi4v8FI3S9YSEPJz.jpg
25503,Mandy Patinkin,/1PeZ6roZvkcoyZZbvoSIWTgGe3a.jpg
22122,Meagan Good,/iwSNBQKKDhEbtNe8I4ROYoYmWqE.jpg
71198,Christian Kane,/jPUk9WXrdv1t30dZgcNxa8OxSu3.jpg
4133,Giuseppe Andrews,/lQrnST9P6aRbxAs2eQiCkkBY83v.jpg
96625,Minka Kelly,/A7k2z1JGuJwcrqMgCBqcPjzbLAL.jpg
98772,Lauren London,/vfUJtwfux3nwEGWIbrC20LyH8fn.jpg
6726,Sheryl Lee,/4w6V09jri2rP6u1JkaEkZC76KLY.jpg
3934,Burghart Klaußner,/fRRo8H3zqvKJxyId4ECQeKqYFwM.jpg
1064,Crispin Glover,/imBnLpSXvg61qDDdEfvL6R4ITKt.jpg
6681,Sherilyn Fenn,/dccP3pHxQ66Dg7swNlYRwxIJwyE.jpg
5620,Kevin Farley,/aDWJiqUJz82iFWUUvHBSpacPkmv.jpg
77156,Kevin Clash,/yZ5EdQQvjifJ0hLh8CU7Ug7kz1e.jpg
122889,Dane DeHaan,/8asHTI9I2Xz0ki018r7b0LuLWf4.jpg
18285,Jennifer Esposito,/8sRgUsp9vUWlaRfoZH8Q2SF8on1.jpg
19961,Nina Dobrev,/dDRGIMt9qHgaaGoDuzwO0XDfOBS.jpg
70121,Katsuo Nakamura,
9599,Cloris Leachman,/o8pnV9urjuHZDAR2u4UjPy2CR1u.jpg
1014932,Gabriella Wilde,/peAqNFZWHjpzKqK2TlrGTnfXptT.jpg
25787,Ava Gardner,/o8t2jFDuUTqAh3VYvj62yQfHKkD.jpg
56252,Erik Stolhanske,/eVMov7majKwNO8eOMcwweaAnBJj.jpg
9857,Karl Malden,/njDua2jZ1X1f5SYLzpxDt0hIhYu.jpg
65345,Sandrine Holt,/qvuH2mRmfG2yIchpsHefprcKYLK.jpg
30083,Lindsay Duncan,/sgyf4vOUs5KlRmp4Uuw7UXKjU2b.jpg
1186840,Sterling Jerins,/10kkqqbO8Ct58DqsBPSQIsG9ve4.jpg
19587,Rumi Hiiragi,/nTKM4GgfkrZvAOFL55uhEuckt7M.jpg
37698,Mackenzie Gray,/yGU7RTVvI9fR9BpCt5TePYOpx7W.jpg
52049,Jay Chandrasekhar,/kPBrBwm6BzUZhYPzdYcRwMPkgPf.jpg
7303,Vera Miles,/9PDTsJnBfrAlvVPOBBFS3ehN8lD.jpg
7427,Felicity Huffman,/hbGEEamG47fo4rrfBKU6YgbasVQ.jpg
52051,Steve Lemme,/iQnIsjeUA34B2w4EuM8mR1TglJZ.jpg
8212,Peter Gallagher,/msyfiU6qgG8QKntiXngX6DFK2CO.jpg
7304,John Gavin,/n8vlG1PRtNzv6vlwjTNK7UnoKr0.jpg
20818,Allen Covert,/7n3euonyxM0wOGfk0T50pgHo06v.jpg
14261,David Niven,/ioW2DU6T2HPvTdqUSaLLQmGPb38.jpg
10961,Gavin Rossdale,/zjvzezZJwfKX2gJqyT3aF9RukAM.jpg
12656,Joanne Whalley,/ItU1ROQkWkzabwdFG3H4VndgBb.jpg
225610,Joseph Gilgun,/A8wFwzX8ejdfgeNG7OPbz87ZCrs.jpg
55463,Jessica Stroup,/wZcYo2LWjSvrlMncHCAkIRCV2oY.jpg
65344,Esai Morales,/cNYciYzUzxraGlw0BPql1QePi5H.jpg
10843,Luke Goss,/bHdc67gZFzZ7RJmgYbMtfaCOT4R.jpg
19588,Miyu Irino,/8qEEhHUObNvGQr4e6eqLu5z4qTz.jpg
78018,Allan Corduner,/9bZTEBUjY02UeooNnghZXxKfiO7.jpg
12853,Juanin Clay,/44LAsJqXWo90omrgRhFtYwKNup8.jpg
2454,Matt Clark,/n5TJz5CaTqRXLpAOl0wHJXrPQOk.jpg
3359,Laurence Olivier,/kziWbtgEJB0dFZA6kPyzoaYEyQ5.jpg
29021,Roxanne Hart,/sNDRhIcW51b7ruS8yt0Xpwa12Mz.jpg
82923,Bérénice Bejo,/geRiss2B8CWgmY0VZW0dHsWiAOt.jpg
25540,Sandra Oh,/zU8vjebHxcP60ESEL5Ok68KWZvj.jpg
28640,Molly Shannon,/5ZTbNpJtDRU4ZCH24nJvFRxaqAD.jpg
87431,Tiffany Dupont,/97DhDQTExvIlmWDWcT5XL6qRj6Z.jpg
530618,Jane Levy,/7eGX3HbChmEn8G8nGzB7nvthlfI.jpg
15007,Laura Harring,/6g64N2VsADTPRDsKcJDO2ayGQUt.jpg
928575,Jonny Weston,/jfNlirPh9TrBRzo1LaCN4CGvLlK.jpg
10978,Maggie Smith,/Ae7DnC7mLIiHVtQZE6YPs8MInx7.jpg
2769,Natalie Wood,/6me9oS7GV1VjejWV61XD6y7fVA1.jpg
9221,Donald Pleasence,/eVJGFCd8ikP6w0XjkuiTbsm65eD.jpg
15500,P.J. Soles,/1f8uZoN3oLGmsoEOmOiaorxWoMt.jpg
79795,Shiloh Fernandez,/lS3I6nLQ3VxmE6KRmjoXDskDBnn.jpg
109813,Xu Jiao,/tYVYOWMdX5UvoBdLLHRjWArsRFd.jpg
6195,Harold Perrineau,/bVSLpGUaislREbujmknOqadrxYM.jpg
205474,Adelaide Clemens,/z8eA9Jh7IvDJoGHmhZj6FmJJ67C.jpg
1021869,Ian Michael Smith,
74947,Kitty Zhang Yuqi,/8hB76EhyawwiNCzjPp2IfmONG3l.jpg
2314,Peter Falk,/e59x8ITouNlyz8Qa2abb5lxiQvI.jpg
19589,Mari Natsuki,/MIFzUc77Sx57FQOZsoiGWEbpH2.jpg
67599,Vanessa Hudgens,/8S8Nn5m5qkiIrEJ3dzPRjltzrkx.jpg
53492,Sam Huntington,/x5n6S3tiBnJbZrZVE7Y0NnO8Ghn.jpg
22462,Joaquim de Almeida,/muXJn8kTEPxJaetkgCyS8RPEzTC.jpg
64913,Marie-Anne Chazel,/iDfbfCk3uzlCaFypaIelkmIlhmi.jpg
56881,Shelley Long,/mJuDa3tiF1d34phattCVWVrFKIq.jpg
31024,Betty Thomas,/y9K6S2TsiLpcQoIwDM1qigx1VJ4.jpg
1008607,Sophie Nélisse,/1ScgAuQ4XFslWxjvHN6TGlg5ql9.jpg
16811,Alexander Scheer,/theCVdJMpcftmR1TpTbvyGAdnhh.jpg
57637,James Hetfield,/1DBDpjWorXCwvMQLZeDIGfDQ5sJ.jpg
138,Quentin Tarantino,/1gjcpAa99FAOWGnrUvHEXXsRs7o.jpg
54729,Clark Duke,/qL7x57avA9IupsjtwnpIuJ8p8BD.jpg
26257,Leigh Lawson,/iI3csD4KZoA6nXx6K1c902YNxgK.jpg
42626,Trent Ford,/kR1oMCNJNUfYK0vAv5X2OFbo0fq.jpg
860,Eve Arden,/54He7YAbDOob0T0dkd4rULfbARz.jpg
12688,Peter MacNicol,/8gizugTP8hykdfBkOY0Qg0aqpiP.jpg
2144,Tobin Bell,/y5rppj4alNn2dYXR94DGp08baAx.jpg
20196,Boyd Banks,/blCI4O5cuxZpClfKwHBtTtqYibY.jpg
5247,John Fiedler,/27sXisLWQJQ49PD40j89miNhL73.jpg
49735,Aidan Gillen,/fWWRgyJEGjOPcx43CaFiUCWMBLo.jpg
6569,J.J. Johnson,
47538,Polly Adams,/fKNVQxpm0htHyTMr6yZ90xM0Vwb.jpg
39658,Sally Hawkins,/1dtDq82dM2YQ17lBL4ZKPJo5LKw.jpg
62410,Sammo Hung,/89keYn2aBaxLXWMEbQVHHIh86ri.jpg
1247,Matthew Goode,/3XaKKl0bKswTWbJ0Lh9nZ4UdAQo.jpg
36055,Costas Mandylor,/yPkQdbhCj2EJM0cjDtkuJTlFp86.jpg
210773,Rutina Wesley,/ujpdNAKxlv6TRI2mm0k3eSSZJkB.jpg
43131,Gerard McSorley,/8lrwOpnfwbNLbBzFvEj0t47aELy.jpg
15998,Joseph Ruskin,/CmELizKF9uR62w5zhiB5Gl65RV.jpg
89705,Alexis Georgoulis,/6R8fwSp48qU4eeZm20QRrVbXMwU.jpg
62816,Josh Zuckerman,/kb0oEHc1a3lZUoPXaSyccfinFOP.jpg
80968,Dwain Murphy,/8tQI3AXInj4EP5kqZ4GOvEb4V8j.jpg
16970,Ivana Baquero,/j64Xt1nQTFSZidgCHDq5wN5dLjW.jpg
83633,Vanness Wu,/9dwsdvRcMnXzCO3Oj0zQNnBEZH4.jpg
16757,Sophia Loren,/lxhkn933v8EuBHvfTWSS5SQQnJ4.jpg
60700,Margaret Whitton,/AaeGGScxFyAHQuKzYrNbSxw05iR.jpg
54854,Terry Alexander,/hbSrIHq9KsxhxsIZtpNsNrH0syZ.jpg
56446,John Cena,/rgB2eIOt7WyQjdgJCOuESdDlrjg.jpg
53962,Đỗ Thị Hải Yến,/jz3oiYpF2XCw7OjXkrYo0BRD6Pa.jpg
57609,Yuen Wah,/50iChkgIJI7ZmPUjCpYKfEsXBnf.jpg
11395,Victor Wong,/3XvU2mK3i5V8Un7HyZn5pVnp4qw.jpg
90033,Aly Michalka,/lPaqOO9Gt9hLJIo4FPB3ADUjAtt.jpg
31070,Ryan O'Neal,/qqzLcwme60ENV8PEcdWkS2zctMx.jpg
67345,Fadi Abi Samra,/ttYU20sBXUYimLVFPmfVpjRc4o9.jpg
21045,Maggie Q,/1Z0A8axunWqZrskGkfANv6W5qCl.jpg
966053,Lorraine Nicholson,/dmItjDoFIsDjpHccEYXVqfiumRe.jpg
117885,Gattlin Griffith,/esMHJA8lP8y60AqJZH9JJBMIRIz.jpg
5317,Gaelan Connell,
59688,Trish Gates,/pxKv4n08bSIPT4gAOvRySuAIpaA.jpg
76229,India Ennenga,/ygWLnKAOUrTxzR9VqwEhQ29EbmX.jpg
2275,Caitlin Clarke,/59PKSNwM5Czk3XWDIsHnBMbiIOz.jpg
54853,Lori Cardille,/n0xnxURr1aUUVDxXJ4YHHLh4SiY.jpg
1244058,Daniela Romo,/ywqosg7f0RfGkAS79ex6dvKZfw6.jpg
61959,Jeremy Suarez,/j8r6JTIS5lZvoajCiaSyF64gGlg.jpg
71128,Ashley Scott,/7k7Sa5U8F5XL9Gjnn6OP5YsyBXF.jpg
31383,Caroline Dhavernas,/p3yP2JVSqcZGXUeLnuiJMBXERjF.jpg
1466,Charles Durning,/bozKytaYVKoIbptxkMFWepK09U5.jpg
13275,Tadanobu Asano,/3CBpfGRcPq1jEeYr51TiOiNbZzT.jpg
11022,Aaron Stanford,/xt2c0vdTb6UmSFq6fl09iCcIFve.jpg
5444,Philippe Nahon,/CHlLvN1GCXb78eB418z9yfhrSu.jpg
84021,Paul Gross,/fqpHv6pMb7OnAB6PKSMX23Pvrzi.jpg
85825,Leighton Meester,/6P8sa2eR2wpNkA1n1NVHREaeXPV.jpg
10020,Stephen Boyd,/kQxB3VylrgEnCdzRB0hyf4oBXpT.jpg
5727,Diedrich Bader,/z7CctykPTuXDfAs7pkAA7vW4b3T.jpg
56262,Aaron Abrams,/JBmN6Byyo1QSKIagjbCrTFX96I.jpg
12689,Ralph Richardson,/rPGUnz38kKtFfYmmEqVAjqZPA10.jpg
10661,Grace Jones,/uelIBmzuRiwnBjqibPGbX58ULUe.jpg
57607,Stephen Chow,/j5DWs54BGZfp92G43c9OyHPvkNG.jpg
45378,Sandahl Bergman,/brMLA2WKHDMPwjyYHdRNgEtVwat.jpg
22434,Betsy Russell,/kXXYUAwC1HGTzIyyHEdw7WeXnuL.jpg
921,Brigitte Nielsen,/lkP0qKkDOvVk0ETZX0bx3Qmufkm.jpg
7302,Janet Leigh,/2dv9IqJEx31RSoH7xAHlJZXF5uB.jpg
16971,Maribel Verdú,/xfpNy6z0eN2jwhv8NQnUxUYGq2P.jpg
148101,Sean Fox,/7IK37SVymBJVIlB9XM4R4B69h6N.jpg
5443,Vincent Lindon,/tjRKMKfsIH7MrqtN7cMPIZubSXa.jpg
21278,Alan Alda,/6ccCKFhXiMmjLoiFDyJaU4eJaQO.jpg
54855,Joseph Pilato,/msCVPwTXO9jWOhY6IGb6FP8oH6b.jpg
568409,Damian Woetzel,
27858,Adam Trese,/kNCjIozZRvbntkRsuRq1xJSppYI.jpg
41526,Patrick Timsit,/lS22SWFT4jo4mgfC0HsbgMstPf2.jpg
81098,Joe Dinicol,/xI2JVyNnjjVveupCR89qqkoAkZM.jpg
58181,Wilt Chamberlain,/bm2eb1EOK0LkUoPuvW7T0MB8ucS.jpg
12260,Ron Eldard,/5Ww9aaJZjg1N2S6zpJkrZmQVMEI.jpg
53480,Khalid Abdalla,/iYRhheaol1T19Qy8a8pTIPk9COK.jpg
119426,Yuen Qiu,/5S70RuTmpHXCcyZNzx1sTjamOKw.jpg
678,Martina Gedeck,/ju7H4RLIzfrcMg2e3SUAaA9fEc6.jpg
142368,Darci Kistler,
677,Moritz Bleibtreu,/xg2F0OM9ZTLrEvaQsqFSiMH79WB.jpg
8187,Max Elliott Slade,/s22j7jmD5hUnBU835T3NsCtT6ao.jpg
84206,Keshia Knight Pulliam,/e7v7V0jYgtYFuVKlLgsv27SKOi5.jpg
74927,Joakim Nätterqvist,/mfNcZwKWImFVuqHNXblhVFANySN.jpg
929906,Jared Gilman,/13KfThcvowIgbLpOfp0ihoUWRe.jpg
40656,Juliet Howland,/zOQL9442ly2q4pVXUh1KaFRhbqU.jpg
114254,Verónica Echegui,/A6bHIHnDlmKY6pWOlgLNsUf60W5.jpg
4765,Jason Robards,/9y0HAtWWBkB02gVzh8QDdz6UYZH.jpg
73774,Sun Honglei,/c2gBBUSd7JIfs20W76IutS4o3j4.jpg
13473,Barry Bostwick,/z2jlL5g5PMxelSHMXFF03fTSsLl.jpg
3267,George Hamilton,/za0jt4pZEjHf3kzUecbIC6hpX7I.jpg
5025,Vinessa Shaw,/qqSpAMH1lYMNxnHkDHB1JpNa086.jpg
1116973,Carlos Pratts,/hLE4sdwlADD4vKrKTbDrFFfICjK.jpg
82987,Candy Ford,
10135,Jesse James,/ebT4hnQ1VPtm9itUNp74Yj6Sx4o.jpg
95638,John Pyper-Ferguson,/2IYFYfH67yG1UGedH49BYjigMe.jpg
83037,Jan-Michael Vincent,/b7yhLzbj72RLVemoj7wv7o3C30N.jpg
76126,T.I.,/dHnR4QavU2ILjvbr3SXBh4cJSdJ.jpg
117642,Jason Momoa,/3troAR6QbSb6nUFMDu61YCCWLKa.jpg
73775,Khulan Chuluun,/vKz8EgnScqx3HQxGBVFnuwbG9Y6.jpg
45827,Ashley Greene,/7crsfr0klw5iaYvZ3n9ps6RCIhp.jpg
17857,Shaun Toub,/6fuJ9D50bYuMAhrlEgVqzgqF0LU.jpg
1581,Mary McDonnell,/qqdaaFLEPXbB8thVJJkYJ4WoAuj.jpg
42168,Nancy Fish,/4hsbpX8MaxXDQBh9T4IJZD3wGza.jpg
66700,Will Young,/sDsdMyHpJEsyqsnFkXm86YwN67O.jpg
38703,Kay Panabaker,/f9CpmrB7SukIaUHMeoXVqDS8AG2.jpg
24590,Dominique Sanda,/7pgdyP7WDMLIzrlffs8fK5370IX.jpg
1557921,Ramiro Rodriguez,
60898,Sebastian Stan,/v20RLWst39klatsqUgSrwHxhwee.jpg
94103,Evan Ross,/95rr0S5zC6csxoZdFAvv4Wzo4gg.jpg
66741,Taylor Handley,/4LHuGBcwUOL0iwjtBXNPQOsSfC9.jpg
568410,Bart Robinson Cook,
58731,Diva Gray,
16972,Sergi López,/n3HcmUflYYaHUiQmzaayi0yqcRf.jpg
1117,Dennis Farina,/4hEWe0ZcDpGlB3nRizLkVMcG13B.jpg
6804,Graham Greene,/ubX9pwrzQqnR41gAGyY1GoSZr1G.jpg
1162,Robert Loggia,/mRSUgJnfprCNw83pyVfpfW7ryfK.jpg
937,Derek Jacobi,/yHENzHZSVpnNrqsoATuDSMiQflf.jpg
984,Nicholas Rowe,/mAR7cSZO9V9v0fFlDxiKDfvHlkQ.jpg
22687,Johanna Wokalek,/b0uEVTTHgQnR43x3BeNfOGJ0iKw.jpg
622,Yōji Matsuda,/42WeHwCymsgJh3mLAyknCdRcef8.jpg
10993,Tom Felton,/etmtUBzJ1i1XJTLS6MkotJFE1se.jpg
1933,George Peppard,/td2SN1HGqgGsWLi4YhReMYvH2ik.jpg
54499,Briana Evigan,/zdsLR9na5EbF4rcRTzYNHxIpbOi.jpg
31921,Sophie Ward,/2ePiAlSa7djGfSF12RKiwgQE4KR.jpg
1796,Kirstie Alley,/9XZOeQtmvHdBkuMrlxO5PHPZwJo.jpg
36409,Michael Beck,/xWZtbKcLcerfXdprxnA67WluqBz.jpg
37045,Nicollette Sheridan,/5jClu0aOq5hLzXa0ic3NoZBuZG4.jpg
73128,Skylar Astin,/dx6xbrerLNKHbUSOdTI68h7qrE3.jpg
33162,Harry Belafonte,/8x9zZS36gSOKiTnUwoBqYKvnYg6.jpg
6735,Luenell,/5Mz0UEpcu1PHftgmKgoEhSSaiiA.jpg
10871,Natasha Lyonne,/2QJoTBEIeYyjGSDot9qxv2ayPH3.jpg
70881,Alan Cox,/kvIuMs9Oif3Ik05OLdSZcvdDA5o.jpg
5251,Jack Warden,/hSShXiYMfRpMByaB5euZ59qCKN.jpg
20330,Yuriko Ishida,/8gJCFpxi7XoRkQJtrN7WmFUGicY.jpg
53481,Atossa Leoni,/jM6zviUAKx1Bk2Y88l6NFZ4C6B7.jpg
18071,Geoffrey Lewis,/codb8rrsNqnsq3e0MHkH3kAAJwg.jpg
1757,Persis Khambatta,/swZL7NlIJJuXdQrlL8nraQFOqfE.jpg
55885,Sofia Helin,/aOzrZ51r9sPAE8sJvQm2LuZ3hYc.jpg
55093,Scott Baio,/hQXqBqstzRxVzplIE8dFkSkLPkc.jpg
17087,Michael Moore,/m5YViuBUXfKAHNEUObGpzhzQPgE.jpg
15565,Jennifer Hudson,/2XPtoGs9GnM1NPj2xCxstzGma4V.jpg
73836,Laura Regan,/1C7ILmtvA8glzPFb5UmsjHtaRqJ.jpg
16839,Matt Long,/7oOTVu3N0rmNKNn8T6kv5hiIfe6.jpg
57451,Leslie Bibb,/g3a1O9lOTZvrwQupUtg4Fc3CdTd.jpg
20331,Yūko Tanaka,/fMonAnp3OQ16FmGy5SGhEJRcuVI.jpg
19754,Tony Cox,/sbZS0gxvRsAIgHxIEL8STINpn7u.jpg
58368,Robert Hoffman,/idAwI1mQdcEzUK3ihcfCVT84vnP.jpg
46772,Marc Blucas,/zQrZosMrd5pDWTaoOIHcbfeFOQS.jpg
1047312,Alex Briley,/676KeiIyadoe9AR5Z6QM1mTKxQ1.jpg
16165,Jon Lovitz,/jBXSLoDEVwYkNqSVWHV9yDo8whA.jpg
101519,Naturi Naughton,/7MAE01ucdjtV1lSeHB39BYayl3N.jpg
10409,Shelley Duvall,/zwscEWl7QLiOsfsvzGXFjAQCVp3.jpg
66526,Jackie Long,/rgoH5b3JBsMI7LCT0thVhNiyeuu.jpg
23670,Grégori Derangère,/hGil5CTnudDlDaCdvIWfGT7jsdG.jpg
65850,Carolyn Saxon,/oOxTXylMrchL1vphkwwuchcAvom.jpg
6212,Zak Orth,/ldywlWMt89PO3qLDL174TpTc0ce.jpg
101521,Kherington Payne,/rseTuW0sNGvYDpt5cKREQHHBQRl.jpg
62747,Chad Michael Murray,/jIkzUQUVLkgn3HFMFRJBDAD0OLj.jpg
112161,Chi Cao,/541lGZMpzQNOPDjW5qgf9t9LU2R.jpg
54500,Will Kemp,/22fDAmoI0oEPU6Iaw5vZa6nqC92.jpg
34612,Anna Chlumsky,/y5FMFdsORlQVhUWiR8yC35COlpO.jpg
54645,Nia Vardalos,/vEsVp3bbVG72BBPJW3ciIcsUOX5.jpg
112162,Chengwu Guo,
11868,Sean Patrick Thomas,/59Mqg13DVutKEN4ZmkG8O814uKg.jpg
1047313,David Hodo,/mAF3r7aup9ioRud6eiThmmwuNVZ.jpg
2155,Thora Birch,/xJ6Bb3C8f0ior5LlWdNzxlb8cgV.jpg
112163,Wen Bin Huang,
78150,Joshua Cox,/8Ytez6iD1f4mVSGbixkpfGO2v1l.jpg
37366,Linda Blair,/3jswDdLDsmSAO4ZtVPwyKAp6D5d.jpg
76136,Levon Helm,/zc34tb129p4lBJpNaHR657tWxVv.jpg
2192,Lambert Wilson,/pFuLPZtgrKsnRXJCKWILQ69k6Ta.jpg
35806,Shaquille O'Neal,/dPpPU1y7JEOQHVGv6vNLcCDJhLP.jpg
19117,Emmanuelle Devos,/bX1l2sTxoXVMRBky7rfD3lVEHud.jpg
12795,Nikolaj Coster-Waldau,/rpFOERbHkj7GWxkinUNiQ76sSGk.jpg
3900,Linus Roache,/u98VM2S9mbUMCMPvCpk2OUn4Eg2.jpg
3064,Peter Mullan,/gDfzByasdmYhjcIVrArKhWtFYxQ.jpg
6487,Richard Roundtree,/wPuLgW8PrzJFBrfsB03oon5MT7f.jpg
2234,Michael Bowen,/dYIzQQ4yozTIlpqJbmDkSyDd86C.jpg
32486,Allen Payne,/fGma6p1NUrb3hYYls4zxneNcyAa.jpg
2202,Steve Harris,/6qD0I3RPe2ivV5GdXgW3tJHSu1e.jpg
64436,Daniel Wu,/w6fCmYDlTNYfgdXBZjZH107c9zJ.jpg
23959,Debra Messing,/7YmWcP0VmO1AIoviqXoREMbjQ2V.jpg
1534,Chris Elliott,/oZFGgyDCZaanGfco1UdfxM4rHAJ.jpg
2230,Pam Grier,/irCJf8OTSaPkThijP8PWkP1A7ls.jpg
82427,Adam Clayton,/7YMNUrUte44ZajlvYbflpOKLZQo.jpg
82426,The Edge,/xPg1WGuLLCKzXhzzgd0r57d8GG5.jpg
225695,Jonathan Daniel Brown,/jCcqeJBn2ygbnKv2YZtZiZN4Nfk.jpg
5376,Jean Smart,/gOvEAOtrtedfgS7oQvPgHuJV4F8.jpg
15008,Ann Miller,/wIXkTkf7bElq7u7kSlEVfoDnzYZ.jpg
52475,J. Smith-Cameron,/7MBc2xJA3BpW3SnDQsww87IA0Tr.jpg
9138,Gemma Jones,/hFApnOEWXyE55ONGGXis6a0PPHM.jpg
27422,Bruce Payne,/cblyve8nhSWZAtkAE5kftWpc8dM.jpg
236695,John Boyega,/3153CfpgZQXTzCY0i74WpJumMQe.jpg
51536,Agnes Bruckner,/n9bglCZa1Qv9cYbP8f7hg32YciH.jpg
821,Beverly D'Angelo,/8fYQIA8dAaA4GOTxOFSKIvTqzi.jpg
1874,Katja Riemann,/waayy0jpNbxLDQ8JO1uRDng8SLF.jpg
20851,Sabine Azéma,/cd8c3KFsABdkwkC2DsiknU8hT1z.jpg
7489,Parker Posey,/yoFt75JfGUqQ6EV8qN6fckQuElk.jpg
53257,Emilio Rivera,/pHgPJSoZVgmt4FQ8zyMVqwovpRb.jpg
70337,Lee Eun-ju,/yP2DP3SEVfBZj23jqFVBDJ9ZZo0.jpg
17498,Niels Arestrup,/cGBSXuGCgXNMdXJAQhhLCf4hxAn.jpg
12929,Rosie O'Donnell,/qawjdFSn1FzrFhRNxeDhZnnj91n.jpg
29369,Melanie Griffith,/yffPcqlZMsXTCAZ84a1tLmdcIS6.jpg
10690,Anna Paquin,/5FjBCsn3kujldP8LizoCrc3hsHp.jpg
65683,Alex Vincent,/gLMOloD4taUOnL7f3OoIVKA9Fdt.jpg
14464,Jenny Agutter,/y33ICsDBElCEauT8siQlj2JmdjA.jpg
71900,Adrian Paul,/eWvjUly7IO420nJLYY1sumXswGo.jpg
66431,Jodie Whittaker,/zS6EO1GsfOiuyaa66YqmUPWDX78.jpg
44736,Goran Kostić,/m6CEa5UjqhPzLRbUNHku9GpvCmQ.jpg
57412,Moisés Arias,/fc7krDmEA4VkIY4KOJjpMXGdsfg.jpg
49425,Annabeth Gish,/wfUaE95xUJ3Kh5okDpUMZNmbcom.jpg
5384,Method Man,/mYJFxOcrda410rS5JHPf0nPuimZ.jpg
6485,Busta Rhymes,/f0MX6SdEsGYJYDy8vF6ghTZ25N6.jpg
4812,Isaach De Bankolé,/aGjABQBgTA3tduuh54hzWx0aQ44.jpg
10692,Michael Pitt,/mKSjyfqcXTVjFhIFw6Esjlz1Tps.jpg
236851,Callan McAuliffe,/prb72bUO481G2Kxk55dD0LLnCAj.jpg
16857,Tom Everett Scott,/nVDihOvsSm7kmeyHLtAcEzrrSYC.jpg
70089,Imogene Coca,/jHvjlAGwQVUdlrwgWAcolkLHuLP.jpg
65297,Meredith Braun,/gIwYJ6grOt2ZaCtAB4M7fluDMuP.jpg
28637,Andy Richter,/qazhLkyKOsPmdOQSaUWWbbUjs9q.jpg
61178,Alia Shawkat,/aUc0hlILKfDKhlKnWQliGjkQL9a.jpg
223126,Megan Charpentier,/vu9V04MIAneVDIgZEW54FvtbZBQ.jpg
588671,Zana Marjanović,/rheKHQlFZgphllaVbxAfWp6EoKb.jpg
19654,Michael Chiklis,/pAkKjbzxP6Z6Y5zAGpwmWQo1iji.jpg
7071,Louise Fletcher,/hN15em5LqXqDe1QgDa6lXK9fx3z.jpg
87588,Carlos Mencia,/fPxfQcGw6iu31UYk0qLtczQ3H9i.jpg
54165,Zoé Félix,/ftOyA1t6EPSxlOQVBD0v2opqFXd.jpg
72118,Anil Kapoor,/6RcrXGFzO50Tazqc8tbDlzYKvTd.jpg
54799,Redman,/kdHkOC3ebLZDSecOrQF9XsXTNjb.jpg
54620,Branko Đurić,/7AauDZUo39COLQmFxHJoAoUoX4O.jpg
8196,Ulrich Mühe,/kdqKmnaBDDT0cwTE2C3fKDJrF8D.jpg
14331,Nestor Serrano,/imqFSX2BA87gifjGpNJApRaDC3V.jpg
1096265,Pauline Brunner,/jpWniaKDBgJUObxpJUbLKHLs1DV.jpg
69614,Brad Loree,/1uhz69qnLcMjzmfm49TFC0MV9E4.jpg
52708,Andy Davoli,/szVrhxfzlwvhD530a4Yzor4fjTY.jpg
559670,Steve Irwin,/eEJGUmgpuaGVCWVGYuvdkXfNaA4.jpg
112741,Nathaniel Brown,/iaSXvE3XAMn3P8tCR96ktnHfAzw.jpg
17120,Jung Woo-sung,/tI0ANQSwcOBfQUeHgfcwn7VmHRO.jpg
17187,Trini Alvarado,/uRAsuzmbC9xLbzsp5A8qwvax3jP.jpg
95789,Georgina Cates,/kOWv7AIXjP5WOIr7fQSIQxwrllh.jpg
58959,Damaine Radcliff,/gGOeqSAVy10lppPVAtv3rDLRWII.jpg
64342,Craig Robinson,/mTyTrOWUSOBJMOlDpnd4OYx7FlJ.jpg
5365,Clifton Collins Jr,/iUQGHVSAA48q1QMnj7hnBFVq3jK.jpg
1208,Ralph Bellamy,/vC6cdrUUewgurTlVXt36eRAtQKb.jpg
58529,Marvin Chatinover,
9005,Frédéric Pierrot,/rMC51zZ11vrpP4Hu0R23tvcSrOk.jpg
77196,"Chris Warren, Jr.",/xBVDjsdeJacMJhSX2WkYRIuat1M.jpg
78324,Jamie Chung,/5KS919slWvKwK2fcE3jpkEodlxs.jpg
544123,Astro,/dqS3kBv2DpiAMPv5J6ZIl2v3ik3.jpg
1148130,Jackson Nicoll,/gWWEU4Ixt5KPYON5jwNSaTG0qg0.jpg
59882,Paz de la Huerta,/upFVPh2BtDBfAnP11mX2AHfl7GJ.jpg
23709,Joan Plowright,/un5wsOnz22Rvl82niE0LGAVxggQ.jpg
10132,Colm Feore,/jeotIVor4fH3oqxkRZ6qyUbgrJ3.jpg
45586,Magda Szubanski,/fNb650TNqOBG6dSP9bLhoxxI9wA.jpg
18249,Cicely Tyson,/2yqR4AQDIrXmXUrBrk0TGppm4aa.jpg
1273198,Resse Hartwig,
77277,Nate Parker,/l3VCYGarBzInxjEDL9pjPC2ljNB.jpg
6859,Mía Maestro,/qRbV2yIrviokWENK7yhzNGGiWrr.jpg
38670,Camilla Belle,/kYhpuTi1E3IvdHAmuijjth0lQNS.jpg
31031,Kyla Pratt,/y02hmYVndLlJbOYkNDu3Ksdsiib.jpg
381,Katherine Helmond,/ewqxAgTyclJLwQi4WWU5QZiCM0Q.jpg
559671,Terri Irwin,/gEf0Ydkl8eBfCgzNOVzRPySzrPM.jpg
26283,Gerrit Graham,/itz1a5P3RxCt8BySFbMxKCQ5yeZ.jpg
10361,Raymond J. Barry,/8rJs8BQMoVqEjjCHCS4i7o7joJ6.jpg
5148,Lucinda Jenney,/ahR0bNUJRi9Phpd7RZWx4ILiMEb.jpg
52374,Bruce Davison,/41JtouCUhnnBwWmdsemPydtk3FB.jpg
37042,Ann Magnuson,/gzT97QR7Q6ZWkDttAVIpO0pyoM2.jpg
2478,Tommy Flanagan,/5OnvT1KpEk3juZavqOCSAEYOtwl.jpg
558466,Alex Russell,/6ICuiVBMCCY2phrHXpXftoKHqM2.jpg
1142720,Thomas Mann,/cJO10vU19SL82pgMB6LdAijDSJv.jpg
112745,Cyril Roy,/rbnAVgaGO11Ba1UdYyyThvDoCsT.jpg
20054,Elaine Cassidy,/4pJCUt9JhraPZ2HJoPxbyrbKy5N.jpg
66776,Liza Minnelli,/c5wBZcv3phIomkDITuE9CM0L7hF.jpg
2310,Bruno Ganz,/8bhS1PObqe8OOVcyIRxV5Rcdufd.jpg
58150,Stacey Dash,/cSzVCx2LJkXZoUGA4z4i8cm9wMD.jpg
78080,Krysten Ritter,/vDr20j128E6Uo1XZLChPoW7FbMG.jpg
82587,Steve Harvey,/m9eYD66VtHPxgrXGhHw7gtugftE.jpg
19184,Mark-Paul Gosselaar,/6TbZu1RXaBu3gvwoPlNWBqFoqxw.jpg
1273197,Teo Halm,/iSpaZpafGziqDhKdFYbMH6Rvn0g.jpg
4889,Kim Director,/va3lHRPsyhA2jwb7sUIu0Kxngmy.jpg
3096,John Cazale,/7uKBc2BVbLlAiHuSdfioe1OUnCX.jpg
39977,Michael Michele,/4FGvh3QdJezRyEGDleUNzTVHy2W.jpg
26466,Caroline Kava,/eORoASDF7YvmmKUQ883gYjyzmPU.jpg
65294,Don Austen,/1GiPQD514LlRjAe6VvX8MnVx3xB.jpg
21946,Cyril Raffaelli,/lgD5pUltRnirh6WsyQ6Du1jmi7w.jpg
57514,Erica Leerhsen,/hZFJGXbDmoolt16m4Lj4gLSrkBs.jpg
862,George C. Scott,/iZON8v2ExgNzY943W0UDWXeRZrz.jpg
58530,Mae Questel,/jJ9U8K3yp09u81JG1n1wiViXqvX.jpg
74354,"Miguel A. Núñez, Jr.",/96N3fiIDGfu4yDArkVGfT7rLRvH.jpg
12974,Leon Robinson,/85JMKFAAKFznN72e6gNeUkcPRUz.jpg
1292,James Fox,/fO11c8zUNNgNhYu4aLxgYiBoo6R.jpg
42558,Charlotte Lewis,/17nWvGDfg4lJmtMR2WdhsDwnuUb.jpg
7708,Arsinée Khanjian,/esBqKPyFIMVKzp5Tqja0qqrxSLl.jpg
12975,Doug E. Doug,/cDsdCJXNtBMeeyHfLgHqbATIPP3.jpg
5644,Alexandra Maria Lara,/68YNY2TfvsE9T3tcCeHDVXbnzyB.jpg
504787,Grace Gummer,/z9MiGb1QdivKRYCgxcbcPALOkI4.jpg
77028,Poppy Montgomery,/aLixKI9LRqYuyTuyAzpM0i869yv.jpg
88059,Tommy Davidson,/cCG74gtJ8yLwfhWGtmvITytPlQf.jpg
33516,Tsuyoshi Ihara,/xJdhEiJWcHcxpE5hOLp20EANVj9.jpg
74428,Tim McGraw,/gJdDFQHnsptnjI1bepJ2nxzBPkv.jpg
143330,Adam Lamberg,/tHhBCKImatkOQU0AaHRYqBqZqkT.jpg
202360,Sidney Johnston,/uidje9ZxwyeExM7tHqNlU2GmTm8.jpg
10917,Simon Abkarian,/rpw1AujIl0vJD6cyMDo2ykJ8rZA.jpg
77079,Cory Hodges,
62441,Tony D'Amario,/mnTawMTQjo5vrwNPmHuJJcubLmw.jpg
75,Brigitte Helm,/a7mwxoeF34BCxmteoHQSB1ENth0.jpg
5346,Dan Futterman,/dgmPcQe3tf616zB5hDpDStFunxO.jpg
82625,Hallie Todd,/zWLK37dG5FnBFPMFf2ahWdHUd6I.jpg
42841,John Meillon,/k9x2VwKqiTxTKP1WIgOM1AtZf2G.jpg
72305,Lesley Manville,/tioPlSoypjdME3oMu3g7XmgIIKS.jpg
1737,David Patrick Kelly,/bOPih90JJ2lCg3VXbNwpANHz8tm.jpg
100653,Vanessa Bell Calloway,/6gJua6IKvhGrCTU1UzgRhOM9oyl.jpg
68515,Vladimir Garin,
73,Alfred Abel,/dGk5r64zQZVHplTwRDZGpNkoCjc.jpg
37008,Michael Bailey Smith,/9ajqFWi9JN6LBE0tb0RU3UfwaQu.jpg
680,Corinna Harfouch,/vPs5o94S0as2VSnj4JSATnNTmZa.jpg
152970,Nicholas Kadi,/4U8S1C8WWB5pALkZiDNWbtrVjE9.jpg
10268,Charles Aznavour,/yC3yv9Z8J8v4UteLFiDIx97fKYx.jpg
77075,Norm Macdonald,/pGOpdt9Xy9YO2nUEWgp8G89KC5r.jpg
2630,Nastassja Kinski,/svYrIUXH59Dd9wp9HBpS1ASvRAu.jpg
136532,Matt Smith,/xr2GSp8Pm6fT5VGm0I9tsWVcZ8q.jpg
33196,Jake Lloyd,/tp5PRiy8Ip8Vs70pUY1jeHbk2wH.jpg
228372,Conrad Kemp,/wSTx4pS0KvlR2wq3GvbeMzkLNKK.jpg
80109,Marla Sokoloff,/9al9Fhb4cNRIx3YSp2DlzWpWfi3.jpg
59293,Archie Kao,/f0CpbBJl5JMeMwxZ4IqsLmptCoT.jpg
52117,Horatio Sanz,/ckz64bpwFOhF1tMu1klDk5AT9Ck.jpg
31133,Ne-Yo,/cJQJn3cuKZD3RAkiHdVjfJHbVlf.jpg
58006,Jodi Lyn O'Keefe,/5F9ESeRIlPrUbUcSYRvmNv6uPFU.jpg
20788,Artie Lange,/sP1BgW2y1Z1sas3aPu8tvb7rfz5.jpg
78730,Oliver James,/yqfKdEexodXGzZZAPMw2CSpVMXq.jpg
49624,Jensen Ackles,/xgOAHqDiqdZCF1BhfHaeLrd47ki.jpg
20848,Rumer Willis,/gWleoY30Cj3fFuF5NT12O6mnov7.jpg
12850,Dabney Coleman,/1Evye7M6ndlNIIfs5s8tBFWWhhT.jpg
68517,Konstantin Lavronenko,/hKmuAKgNVpHkns7RYQik5Y8EFpa.jpg
42547,Jay Acovone,/ltaJoC5NUsE97f3GuP3d7BkANKJ.jpg
74,Gustav Fröhlich,/bkjDaorTT3LcOeTcQF1TDpBlHwt.jpg
69574,Lexa Doig,/yMQ5Cr5W7CsATDqiDlw5zFFkIBI.jpg
92857,Shalom Harlow,/7UXRePGok94jPZtPpKGSNZNpICJ.jpg
20381,Jenna Dewan,/8zZkN1ewGxN8MHiqB8lRmBle8yf.jpg
33515,Kazunari Ninomiya,/4mxogZeEPZiVrnJ4L8ICvOJONfs.jpg
136796,Kryštof Hádek,/35mTGXSU81R2Z7vXq6OpmmwIwzk.jpg
69575,Chuck Campbell,/vLDW9j4LIIgbHwUpWSzCqy5lNY6.jpg
77078,Malcolm David Kelley,/8RZ00Ei4u37zXlusUgvlQoR3xvF.jpg
21658,Ryoko Hirosue,/tenRQzr0fGI0KVBOtLPUrHHE963.jpg
11678,Rainn Wilson,/yRTElSeC3q9nBqBuleI6OODlDMS.jpg
76511,Natalie Martinez,/cFn0OI9c8aypx20hm3XpTqkrMEx.jpg
29792,David Dukes,/uT0eWdpQleUwbhX8wcJBCEjs0h0.jpg
4969,Lionel Stander,/AatXdvOQx9BEGSqHqL2eeoTNvCb.jpg
111946,Britney Spears,/cvXg6lnffpeJYp8nTqOqunP5ZTA.jpg
57207,Tony Jaa,/wsGEaIscm7y0nvJK39rR6SnkuLr.jpg
1812,Michelle Williams,/jn3BVMVbIptz2gc6Fhxo1qwJVvW.jpg
343,Taryn Manning,/obE0w8SVx7Hq773KY2DCxK1j2GF.jpg
12976,Rawle D. Lewis,/t4BbM1vpXiMWXCUWdT9PSdamIhG.jpg
10458,Barbara Bach,/vatmATSQfdi1JFu6g2VImlS7GQb.jpg
8606,Robert Shaw,/c8SIbGEmGIfhD9bObSf4FELUEns.jpg
56749,Don Thompson,/hu24nqSK9Y3gWV0gzpIcxaKvWTN.jpg
972356,Luke Bracey,/ot2h7IrXpC8XSnIZDSVsj2FQ5cx.jpg
54415,Josh Gad,/p9hWNRwrVEBpl8We2bxLMHkk5Mj.jpg
62596,Kane Hodder,/avMGd9rA2ys1pJok1EGOa46MEQX.jpg
21659,Michel Muller,/wo6dxf2CPxpbII7NZs5cZrZt4JN.jpg
21485,Blake Clark,/pA4OZQPyATEX9AqZYUIOItQ447o.jpg
151254,Chelsea Handler,/b9Yljl32sPMJQQd3mQ1eKNsTfu6.jpg
81039,Sarunyu Wongkrachang,/leCtOYaDA2YhjfEd6CpwKiMRupD.jpg
52057,Obba Babatundé,/jkvxfhETmwR877VluO5kfbxxNER.jpg
19907,Belén Rueda,/aDsAbbf492dFKBuZ9Bd7sWo2Hfl.jpg
12967,Swoosie Kurtz,/uCHMttpxVITjDXtjs8FS6O7TQHx.jpg
49271,Brian Geraghty,/4sqeUc4xYyzQ3Qpl5oxlQBTAAQk.jpg
37632,Eddie Redmayne,/fSvG7qzoBBnJUmgtIuMgrK3EQPN.jpg
84077,Duane Martin,/ekxetmMR5neEQ1LwfXaQgpS7zfC.jpg
191228,Victoria Justice,/sF1SCpA4AiRdPebmOURw8JkIhS4.jpg
8925,Emmanuelle Seigner,/xPRldoTHgFd1Z5TtGk3jo3TGvPL.jpg
3610,Madeleine Carroll,/7bGv0tsoCDbxZn3QCPVanO2tJlC.jpg
2759,Lola Dueñas,/bZgXKlGkLgjvL3qU2Iq2l2zsKo7.jpg
996701,Miles Teller,/kDf3sW3USjEBDQ3Ua7lbwOfwty6.jpg
15684,Paul Schneider,/69tLX644rRr1RT9gxajsWlNrf0Y.jpg
16216,Judith Barsi,/erZLiFH7hiQvgfNa3xe1D398RzN.jpg
57686,Hill Harper,/cgaRPrgB4DBxogIgiLwuABVmJVw.jpg
69210,Chyler Leigh,/yoL8HbWhnoTVugTV5qLJP8gVpIq.jpg
72855,Felicity Jones,/fyhWRmxpTEYl5d8DnkIo6i8RdWJ.jpg
68518,Nataliya Vdovina,/4u4bVn1YkauMSOvT6K5s6zi1VDJ.jpg
2669,Raymond Massey,/z8XGFSmO3uPzC98QlUWR49nFg2j.jpg
8791,Marie-Josée Croze,/d7sRQCDFijXaSnyiZpURknJAQFi.jpg
57108,Usher Raymond,/5LGTj79RPTJdBD19E30HtItbx5y.jpg
65225,Justin Chon,/fGgdkJO7SAPHNo3siSyaYUpguyj.jpg
11511,Daniel Stern,/939oerf8bJPrqT2a0N0oGuM1bjn.jpg
1034704,Paul Brannigan,/vR9fvZB3FXfT6G1czPDieYQlqiZ.jpg
53828,Jennifer Carpenter,/sQeNgRFfCjt3EHMuaJBm8jRCLgw.jpg
8975,Sam Waterston,/cSCy9Ng1QJSbEi440342bL71ceF.jpg
70303,Zach Gilford,/z7PA2poYtjl9KSy4S0IgW6d5Y9.jpg
12836,Ted Danson,/2QUEYVhrKbOkRKeFEUnc5sJby6a.jpg
77335,Ben Mendelsohn,/pA9mu9D2IolVA0v2Yo0tJm6uUyI.jpg
12851,Ally Sheedy,/dV6eGZm2HNEN2sfa4abTa2QtwOH.jpg
980,Vinnie Jones,/tkYWG9gY2QpoBfOh4OWNz8yQfsw.jpg
34257,Anthony Stewart Head,/eRfRWnoipu1Tx84fcuOEdfR87qb.jpg
29522,Ronald Colman,/2Rw0UG4QLk8cDCTGZZ5RxFK1e41.jpg
26472,Steve Guttenberg,/ghTMepliFNcRQHNELs8pgNDsZyW.jpg
63914,Tuesday Knight,/9dWhs1E4emCHrfNRANupI18y39t.jpg
121148,Park Joong-hoon,/bMkwv1Se8w5qKNztrYgbmIAVqXB.jpg
224188,Jack Scanlon,/64GkCGopxESY1m6uFrrl0j03JOj.jpg
11866,Joshua Jackson,/mH2a5YFd8J7upjjWwEzM75vitA2.jpg
21319,Sheri Moon Zombie,/jJwAiJps5cOz484c3QJgjKe1yxJ.jpg
16328,Adam Brooks,/d9evoYfFnjsFY3sV1FOtgaUxbj3.jpg
56447,Kelly Carlson,/9DdEGSIsVfvKpdeFnfPQisYPSAe.jpg
1926,Eddie Izzard,/6mUPuQt6ofMBHxHJQmF3Dj1nYmH.jpg
13446,Eliza Dushku,/lvu4Vo9GL7uOjtU59MDiy3QDPAZ.jpg
56595,Marisa Coughlan,/m6bzAs1IRRqWZjlVI01JeBUDL9u.jpg
6012,Daniel Auteuil,/5asrvkdSnlYlHap3ldDNyE5opeI.jpg
10459,Curd Jürgens,/ewM6Zh2XGxFuxQ2Ec8zBKJWn4Cq.jpg
205258,Harry Lloyd,/qZSf6OzRpDaZdOCX6pynSRp6jVV.jpg
11960,Tung Thanh Tran,/xSAv4pTPmP8FKG0nP2qQXVBJPAU.jpg
63915,Ken Sagoes,/lPFKjzCKtPApH3djcwZ9rHous86.jpg
9832,Tyler Mane,/3M8oXR5bBsnOJX29SGrQ1vx9L7R.jpg
225694,Oliver Cooper,/dZyCpnWaW7gkTWOyhGUgg1xy19y.jpg
78297,Phil Vischer,/8qp9W0m8ZspnfeV2T71td6LWmsr.jpg
49609,Sorapong Chatree,/fwgkd0rxIGzOOuw09NuunKZ2lL8.jpg
2467,James Cosmo,/4QZnZ3wyGALVuwZ70HdXZk4O14W.jpg
2880,Emilio Estevez,/6TNIik0wBLo8DTvmJNDkKDqKWme.jpg
1171904,Anne-Marie Loop,/igYOgcbWoe8g7WoNG4RaaS68nFO.jpg
80678,Tim Hodge,/dBUh4zG0LhGALo9NzltZT7uERVn.jpg
59967,Rebecca Gayheart,/eDOraPifMP9ljb9rLzUzBslavo7.jpg
85008,Sol Kyung-gu,/teD7AMzfNl4qhQO2b6MAWwLtPVn.jpg
20752,Alex Rocco,/uAG4qvYhYHuCyyXGm3lqC4o6ujc.jpg
5950,Seymour Cassel,/3xAx3mu2VxpTIgdYe9RmSpyVwjH.jpg
37168,Hans Matheson,/9LDEIOewvv16steeZW4BiwNmpw3.jpg
131008,Hannah Endicott-Douglas,/9SwCLeSlnFhXFC89eWfv8OPSei6.jpg
1218218,Thomas Sadoski,/ciqrqKHUfFGlMPyUE35YSKEvxuL.jpg
27638,Gina Bellman,/gOLuBCy4gZH3os2S8O2MKM7Vrho.jpg
132078,DJ Qualls,/mzA2ZxEcBHlUvSjlYRZzH5bVAGL.jpg
78298,Mike Nawrocki,/30Su5P2XK9F91YGZ8MDQqGCPzgx.jpg
150810,Justin Bieber,/gTpCFcIGkAI57CIXAlUeBKoh1w.jpg
17403,Mike Judge,/ol4kd4mSOK7Hx3r86ydez84bwEI.jpg
44055,Gabriel Damon,/3egsFiVNyHSVlMsgbwgDEinACTT.jpg
16376,Larry David,/ojPx93eaDcanOVi4AH14uAFwXhn.jpg
60272,Cam Clarke,/hScRMNVHAFge06mOfFEauKcthtO.jpg
39015,Eileen Brennan,/b3hP3bHhDqWQfiuZWqhcIUUsPKT.jpg
70336,Won Bin,/v5lzKZjvNrbgYnr3vw8cKZVNyTA.jpg
61671,Conrad Dunn,/gryREqlgJSCXL6Y7qqAHNVKIDGR.jpg
51944,Mike Epps,/zHWRTxUD3pqGoJkDwnBE5v7jfIr.jpg
23621,Hannah Taylor-Gordon,/AsVLHTkPPX6hKpZwFPcvN18QO7U.jpg
4766,Melora Walters,/FSxiDBekrKgmzow1j3UhmNHOhI.jpg
1221056,Dorothy Atkinson,/s20ZS9zB9QWaYGHnps4PYPbDTON.jpg
18181,David Keith,/zY0egiQb1iLx74GxcKgYOHNEgRM.jpg
14792,Josef Sommer,/eY3tCB4j7nWhsZX1enU6BYpaZl.jpg
5606,Sissy Spacek,/xAxenjxjLNQFq4v1ccS2to3Mnoq.jpg
90514,Birgitte Hjort Sørensen,/nFWcco0Z1Ic50g7YfZlaUrjBiEp.jpg
55422,Elaine Hendrix,/ajnxlCCO0IYQeaL2KOJwjFWkFG0.jpg
71447,Candace Hutson,/dk9GTF1KV6CrfqxweYQb6tkS04Q.jpg
13014,Toby Jones,/y6kLmjLgZ1sceaE4Zi1fwF0YsvZ.jpg
21318,Scout Taylor-Compton,/ui7gzTH3PivnX8DMNtKIVJMY6kO.jpg
15544,Bonnie Henna,/vMpZA7z1PmFy18ggceVEOZKEVLO.jpg
47,Björk,/Ahc3TWomYakLcbqZRVBDdf3rhMR.jpg
65239,Susan Ward,/twyHi3L6BcAzpPkjEoYVP4pYMCM.jpg
15254,Emir Kusturica,/fOseFlKN7CH0UfieRw735QrRYJ5.jpg
2969,Chris Penn,/rePKftsRntg7gO8vPzDDAOddXmC.jpg
15010,Lori Heuring,/xhTyGqOcLIxkNKAzeaVQsbpywAc.jpg
41555,Melissa Sagemiller,/s8JEuWY5wnrm5D0uZCh9ezYztx6.jpg
121149,Uhm Jung-hwa,/m2FWdLDVttcMrKcAjMKQx6Zhtfj.jpg
33286,Matthew Settle,/69D3JqJslcqJ1lqwcet2zGRAr7n.jpg
54422,Tupac Amaru Shakur,/gWWXv7zo40ZiLHjoh7z76ap1qA1.jpg
21245,Greta Scacchi,/kgWjsnt0SWrypL6vkGQijJNkgS0.jpg
17923,Frank Pietrangolare,/wFohY73v2kG0HuoLWsq0ORgMkph.jpg
39520,Garret Dillahunt,/4L9bdqQIdfrtqR7JQdsIhlF3Fjk.jpg
132157,Ezra Miller,/6wmTpbYpmhthaxzM5ss3377F9IV.jpg
68704,Naoto Takenaka,/4adcQdMnaqOnl1rtOVUqGp1flvo.jpg
33684,Bono,/p0TED4bMzyw00fxjiMnOARQOKvp.jpg
72307,Marion Bailey,/iyPvGc96bD8IfdIPPESYcWrF97g.jpg
40551,Stephen Young,/dadiTDVr9Ou9AUf7HHZQN6dm1KI.jpg
77260,Paul Anka,/8Qx0tMaYEPAWkUOwOnsnm4lZad5.jpg
400,Geraldine Chaplin,/hu9GC4GaJhgsjz99IrmO5YnzHiC.jpg
25934,David Boreanaz,/rxbKFajA7zIv4sUJUpGNBWXS7jM.jpg
920,Jürgen Prochnow,/45gcCuTcZdqpVISh5C8q1N9HyEz.jpg
458843,Cee Lo Green,/rEYppYi7MnIgDEhN4SkAvluvKwB.jpg
35093,Francesca Smith,/hdD9meZg1rBqbc1WpYBSROQnQik.jpg
1159982,Ansel Elgort,/pbU6qz8eudly20UE6u9T7jUXTgT.jpg
3041,Marshall Bell,/3AdZRUFlmV9KvArzqSVEVZVl0Sa.jpg
107398,Stuart Bunce,/YEelUIelbOhxPzn3M2GOkLTlLc.jpg
111455,Katy Perry,/9U2JJMSlM8mDNSmEWNPvHFcUatl.jpg
31166,Henry Ian Cusick,/kgPbmYVVP0q0I5bSPdyNyjBOJik.jpg
26863,Richard Graham,/ukEz43251dO4Gn9O3o0XzLmKqOf.jpg
14324,Joss Ackland,/2votqyrYGvSsXKaPNIa0CZtvBMY.jpg
16166,Hoyt Axton,/ko67ZaIC0rd6uaSOM619RjapQvO.jpg
2603,Hakeem Kae-Kazim,/sVNHRm51c9toG73FUQ5k1St0vju.jpg
25154,Arletty,/iI4wBjZgg6AneXXMUfWF9Gxf27v.jpg
77498,Lubna Azabal,/qjsoXqKJPnmoMs1eyeTLBKKShYQ.jpg
5203,Alicja Bachleda-Curuś,/ojL25lx4zeHccDDdM6r78L5Vnxw.jpg
119817,Bárbara Mori,/y82o82y52BoKvFCMHG3R3Ahv43O.jpg
27798,Marilyn Burns,/eTgbAuZkD7Qa2GxtqlveHE95bV0.jpg
5228,Herbert Grönemeyer,/yxYKqI9CaIfbkiCRrmZtfhAYt9r.jpg
111177,Mary Makhatho,
5229,Klaus Wennemann,/xHF0akCqkKjIiiSOn79MquMuNMk.jpg
16756,Jimi Mistry,/7BCr7u7BA3NRK3J97LnCZIjurXh.jpg
2248,Michael Wright,/5aS8v1BcVyXSeEl4sY2Hij5Rv5i.jpg
37946,Aitana Sánchez-Gijón,/4gm7EJzvJQbN2RPW1ZOcEzF1jDn.jpg
37203,Jason Beghe,/hrTwOPWek7nkPJgFhh6inFu7vSS.jpg
82663,Shannon Woodward,/780nmIy0B0sdhWRinHMwUPxhYgp.jpg
1272,Richard Bradford,/kGCq5DdgmhK5tL9P87SwmsJigPz.jpg
9920,Adolfo Celi,/bIxjJ4eXYiNrYgSBCLD7OHw1LdT.jpg
125488,Flavio Parenti,/lyRtBH9nBoPKHPUaaZDVamHgKP.jpg
1372459,Rickson Tevez,/Asb84gZozUO88lXorE37W4xGrwW.jpg
16846,Harland Williams,/mnor1Hoy3kvTBygccBIVuyWfvge.jpg
40979,Andrew Keegan,/4QWgKVO8tgOiyzxZeGoGfVLJcOo.jpg
82529,Jamil Walker Smith,/6JFyY8IUHxdndhHbnUgpItNvdvS.jpg
359229,Louie Leonardo,
40938,Romane Bohringer,/xijSy3jkjSQlbN2XfD12q7OWPPR.jpg
125489,Edoardo Gabbriellini,/c08babJ7NHwn2Ptgsal8mIhuewe.jpg
2449,Kevin McNally,/1QvG7MbfeWxb4LlZrlR4OtwvB8v.jpg
95896,Dervla Kirwan,/6ZReeKzRaWMDzlfRbJcqelAfPZ6.jpg
19975,Michael Rosenbaum,/ymiZjRwcS3gcCtsfv4w3GjRc2yc.jpg
65920,J.B. Smoove,/x3bMhniW5Ncz4hEswcnGWefx4h.jpg
165425,Sendhil Ramamurthy,/uqiSpGFosTJeyxskfiIMQEuAlXJ.jpg
91302,Chad Allen,/nH2R7YCgDMiIghQlL8kcVoW10GR.jpg
8902,Sid Caesar,/mMSjieicMCMBK7YsQREkX7BRcB2.jpg
1372462,Eduardo Luis,/2w0MDlmcw6bELBrdoWD0hRpmF03.jpg
232006,Nat Wolff,/g9noCweddwSb3VBSRpX3vo7TbuP.jpg
122454,Allen Danziger,/wONEJ5KiiupyE0An7On0MPZXw8j.jpg
52794,David Herman,/wexIWmxk2uigMRLJ1WXYHroODuU.jpg
51576,Chuck Norris,/m3uLikdhi9qObRvGVHsKX5H93lR.jpg
65019,Lane Smith,/stmbrf2qdq6umxt3Jh30IDhCfi3.jpg
3317,Takeshi Kitano,/6pnXXkCx8wkCHvOrcWjaY58KA7k.jpg
1372463,Gabriel Weinstein,/bJAmWMHxIkHV3mmjWhYA056u8nW.jpg
21316,Nestor Carbonell,/4Xn03t2qDEMR2ecM7BtLwpvs3J0.jpg
4442,Ryan Donowho,/sjn58aHcY9LEUDpr4cSHh6i9vzX.jpg
56356,Gina Philips,/oalgGCogZAANQiKBgIl0ZcW2qpR.jpg
129550,Norma Crane,/rATlBUVRJQDUoDsz9jxweDyAaaB.jpg
221985,Jamie Blackley,/3Ru1099xez4YEnsEMCmtpTqK9JI.jpg
12147,Spencer Tracy,/aUZUlQjiWvl23stKXzxycb31sen.jpg
21818,Lesley Ann Warren,/keo0DKSTITmDJIeQ91tHQZ0lh2k.jpg
69405,Brian Krause,/jW2vwTvcJAGxbiWMXD3p065Lhs1.jpg
2221,Leland Orser,/vvVcWhActW8k2gQz95UatVP4Duf.jpg
19153,Cliff Robertson,/8pH2RWCPtXKzT9P33MbzgnzPlF0.jpg
267962,Emmanuelle Riva,/80BOlvNwozJI1xZJGycJb9tBwvQ.jpg
41236,Ron Moody,/xCEPHWkeFrJd7sXpKLJiFA5ibJP.jpg
74618,Katrina Bowden,/ykdL2JKteaBexfDiS9jp9Msyori.jpg
2962,Robert Foxworth,/bBg01x7PFToWlMVhZBjfEbP9pOD.jpg
1091315,Claude Maki,
56585,Steve-O,/At4V4KPVOoBvWMtlZy6m4Wyvo3K.jpg
87669,Alexie Gilmore,/1Ev9eTuu8bL6t8xzfqchZm4wSfI.jpg
49002,Donald Faison,/gNwWP1CHob9Y8fjY69w7EwGxMoz.jpg
45453,Eleanor Bron,/fP9t77NR6cyzQd7ArTYngi0DOLM.jpg
3094,Talia Shire,/oktJmlLeyYKBCWPNjHskDwAfjct.jpg
162892,Jack Guzman,/diDKepQ4EhTgPVh4rMwGpTU9pxW.jpg
41042,Danny Dyer,/gEyIXQ2igqvwlvBx5e92c9N84Iy.jpg
10510,Kabir Bedi,/jTvXd0iXyKa9KBBFOxt9DASK5QG.jpg
25002,Lee Byung-hun,/j7SUd9Qi8iOxgrQGb3nQyEYcXur.jpg
1279279,Virginia Gardner,/wD0Ib0AqzfIxBL9X0x8YDbKoI2E.jpg
515628,Sofia Black-D'Elia,/gAttB88QL4ustF5omqM16OX0hNr.jpg
6008,Harry Shearer,/7PnGZGVKJNDTUv3DkbaMEnCseT0.jpg
1352,Jean-Louis Trintignant,/wn6owr4wvkeaEvlsPtwXSldFGEW.jpg
36584,Cesar Ramos,/6zmthbKstr3XtiI15mltCFTLz8p.jpg
51641,Loryn Locklin,/fwtuMZpIxuww2HRzHkbAtEFPZ5y.jpg
36586,Paulina Gaitán,/7A5ehPIhsbPGucp4Gr6zjnVSebt.jpg
8687,Chi McBride,/cesCeJZ5gSywA9lTYReB5uhkfek.jpg
43775,Jane Lynch,/nye6D17ZfCHQzr9faYZYyz1CPsZ.jpg
32907,Nick Swardson,/eyZkNQvpvNzYBg9oXh2IM6zOE5G.jpg
129437,Shani Wallis,/jKtibUuRMT044OmNV6DBXSVSPP8.jpg
10881,Toby Stephens,/kJeyN6GB5G0HqbCzEUxRx3pv7SP.jpg
7796,Illeana Douglas,/tICmPFccAUAOmMXmqcpK8q03kYG.jpg
115888,Lisa Pelikan,/9pA1C6RTJ9OT2S0J2xeOKxVqvl4.jpg
158165,Rickey D'Shon Collins,/rUNPlrNbCjX9CZeXIMZo802tPfe.jpg
66441,Talulah Riley,/fyfrZQOHNiOcPs2SZTajfXpX17A.jpg
97878,Richard Lynch,/f8DLv1pSSG85xEwqxOHIPQDa6t4.jpg
9919,Claudine Auger,/1KAAUhgfVxdI5g2t0YFCG9ITrvi.jpg
46780,Samantha Eggar,/Vbk8DHrsowKNG5wWuFzKOk26OR.jpg
34489,Eric Balfour,/tqlyRVgkNYIePcunx4johOOxY8h.jpg
61914,Zoe Ventoura,/uzK3Of1mY5Gs4ocHXYrJuuM7nrY.jpg
6832,Melissa Leo,/ueAIX0MH68xCei3N8vFLS0EUEjY.jpg
233131,Marcell Nagy,/92Eow3b0efajbL64pQGBvWo9ift.jpg
50020,Scott Patterson,/qTm0LFuV8DktunzKa5T3UZoq1tC.jpg
1151957,Sophie Kennedy Clark,/bh3MYQUpLONUuQNdr3J2pEOXKG4.jpg
10360,Robert Prosky,/yV95RE8UGyN8rZYF9W4fOGaAV6U.jpg
21027,Mika Boorem,/gTnVjjDpyS2ZVPyDFaDipOUkDY8.jpg
1459,Tina Turner,/rqL6OCQi5IzZPYCZPvtqbKNUKGA.jpg
62893,Craig Wasson,/5LSJdJF6D0iyvOvy4KUfBBPg71B.jpg
105623,Melissa Prophet,/sBHstIj9AHHF6PvQmhT2J8Vgh0k.jpg
128628,Scottie Thompson,/fx7b87WwORTZxzq8qWvPZS78phg.jpg
12521,Kenneth McMillan,/iGRcxZOLPMCsgg06kYW1aVfxGqi.jpg
25872,Laura Harris,/7TpS7olwYEIJAjo0raFu1sadYFR.jpg
80623,Savion Glover,/A5UG02JSEP3ZanDCN0z2uRCeaKw.jpg
2744,Carmen Maura,/sXvr7BvxscBkYpGTcYjpqbzkUSH.jpg
166818,Jason Davis,/aRyDbN7RB5yAwdTZIuefxtwNnvk.jpg
57389,Justin Pierce,/tBOf7ySDq5ETGxLcsXfoYM853Gg.jpg
49824,Kathryn Erbe,/gJ3hlTzTjpTVBsGadvUQGiBgjsV.jpg
230680,Douglas Booth,/rUIJN40zqulx27EiDeg7n8qWzcK.jpg
122455,Paul A. Partain,/laJJQ2N032xzJKF1qyZXwEFmGZL.jpg
27752,Bruce Spence,/kuaIudFTIBahGAdCamThG13jPp7.jpg
22821,David Zayas,/w1E8n9gl2HcZEhfBOXdVzMvIlzg.jpg
40039,Josh Stewart,/prgoT9fq5Z2ZCGmC1rrSZkq4wH9.jpg
21246,Corbin Bernsen,/zkftLlEO5fmKmcKienRKw9Gx0U9.jpg
27237,G. W. Bailey,/doZuJwI446yhQ28PHT9vyM6pa0f.jpg
155488,Kelly Clarkson,/mfqjGz99cMbZLLg1eHwU2OUsOjK.jpg
57855,Joanna 'JoJo' Levesque,/tBqc9oC2tw9LMXPQDdl24nsRBKW.jpg
1223005,Brandon Henschel,/7mZL8oLirTyQoKzrwBxGZQlNqJW.jpg
1039,Peter Boyle,/6TapQmC46mPDYrwm67tyJaEM97I.jpg
233132,Béla Dóra,/lacZ52EyZk9dfCHCIcP3NHIlXtm.jpg
28745,Deborra-Lee Furness,/k8kAWpKyVj0EQ2MNs077reQZDmy.jpg
57399,Lesley-Anne Down,/1Q9Ph47aBL5BCYowdSEBj58msky.jpg
13312,Rae Dawn Chong,/aj9fFFKH3QZX2FSJsj81I4y12M7.jpg
553504,Shanley Caswell,/yySEoaskedLZKKHSAOOZ5cr7HHo.jpg
57351,George Gaynes,/6NrhrTrjwpR55wffPDdCz7lNNHA.jpg
70946,Hui Lou Chen,/vdy77PVi3yVCZUBqiCjHP2oKOH6.jpg
11486,Michael Imperioli,/bCDwQGrecRujCibI8rvsxEc91We.jpg
33528,Joseph Cross,/gQoRzWwHTTI614l0DETXeeVf4kD.jpg
4604,Theresa Randle,/myBU9qG6wXHJfYF9cl07rvQmhUB.jpg
21711,Erika Christensen,/2QQJgrGVe3Fr8x7y50dBpN2g9lS.jpg
1011107,Emma Fitzpatrick,/BAzos636qZDfKaRwrZuZFwIFyC.jpg
1294830,Bálint Péntek,
1022712,Justin Guarini ,/we6XaqHpmX8ZSSRTrnKyn4mS6rQ.jpg
1350973,José Julián,/xTZvG84sPhbs2AzjPykBW0Owunh.jpg
11147,John Cassavetes,/6FojLjXCQpmskrOelMfxpt1EOfJ.jpg
22252,Leslie Easterbrook,/cgivmDAMFWTMGKGr12Z0HjEcBgN.jpg
6905,Bruce Dern,/5RKGcElQiFZh4Mu9gInyUhr9Uu7.jpg
61185,Jackie Burroughs,/qKRtBWQOknpXiHOnvL2nl6AqUFy.jpg
129388,Ashley Johnson,
61659,Chris Messina,/qbT7jHfk3SFtfvVvJI3mbAEkVYy.jpg
74022,Gao Yuanyuan,/7vI1FrBmI3VecC1J35oR7iDRytw.jpg
131513,Xiao Shen Yang,/6GCFPZND6yCL9TdO2LPF4hqqAzb.jpg
70947,Tad Horino,/8yKd5XbjTRFJLRkAkpooGnyRGM2.jpg
8963,Karen Black,/2FUHvpCZ8A3we7yaEvIK8r06fCL.jpg
10341,Britt Ekland,/xwqKmseMHCXwLQGxardWgPTtAcW.jpg
200065,Chelsea Rendon,/qvYQS2T0UXro4siqIfTIwnJCwsT.jpg
245,Keir Dullea,/5QyrGWxujX8XA3Ny3M8D18TWupi.jpg
62831,Will Forte,/4VEzbkL3HwHTUZAPA5PyypFG2U.jpg
86310,Connie Britton,/lxfHf4tTx5NukbemcJjmgqqFAiV.jpg
5281,Spike Lee,/2KOHXgk2uoRXl6u7V9xpAIo3uay.jpg
92014,Hideo Nakaizumi,/xiZECCxGiGmaSE24moAmAUSfWDf.jpg
56902,John Witherspoon,/5clP720NIBWMKT0pwVCzIPjVkxG.jpg
4273,Charlotte Gainsbourg,/54RgTfNxhiTsaZfmCXWYLeZgMlC.jpg
81682,Bojana Novaković,/nY39nvPk7ydtsF0Khb4GLRZwjzq.jpg
234641,Hiroyuki Ikeuchi,/m2uHh24jBPHlRO8cc4gyCCghT5c.jpg
6497,Naseeruddin Shah,/aVCigTGfijAnnm7I7TZbceXzPMl.jpg
131303,Yan Ni,/olR80y58ixqu6e2Vs0cNTeKWQqm.jpg
4489,Steve Oedekerk,/5iDugCvPGLwaM9wJtSnQ7xkXj1k.jpg
59410,Bob Odenkirk,/rF0Lb6SBhGSTvjRffmlKRSeI3jE.jpg
10068,Akiko Wakabayashi,/iPQTkhIRVT6EL9cvwFbYu0p0nyD.jpg
14011,Tom Courtenay,/z3ihuS5BlREzeA2tIOelAtcGDow.jpg
29803,Madeline Kahn,/5jbkrxx0uaymKDnv5EImUXxWQyN.jpg
96974,Carlo Cecchi,/ek6bObZ1kimovsmHSVjX861vQlA.jpg
9978,Robert MacNaughton,/fYsyr42druY9iPNOiH7QsCob2TU.jpg
15395,Maurice Ronet,/kNoCaKscnlHGTUucSUwjla7QT1v.jpg
78749,Hrithik Roshan,/5O7WrWe84WDFj7td64NVsobtHf3.jpg
11085,Anthony Edwards,/rP88gP87pa3je6Viem3081tESIV.jpg
77298,Taimak,/7YE1553cDszFMJHv6ePXoHAhiUD.jpg
6573,William Sadler,/xC9sijoDnjS3oDZ5eszcGKHKAOp.jpg
44208,Nigel Bennett,/gaB8nZnEbGe8lIgZtoo1ObYSUEg.jpg
15196,David Hemmings,/44De37NQX5Lcr7jfttNqwP9Sspq.jpg
10086,Heather O'Rourke,/ksRZu1R7NMmhCol43GZytJcYPo.jpg
30613,Keith Carradine,/5gayZWGqjTAVJXr1bXovk3oqOxW.jpg
1225512,Shaun Fleming,/cBLg0oOiHSXdtb04jnikCuLjpJ6.jpg
62036,Robert Carradine,/kQrhmy4WKxFP8Zz8H3CUosHrhPp.jpg
247,William Sylvester,/4NaExzBKqv4GPEfJ2w7S16MYS2y.jpg
141716,Anita Laurenzi,/owIk2gGhUNcmNHwbuL0R8dK4M5w.jpg
59196,Joe Flaherty,/yyeuuBQmWKI5IccprURlskebCH9.jpg
211484,Natalie Alyn Lind,/kV3ubfjGlSBJKerh9ICmx9NgUXI.jpg
57453,Finn Carter,/fzPKYx7CvTrSffYD9P8AVx3hBHy.jpg
15789,Alex D. Linz,/sGc3eYFDybC5lr0iWnRvJswZlH7.jpg
77234,Priyanka Chopra,/9n2n3fUFI553HKH0CEAb2TPLtCx.jpg
17521,Kelly Reilly,/l8aQsryOQvxgX6SdZ4XtzU8KEXn.jpg
9892,Hunter Carson,/75DvinRibsEYKDasdBM7iiqJ9L9.jpg
141715,Irene Grazioli,/wpbT5kxSR0V7W7MjrSQlBZkP0fI.jpg
62754,Emma Lung,/8XdaJyUu7AYxH1UVU4qY6cN5V6c.jpg
57748,Byron Mann,/lJXes5cQU2a3x5V4auFV4CFyrYB.jpg
73475,Adriano Giannini,/8cyApt07EO7aaAtPTshe7whciSx.jpg
246,Gary Lockwood,/1tfGE7RW8GgCLEFFJUXETq9Td1T.jpg
94018,Meisa Kuroki,/ewKDvLmuDniq2vKtoxqY0ZTxWe5.jpg
31071,Marisa Berenson,/uFrN8ve0nlBnHLrZmRpqPqcEBSR.jpg
21688,Bae Doona,/lCL08q20zkqHcLLLZQRlJfG09P4.jpg
112742,Emily Alyn Lind,/oyamam9VmA6KsBCNUPLK8BfseVH.jpg
45481,Vanity,/h658FXl2lShOPmiOeuQPlQsuOS8.jpg
76546,Ricky Schroder,/g1PRiuBhWPE4Yn9BynfoPFb4tKD.jpg
6588,Isabella Rossellini,/z0zojT6nwDxi35HMcXlVpBfuBAU.jpg
101,Leonor Watling,/uyEM3c37lL90by5vmuOk0XZQ83O.jpg
93339,Young Jeezy,/99idqjZkgduEe7aUB3roSoJ2GU1.jpg
19207,Timothy Bottoms,/e0SKyrvvyJFZWx3QFzI4qAkWi8E.jpg
1271809,Connor Corum,/tSwVPjDivzXBJJcl77e4aIx1amj.jpg
540,Callum Keith Rennie,/zOeA4IR4xYde2VlDsHZy2SoPZkc.jpg
83225,Colin Egglesfield,/cOHljae12aarbS5HZsoasMPf3J0.jpg
4496,Nora Dunn,/x9NAUBciKKxDaYRcntc4vKjqilG.jpg
70437,Ng Man-Tat,/l8Sfi9pT0YcyzGy0bt7XwY8OEBo.jpg
21687,Park Hae-il,/8ltdBxd40m2iAnsRKV0JMbv7rZT.jpg
2138,Shawnee Smith,/s2Ouz4b7xqDH72aU48TSW5zS40v.jpg
1041440,Emory Cohen,/mtummZcNxmcJQ1JIoQUcV3Fwb3.jpg
64056,Jenny Wright,/uBY9QkFSjP8dhIqC7FoMif7X25u.jpg
95468,Kelli Williams,/6P8MzCm2rgBJFVciaka2r6E6TIt.jpg
935701,Rohan Chand,/iRTuKSi45rdhM6lbM8XCyAo2OkI.jpg
77299,Julius Carry,/x9rg0WCIzb1HnesZOcn6fnIRi04.jpg
544796,Patrick Tse Yin,
5047,Veronica Cartwright,/1CiknHO8ssMM4bWPsIMMzCTVHeB.jpg
62760,Zena Grey,/SBW956hHZzP401zqD2sum4RDpe.jpg
20191,Jose Pablo Cantillo,/qtNesvN1bAQ779gJBt3LYDsm8f7.jpg
20472,Norah Jones,/cXQmzmzIiByFFr42OTzDWs9kZak.jpg
10073,Karin Dor,/OKzRenG0MDFrvPDIQwzDFTATrx.jpg
18589,Lee Majors,/ylu6EnPkQM2Q9xzBzjUCPrfeh1M.jpg
5605,Richard Farnsworth,/zwomo8lekrM7dkJ00JmqsslwrIB.jpg
42200,Lennie Loftin,/tLCt8LjeumrCQvQfkrEbg7OQd4B.jpg
72782,Toni Servillo,/7fP6oFU40r9GkEBTYVTjlz6mF01.jpg
36810,Tamara Hope,/9hHzaUAXsWTKltj8FF4oZMNSj2C.jpg
37777,Hardy Krüger,/mWykFvz2kjBtx8uA3X3yK6mmWlH.jpg
1524,Harold Ramis,/kmTMTxthkDAsygk3Am4IUSVYYRi.jpg
20495,Jeff Fahey,/zRu1ZmM7ekKwKbmXn3U0VjD8Wyd.jpg
1743,Denise Crosby,/1Eoo8o3xRGflJ9kHxg1eFVwAwQa.jpg
5607,Jane Galloway Heitz,/5vsWPq7v8r4eqLtc7uqWzQSk2hr.jpg
22461,Vincent Gallo,/2H8ucxG6LWAHCJAJf9OGfhSXpqQ.jpg
37292,Adrienne Pickering,/pvbVipsUBAGy9S6gJx0CL5KDqYl.jpg
59413,Ben Garant,/s9rT8CYCv9ID77GPTKQnNfksIFT.jpg
112253,Leonard Frey,/l8EVoH2d9zHc4ktARpg90jm2K6l.jpg
2838,Chloë Sevigny,/eM7KGAMCmZCzYDFV8gaSfknN675.jpg
40389,Bernadette Peters,/x2hZ6AsIAfb5t512Q72SYtdNdZf.jpg
78572,Gyton Grantley,/6ZppKfsH7mrkaciQZXBjNkEIPbz.jpg
80987,Karyn Parsons,/iQzZ1Vedy1aP2i2qnMkOcJoElGS.jpg
41089,Martin Starr,/cxGxr0S1jnvOpOHyZDYXrg2GHju.jpg
1034681,Tye Sheridan,/d5ZS2fjqC98cIGkhEGX0fRYhku4.jpg
1171570,Jacob Lofland,/jU1eW9oOTC4ILfLNFeNUC7Fa5ya.jpg
20128,Clive Revill,/nnQlNoAtcbJaVHgAVq2ADLsIy5s.jpg
28410,Jake Busey,/3WknfRePAvwFJfrbYVvfYXTQCh9.jpg
51214,Brad Renfro,/oOtzyE9wkbBV58ZxyYsGzyPxoSw.jpg
50346,Shiri Appleby,/nvH09LMnA8vBmmxHBmf79MtKHsc.jpg
51799,Craig Fairbrass,/z5WnSqwkM0Ax0Z47etVNmcew5Pn.jpg
142798,Zoe Naylor,/nhTiDrnciNI9naJ89DSfKgckTT8.jpg
55584,Ingvar Eggert Sigurðsson,/m7pllSNc0HRorwZmT6flaR3LdRE.jpg
85672,Shabana Azmi,/gy7DpFaZnpU4XOwBc8jhhE8rYYj.jpg
4238,Common,/eggJAnJxpn8wYraX7ea5svETB54.jpg
89193,Carlo Verdone,/aIjyOzz56M3MGAcHmcwfnztargp.jpg
154341,Lark Voorhies,/92ETWAGnG6Dns5M1NRl3KBlCPCs.jpg
11357,Bruce Campbell,/p9335ljr7luOWsfwZSOlsIzFJKE.jpg
21519,Kathryn Harrold,/kZ6wSthq4gvHokNONHYzeANo0zg.jpg
56871,Blair Underwood,/3e6my8gZYS3L2OP4ZTN1psQDYIT.jpg
13389,Charlie Korsmo,/444esHGCPKtBP2x5hPWzNviid7p.jpg
77073,Lance Bass,/sxwb6xvaZu1MRztxLc2oiITVgJj.jpg
110310,Tatsuo Matsumura,/rtD03C7xSrP83It8Af2HciDb93M.jpg
8255,Warren Oates,/nwBandbfSoaafAYI9S1qGMCBfl4.jpg
56265,Dale Midkiff,/5intcDI6ntzDD6VyRA3FSqXrBdK.jpg
14892,Rosemarie DeWitt,/44sxIdGtYN24R14OmnZbCpcd8J8.jpg
54634,Chandra West,/354CJGIdaKsGvNm2KyTb2TonFoV.jpg
83810,Vic Morrow,/i9UyJ4ltwwpnqeqbdA1FUPJjdP8.jpg
56266,Fred Gwynne,/nO5ufGwURxJ20zYnSgb6l4nYDQO.jpg
1052109,Harry Styles,/kCHF4vPX9PxjN0CaUt2G2k3fy3J.jpg
1780202,Jillian Estell,/uhSYNDNvWyfuaf2YzgnHNjCWTrz.jpg
3799,Billy Dee Williams,/4UbNki9xpWtVACNNGsMhVjQxVwg.jpg
12270,Michel Serrault,/33lHlicDySXCjA94JyVigZZYXs1.jpg
73952,Cheryl Tiegs,/hQ7yvlN8vp1cJUu1zR9KQThnVK1.jpg
54247,Aaron Yoo,/fL5SEE5RSac93swa5fXjhA2Hhw5.jpg
1183138,Charlotte Bøving,/yvgbeZuenUBpwJWvuYcQgURSEu5.jpg
69951,Milton Berle,/qEexMDB7qyf529l88uBSvC6t5hp.jpg
14887,Paddy Considine,/uIKOm4w2wtUegxratSHj2KPFF7i.jpg
164653,Andy Kaufman,/pRLaMOjkir5CxRpZlvYq0x8gve.jpg
200658,Goldy Notay,/nDaIRZmPAnHSRE1UKgdhuw2t5QH.jpg
111176,Alex Michaeletos,
33184,Rohan Nichol,/mqNxD91XTbraKHJUHnRK3zh3sp3.jpg
77896,Bill Bellamy,/xdIgRidqBVkzmpoKYTak5HO0JTd.jpg
16217,Lynn Whitfield,/wXSwJplyOgANJKTRvOAsvqURbP0.jpg
96637,Hisashi Igawa,/a9gtqgpKeNoihZjLzVG9sSPsJTI.jpg
21596,Shannon Elizabeth,/1H99EVPLMQx3C0DKrVCiFKPpDB5.jpg
54651,Joey Fatone,/1VZTrzdu5xczHV6H0PuI5slyYXE.jpg
11763,Marcus Gilbert,/h3djDOkNHLwep1fwbGbEhT5c6dz.jpg
128236,Sabrina Ferilli,/qb6NEkjxcO9JeApIphcQPevm5SL.jpg
11998,Eddie Albert,/5rsydgfJDcepnUkdOugXRjh0aJ0.jpg
69054,Brooke Adams,/qF0ttWN6X44GIQIzOUFVYh3IOcX.jpg
12671,Faye Wong,/bWXgNHgo8XdCgpC0F8pYViEwN3P.jpg
185805,Jason Jones,/jtaO6isGrFtKGbDJNgsujrS1HLK.jpg
34374,Kyôko Kagawa,/q47wPwySJvhj6HQoYb7ON1TjbcV.jpg
1052107,Niall Horan,/x5NpcMnsH6iwH440E9Od2pAOpZ6.jpg
1146050,Zayn Malik,/cbZQLps10ogcc4HhhPQlC5iZZFf.jpg
17882,Isabelle Huppert,/wGG9v1Uci3sfrbjt0bRXkLrTqjY.jpg
132204,Steinn Ármann Magnússon,
71586,Alfie Allen,/aF3SyXNd2JfktnYkUvC1tsFHJDu.jpg
15765,John Colicos,/ln0FRANagWyBK6Itx727hCwR8hM.jpg
82528,Spencer Klein,/8O7GhNehn7C4f71gznpF4ZMgfgt.jpg
113,Christopher Lee,/dA26fBr3t7mKqjn3OYW6kbD1LXM.jpg
57192,Spencer Locke,/2mHfjqDY8e3ZISkFmi1qjrMs7uN.jpg
11365,Mark Feuerstein,/1XsbDSx7hqhaY9Sjjx86iTp43S0.jpg
17121,Ahn Sung-Ki,/neVI6dF7ygagu055h5OpHUZax14.jpg
5349,Craig Archibald,
53761,Christopher Gorham,/dKFXHJ3KBJaeQ50udMdBEC0VFvI.jpg
20258,Thure Lindhardt,/lDkRe6dlQoiehjay8pEP2WLU4qG.jpg
11398,Cary-Hiroyuki Tagawa,/5F8MQ4J4qIqUwGIfcWN4osrTUtP.jpg
19453,Tom Bower,/q26z6T3QZfpirZV3Ex885zUgUR4.jpg
2463,Patrick McGoohan,/xtUMgFYGF7KmJg1KqiYQuwYTTe3.jpg
26088,Christopher Judge,/hxU7NXyTmVe7hbGnKJiLU6r9uQw.jpg
29930,Ivana Miličević,/3bWPeAnqRwuCAoYBDig3E3cFx5m.jpg
21197,Janeane Garofalo,/cdNooT0otUf5QVHDPm9bkGN7gNu.jpg
83637,Heo Jun-ho,/t6wAW0pdbycCERKMdl4VF2Sm6E3.jpg
27125,Molly Parker,/yxDfAinBmVkx8HHzRlJz4KvSnf8.jpg
73889,Joe Folau,/uwDx53f5JqidhtCp8SWS6XEbfT8.jpg
6451,Michael J. Pollard,/yFG06LPdiZ2L5sKp4RaiP96t87X.jpg
51792,Rory Cochrane,/yBwm1RI4QCRXM0vkkDGVqdoiZLH.jpg
15864,Clarence Williams III,/6tzuvVTlBxx0oWjoT3hFTfbVqUp.jpg
18702,Mark Dacascos,/trOACuJz1KzhB51qe6asaxRuxrh.jpg
71155,Stine Stengade,/pDfD4IwsYGYerUXVMdFtgcepSOL.jpg
26087,Amanda Tapping,/8ZiETPxUFtgrtWL0LgMwPP8ytuK.jpg
59270,Riccardo Scamarcio,/s3ZAW6QA6yZaOx9wmAZfGZ1Z8BP.jpg
17818,Sidede Onyulo,/iIi5kxCTwEwC5fg5Z4ZRE3OVCor.jpg
17817,Merab Ninidze,/jnJ4lQULt6Ga3lXkIqAhMR7xYdE.jpg
75463,Michael Hitchcock,/sLKiaWJtExmjORZCVYHB0cTgmMn.jpg
24288,Alessandro Preziosi,/ynBGohkuvPtMMiIJd2oJUr3M67z.jpg
84833,Zach Cregger,/bpFGFfWYIrZVK7WjwkVLwIoMKEb.jpg
18473,James Badge Dale,/lnm8Jm11btONDU7dzPk9liuMibk.jpg
8265,John Michael Higgins,/1McAEXIhRW2Q3LJsX3os90UXcJz.jpg
57575,Natalie Mendoza,/d4W8MXN1DESMfYFLUpaWKCxArLO.jpg
65508,James Olson,/poeGcRZH9GXvNCfqQn66STpMqhz.jpg
124618,Nicole Grimaudo,/1TF2tDGsN8GT0MlhnTdhuB4jo2S.jpg
66288,Roberts Blossom,/CP19Dvjvx2xSrkyJQEdmAC4wug.jpg
56934,Wiley Wiggins,/5ghmT4UGH1MQNeTu5fk9gVa8XlN.jpg
32393,Paul McCrane,/nzFUnpptZ5hhiivD1lsUcPDB8V0.jpg
21175,Michel Blanc,/jVjQqA78AW3GzJbbAkOiKFBeC5S.jpg
84834,Trevor Moore,/p8llfVaOAvgszexfC8M9S1D3Uw0.jpg
67318,Megumi Okina,/zOY3nJLKX8zqeO9VNVvm2slv1mD.jpg
57574,Shauna Macdonald,/37npPeVbx8ZZ0e54gs9JrrxAxoA.jpg
35742,Shah Rukh Khan,/d8jQehnCiGuLhZbs1DyB2uDu5BA.jpg
35792,Jimmy Shergill,/A3fJrhIgM7Q5TGwbQYxYBjNsV37.jpg
28848,Sean Pertwee,/j4pAEMhKL5vA61ADrkxxLFtcI4c.jpg
81821,Sandrine Kiberlain,/iqDFdfhjZleeKjnjWvaMrXTyrB4.jpg
132712,Keir Gilchrist,/vFrziqS1PDoHYFs2Vn9ro3577Ry.jpg
63917,Lisa Wilcox,/hmYgN7mygzXMwO0cxOGsst4oSLB.jpg
18977,Ed O'Neill,/4RrxSno3UEtGWuMm4yJoaFzckpL.jpg
35745,Preity Zinta,/uaY2M3goYsp0QpNenharmIqnMvy.jpg
23671,Émilie Dequenne,/aNGdK8n9GCzgHbxcucqdgmKM8lR.jpg
22686,Maria Schrader,/sZuIcKq5D75GNKlYecK08O3X0hG.jpg
29859,Richard Briers,/gNsEDp8K7dRYVxYeHNgelOiOO97.jpg
17114,John Cameron Mitchell,/iDyhkjtgy7U8xl9tKk9xcJA3yEY.jpg
55061,Kajol,/h4m0TkDuEMCUNaPrQxMRyFb2AQ7.jpg
589162,Génesis Rodríguez,/gUI9KADVjfHiI8nMc87hkeaWEF3.jpg
57576,Alex Reid,/pH5bQpmiMUBXeX6zNZeNN6ieA6N.jpg
1177525,Phil Jackson,/tpeWFZsOhKLYEOtswSwQHdbtJ6x.jpg
38160,Patti D'Arbanville,/gBv2vxPFPLpnqbIYw8Xu0xkVtFF.jpg
21561,Tim Matheson,/6oexiiYLJYXU6NjIhzlpA3mqYGF.jpg
8797,Juliane Köhler,/v2eHSiEdAhu2mJWxEwa3Sqxtgg1.jpg
1487,Bob Dylan,/pMGkRge9jE0TRgENbUYt3N5qDPl.jpg
12931,Rita Wilson,/7esBuP4p3f5s6NUGk5nzZMkS7Z7.jpg
160042,Bob Costas,/icnJnhC0voFGH9QaIiWQf5MhL5N.jpg
10985,Ian Hart,/xMC8aPDwhEZcjRHEFcgytSr3BzM.jpg
4078,Lee Van Cleef,/yQc5wjNCdRZzPp5E2wRPRYsEq9a.jpg
222330,Brit Marling,/38pSHsK7DKdOYmdeBOKqyunA45e.jpg
66055,Richard Norton,/fojWPlb36d63UMzhFL8jOzGbfnP.jpg
127281,Harrison Gilbertson,/qlB00ZkN8LCReIje5PGDJ2UeCAg.jpg
15498,Liam Cunningham,/ljmFT9zYqh4k2bmEcNU6rxoE7fW.jpg
2022,Catherine Hicks,/eGgCeUbtsq69nCPG1w7vU7DzJpO.jpg
19011,George W. Bush,/6u9fUB5p0ugbMrPoQ5GF7baERiA.jpg
14103,Mark Blum,/xJ9pudGFNrmkD2Lkn4rEYBUCjV2.jpg
424,Dallas Roberts,/b7jMTaNJ9aBTXXy7gdwqn9jb6EF.jpg
96669,Evan McGuire,/ryORHyZDHDkVpUuN6mwR9qCZwAL.jpg
6238,Juliet Stevenson,/qiS6E7t5EbqRpWToggQwC3xIdDF.jpg
17183,Jackie Earle Haley,/xDPeiyklN8f9Ilowsti4lGVbioj.jpg
7242,Temuera Morrison,/AvtSC0f9QW7fMyFFNXEWDeQyfUk.jpg
58563,David Alan Grier,/2BJ2sueZu98fOMZ9Z1tbUzUTxw9.jpg
129527,Brendan Cowell,/9Bjc4wYjqAJXMwmy6rKsYq2PeWV.jpg
21266,Stephen Trask,/yAMFPbSwLxOezA6Lv9vfFXkI8PB.jpg
35776,Rani Mukerji,/6bm1lhrEgGFpOLBjvcOi3aoQmtg.jpg
59116,Steve Le Marquand,/b6iPJ3duOxAe7Jvnj0olNFWejUR.jpg
116341,Bill Clinton,/mIgqL0UAEKSl1Ry58wgQYq2sAt6.jpg
15497,Pádraic Delaney,
235782,Vanessa Martinez,/2AQPGxk7uNMBeQtRFUeQ3J2WcFV.jpg
10169,Telly Savalas,/pdJfRVsCdKgrRFXODXkaOfJzAtH.jpg
10167,George Lazenby,/c2Sb2SYKhvwoq0MYrwpNTVuw6xH.jpg
10168,Diana Rigg,/tFZei9BMHqau7XN2PeQ0M24RT7G.jpg
31714,Stacey Travis,/sXCx1nQf11C5HcLqQTSuUOUy7ZK.jpg
16840,Raquel Alessi,/kICI4PhP8cJrv4IIcAEkkS4OGgD.jpg
26197,Nabil Elouahabi,/gBWJGBBIWyAFv5rGv3hw3hwmEls.jpg
96673,Christen Mooney,/v5XtpS81Y4xDxUvF3yr8IQ3g8WM.jpg
24485,Nicole Garcia,/kZWBVMLkxGhH97DgJ0uoUlSF5Z5.jpg
8318,Brian Blessed,/3mLIr94V5IOA5ndY6GyqKKcyrX6.jpg
1756,Stephen Collins,/33LqzysjLWjgV3bvJ0gsNHBVAHN.jpg
58392,Kristen Cloke,/9MTNs9kMX6OTR6SJwMkwG3EVTsN.jpg
88592,Maxim Gaudette,/iGFDGJmGUxLOSIamTENFDecJdkA.jpg
1226764,Jeremy James Kissner,/zFpKGVlKGCJ8ijXAOO2H4rO8eQT.jpg
62753,Andy Anderson,/tT8SFuHto1Mb4Ncam3Rxe8AUZcn.jpg
85034,Ranbir Kapoor,/a5xWgKh7f4XofIl7ZwisxOi616K.jpg
48577,Mathilde Seigner,/xtoetsP4yIHS7BtRRM9JOWmKm40.jpg
53975,Deepika Padukone,/rzvvBQ0r6oiqDdzcsdTRB7jN4Rx.jpg
78501,Melissa Joan Hart,/t0Cb1l7owqKE7Aj3cNlnS94lXUV.jpg
84573,Mélissa Désormeaux-Poulin,/pMC2DPY01mkxnwGnowJV9X4hp7i.jpg
5090,Adrian Grenier,/xs1h6ei4JHCwAr3Q5b8Ds9w250T.jpg
20710,Chiara Mastroianni,/tFqa9RlIFn2wxI4TTK5btzvJxVq.jpg
66056,Miki Lee,/4SyU6luY0TmQ1Yaln5NKmAQOms8.jpg
106814,Paulo Araujo,
52583,Wagner Moura,/53IbAed4t1dOWxY3iygbRYZBBnm.jpg
57082,John Stockwell,/5XmsOQP1fdsELSPmCFuFWUVElfr.jpg
236016,Danielle Darrieux,/l8YlVUlaJw83YQ3mmqmM1iO3KI7.jpg
17270,Allison Miller,/nYIXBdO5nbtbgA5iAsFL3iHokL4.jpg
63522,Sofía Vergara,/l79eVtn6bSOaiq7R0UGu60foMrK.jpg
13688,Karin Viard,/quIomRrFBxXq32K5MBuvaTR3xBk.jpg
6541,Philip Bosco,/fhN45vRvNiHr1lqx5tjdQULHcKU.jpg
42882,Erika Anderson,/nMczWkfooECK0dCAhvMoej4Vjmy.jpg
51381,Michael Weston,/asS6TYplpuAdpuB0Evj65M42bWZ.jpg
51508,JoeyStarr,/dI6M8ibHVq78gC753BTSmdwNPZo.jpg
15140,Terence Hill,/vBkWDZh93QRUvg3oh5d96QQZWLn.jpg
217371,Adam Levine,/ucSpYIUJ0gKkHlPhQrHEs2HdFxZ.jpg
147721,Erin Wasson,/4QUfZn38rnELJygwcaQD58eYvVh.jpg
56654,Laura Morante,/dHPaab9C8how2C8tj3TseePEa7k.jpg
587506,Shameik Moore,/ovUKfVOwJ7CadEHaG3NDsfA5xRq.jpg
36221,Sam Anderson,/AnSyGuhjALUwUzMfQFhYMSJp4ra.jpg
4793,Chulpan Khamatova,/97LVWafPRjyBHJLKdqBHN9dwmEF.jpg
4792,Katrin Sass,/qvFBCUkcG9FKk9b7U9l6yFffDXp.jpg
121732,Fabrizio Bentivoglio,/euq5Tt0lDF0kLlAtgSyuiO7OShR.jpg
18999,J.K. Simmons,/ScmKoJ9eiSUOthAt1PDNLi8Fkw.jpg
115679,Charlotte Riley,/cTZ8RhEk67OtOa4yosJLA4l5v5r.jpg
72873,Michael Stuhlbarg,/aYB3SQm3h6ZyAdlbGyiNfakjx56.jpg
7502,Ernest Borgnine,/vlq94UdNfjLnd9DAkKC94vKLfJJ.jpg
146957,Kalki Koechlin,/5lVx30awwxvvyKIG8Pok9tu9P8r.jpg
5695,Sid Haig,/kayM8qM7kvjBSsVDazMENNKWOPX.jpg
16358,Simon McBurney,/h0J9UH1g1C0c8T8x1mjvfUv5X5f.jpg
76820,Marina Foïs,/dLPo5cyKoH4Y8TNRkl2GIrd4Oae.jpg
58754,Haley Bennett,/8HRgGypSwHeI27ffmcAELNoxIOw.jpg
24967,Alyssa Milano,/q5RAaX57dLvlpigAhbX3lCb2dkZ.jpg
52584,Caio Junqueira,/oO2ncA8EDcszRl4T3d82rPVRQ4w.jpg
63208,Tommy Chong,/4jCJpbssCSGc5jhmrBMoGvWNQDf.jpg
56586,Chris Pontius,/fNthW6ozHId6veZmZO6dC1ofZhI.jpg
21125,Richard Kind,/yWmuVQeQUzb5OSMVDoWkR0IylCK.jpg
55547,Matt Czuchry,/2rjZFfUgD5jJewgQn3HC72aIEBn.jpg
82809,Annabelle Wallis,/b6PltW1e18BdmRz3nKZ7ID9uZ24.jpg
77912,Andrew Caldwell,/re79YZi81oxsk1D2yfaa35kfU1T.jpg
82216,Robert Taylor,/kcuk9N9FubD8ISOyIgwRyUCQedH.jpg
27554,Alan Bates,/w1ewomnpyqnft4uyNz24Dk12gYg.jpg
1253355,Kiersey Clemons,/iZD6EzMGnuHFjFgmO8G1wyiLrTy.jpg
17373,Jürgen Vogel,/w1uLTeHJZ04JCmRiFJB0b5w3UuA.jpg
142995,Patrick Huard,/neN84KoE3s48CTkrNReYQ3z1HED.jpg
67524,Leo Rossi,/uHhTdiRzS3dZWGZFoQiMyfQqEVt.jpg
77819,Michel Beaudry,/1GkR4D1f79qjk4F0phXBQw6aiSz.jpg
231014,Jaci Velasquez,/yysCvqZuRoAwRKSMCBq2FRAoJM3.jpg
62019,Clu Gulager,/yknfEYk9ate8XdG3XnPr6WAEgwX.jpg
94436,Ward Horton,/qN28HktqfOCIaLVRK8W6bofdbvs.jpg
13524,Christopher Guest,/ofLhsKLZ4YAet8XIsNj7oA3blgh.jpg
20141,Deborah Kerr,/dHFhOEhHnn5cQjQN29IGRxzoxBP.jpg
69098,Catherine Oxenberg,/rgItqq3gwfV731kRg1jBM3cbrJv.jpg
17444,Corey Haim,/ygcYkFPIzXTbwYN9udzJpJOeKlo.jpg
7908,Frank Oz,/mb2JbT8s6LIgaxj6QTph0NW1pmI.jpg
49767,Frederick Lau,/4ukrX8OPPsD06YMFoTL00uZrwa4.jpg
52585,André Ramiro,/t0UlmNhX0eqj0KMLaOijvHQ9qLa.jpg
6104,Julian Sands,/8TYtEyKZle2B3cUYT7FBM9HJRtZ.jpg
55277,Courtney Thorne-Smith,/32QJmSbDsyoiCu2cpyyebdcH4Nv.jpg
34842,Tony Amendola,/eGgQGEwO2vCqhFcmDfyyjctmWcl.jpg
14852,James Karen,/kW947hrR36DTHcm9mxes5nWkgVX.jpg
29655,Leo Genn,/2MxHaZXCgxPmHiK4MWn1a3o7qzk.jpg
4808,Giancarlo Esposito,/rcXnr82TwDzU4ZGdBeNXfG0ZQnZ.jpg
18465,Mary Crosby,/bRCjLEZcnCB9QIzkExtiCFu6lxc.jpg
29426,John Phillip Law,/3QTz9geTTDwSt8NGJrc3JY3UGfs.jpg
4886,Norman Reedus,/ozHPdO5jAt7ozzdZUgyRAMNPSDW.jpg
7062,Andrew Lincoln,/gR4RzQTDsMfVv8oEh2VRbO8LkFz.jpg
27504,Chris Young,/n1AXYJrWdseny8uqQHJS7cBatIq.jpg
3034,Corey Feldman,/kpxdR2EsA0T36Scjiq9NRNCNJGY.jpg
74472,Drew Fuller,/8NhujIOiLgzR0XiFkMRXEVtSXse.jpg
120384,Rocky McKenzie,/5ppy4ar9rRgcFDqCiNw755kxpHp.jpg
55983,Jim Henson,/93vzGW2kWwmAJ8HpbErzKMHXDME.jpg
38773,Max Riemelt,/qFwwLIafzvRfytWnphxYMg2RLvU.jpg
105303,Fred Melamed,/cb5HSNuu6n4OVuxxQCDd5CfEocb.jpg
100867,Marika Dominczyk,/zlSDXLpCEjkwfnoE0XGW9BRQKDg.jpg
5146,Michael D. Roberts,/eIa9PbE2nC6yhlmEPjkuEiWge6g.jpg
3130,Jennifer Beals,/tu1CjyjoUoV7rGPyvwvH9b0MlbW.jpg
53240,Riz Ahmed,/1uP9RaX7BGVx7XGTEmwObBJJzsC.jpg
1216606,Gugu Mbatha-Raw,/sHAnv0kw5JHzWBOP7gAezwqgl8J.jpg
96010,Scott 'Carrot Top' Thompson,/gJHiu33FKGO6foXnnXNOUFKQREu.jpg
41262,Don Calfa,/A0zAgiICXRnHwo0TseGoGGWJs2a.jpg
21320,Danielle Harris,/hgoVrVDEujZTZoxpElzXBSlIUyU.jpg
132548,Nicholas Blandullo,
8351,Frederic Forrest,/gxHgIe9swYgCcxSSCewQTF4J4VO.jpg
23646,Jeremy London,/2eSv6kcfWinz0xDoAclyCVsArhu.jpg
143667,Yuriy Tsurilo,/t8n1jTd3bB4yXLqBZmv0SH9j5jl.jpg
1678,Mitsuo Iwata,/xCAsuzc5OBQZWhG5WSZIyhBZ7xj.jpg
64119,Robert Urich,/uXxUEkCvYaylw6wNDtMsQzB7OXV.jpg
8699,Michael Nouri,/cbrDZMRb7DRsiVcuoU0VDbLL6qj.jpg
39554,Jennifer Jones,/kPWuP9WGAkVnwdmT1KCif4KOMwz.jpg
54789,Sean Patrick Flanery,/aHQtxIjMEDWdXqvFJplx0Kcwdn6.jpg
8892,Olivia Newton-John,/pPgHm4ToBirjWcuOTrEMxS82stP.jpg
61303,Dick Van Dyke,/jXAeNx7mYdirzMHcqPyj5VXxcXi.jpg
1011102,Jesse Lee Soffer,/gVEaHfRNwChrtdGdgPLcFg6MLFI.jpg
53768,Anita Pallenberg,/aqkEA95ks1RdqzUkjJBVplXNKPv.jpg
10190,Jill St. John,/o0LKSONTaFmjuf9ntKa4oVbOLKq.jpg
1680,Mami Koyama,/4KjDxYsa7mMh8gbqSKCV2DixDAx.jpg
19144,Shannen Doherty,/9yiNYzxiccImGeNKHKVQCR9H3cy.jpg
80622,Suzzanne Douglas,/ldfCErLjjST3HBZSK8G4KBMDZhR.jpg
120825,Jessica Mauboy,/cEVvnXei20IcBL8vb1YF2TnlGuN.jpg
68455,Jerry Nelson,/daCTg4kX7AjrWj54qmRH2Po3znW.jpg
52647,Shawn Hatosy,/xTwYIiSOvvIUb9YIZcTNp8fdnwp.jpg
7430,Elizabeth Peña,/cTt48lhoevdMtiyXn92CTDHebe2.jpg
9594,Katharine Ross,/cfWayhVkjcHuXIJOYnDCJxvWp2B.jpg
1679,Nozomu Sasaki,/7usoPlvc9Xa1rDA2vxmVi0OvLDb.jpg
5825,David Tomlinson,/s4vye5TiGDNG8HiwOAm4KQqees8.jpg
85931,D. L. Hughley,/xhOo0FVdzYt5mnIrZlITKCEtbW9.jpg
55062,Tabu,/cvt5nvCHr1ICf5u8A2mlzLQ8LsV.jpg
1646,Udo Kier,/lIOGDMvrVHMgPXdhicLI41tY1zf.jpg
563838,Stian Smestad,/iqwMC2tLUAOsMShI3YdnoAWu5dy.jpg
10074,Charles Gray,/3H5YbhDgZq9fUk12aKm82wgDFsk.jpg
5471,Naveen Andrews,/tVAQ4dP9rRosjHZBLNVlfAGVE66.jpg
66744,Chaney Kley,/5XSCZAgi1BUZrLp7eDyIxT46w01.jpg
56977,Roy Dupuis,/iS6BCJzfzxxSMMyGbpQTarVeNSP.jpg
26456,Lori Singer,/rcp1Gmaf3W0pUQia2mXn92XCZ5s.jpg
14837,Carol Burnett,/r2CnNPYJLJCCoTmWDLyKQQjJSrE.jpg
10767,Barbara Hershey,/6swwfge3HlvyBVRSNwroFtMcgNB.jpg
99269,Leonid Yarmolnik,/iav7oC4qpHltP4R0JA8q0COfbdl.jpg
21277,Mary Tyler Moore,/v4tIqWFbCcvqLrFhhHbeelR5f1l.jpg
3033,Wil Wheaton,/3Jn3uSa79TwsK4D5fFyFzKag6ST.jpg
18273,Miriam Shor,/n6hpEZqCpxxb4yln76mfDvuz5lh.jpg
56251,Kevin Heffernan,/2FgG3oPF1A7d6W4KaNNZV7kJ83g.jpg
73127,Joseph Julian Soria,/vcBpEeJLPtOuSnrSuV7oUJKSuY7.jpg
77347,Christopher Shand,/fp6uYzzdKUmwUGpOKWDJN6WRDHg.jpg
132549,Sofia Viruboff,/36NV7lKZx5Njei2NhMLpcoaZT7W.jpg
5698,Jessica Tandy,/4qgLUP4sFC3xnzzcpyQcv8UKZAv.jpg
6167,Judd Hirsch,/7rJ0TZfMoPLTcO203tHhE6tcPKP.jpg
79615,Michel Barrette,/fbp47Hshm1XaomiWt1zWuSbpEdB.jpg
1272797,Natalya Moteva,/5A5i6TSp6dyEva8ZfB1DSiniI4j.jpg
31114,Lilia Skala,/veiuZGexvC0tnyp8KmU5fWeVE9f.jpg
82220,Danielle von Zerneck,/yRokAUnPSiOuzHiwO1zcC1T4qj.jpg
66745,Emma Caulfield,/tYQURD5pl4iGHjyA2yVwmmhaoPt.jpg
87118,Michael Beach,/7gCBCpK2OSzuUWk5iTZds9NjqkF.jpg
41247,Len Cariou,/9VJeCcxHkPkN4xH4izmwYHXRMy2.jpg
96744,Victoria Profeta,/eY7E7cML1eHm2yzAYORCdIc1mqc.jpg
56253,Paul Soter,/avsOygcEmFUB5INWGoexgaTJ2u0.jpg
234984,Thomas McDonell,/iR0ElrLlagBaGSsOZVphTLbU8TE.jpg
58899,Carly Schroeder,/rop4erUmhWwlpN1j3IQJ453miar.jpg
137748,Louisa Milwood-Haigh,
38660,Lee Cormie,/64oIDigP4MF6UxikjpPMUxGiKMi.jpg
66586,Mariah Carey,/nzacw2IZRpfHK5uijzlumraa1XG.jpg
7331,Eleanor Parker,/fOzLJeXoHryUyPFmJWIkdLvfX3G.jpg
126863,Ivan Okhlobystin,/5aJPa5hQsUxuRvSmU2k8KUR56Tk.jpg
2050,Noah Huntley,/dAwfkCqQOFqADngR4vAE9lG7D8Z.jpg
57952,Tianna Sansbury,
38526,Rémy Girard,/enULDDsKvyNoUCZoFg10Mtq1MFk.jpg
1223726,Robbie Amell,/5MPx1TEdgPs9UEXV65nd80JikSH.jpg
1923,Robbie Coltrane,/jOHs3xvlwRiiG2CLtso5zzmGCXg.jpg
62589,Ellie Cornell,/yuS2DcheBpVKmVZKoYsB2pr7wBb.jpg
6725,Russ Tamblyn,/VuEoOaE0MtfgpjI4bQJRLtnA28.jpg
4154,Brenda Blethyn,/mxENo8tEvN0998PrNidYkN4wGGO.jpg
145836,Aimee Teegarden,/6ibTZLO40ZWoNAmjL1UmEujsAWk.jpg
21030,Michael Moriarty,/2EY162LDxpVVG6g10lm70uxkNJp.jpg
59154,Tamala Jones,/oPdfyRpJNaf7oO0pJlxAKmc9egX.jpg
4301,Angie Dickinson,/5OmGKBhCTz7nobyMOPfaxs2F9n3.jpg
24357,Alex Borstein,/kNzXi083vw5B0YnrJODwBAf84Aq.jpg
10875,Françoise Yip,/2fBymfOzhw8wB6wHFHbxulNysB4.jpg
52933,Timm Sharp,/128ZwAdX38RmPIfouZo5fZrPSqE.jpg
57951,Everlyn Sampi,
63791,Jay Brazeau,/sfZmnOv1Nd6jqeks5QtsW2Co3uH.jpg
3198,Rodney Dangerfield,/7ovx3TFiIlMbNfIxaYUtTOBydEr.jpg
28743,John Lynch,/4TG8HYZ5SEFh1Yk5CCG4fXD55j9.jpg
123725,Abigail Spencer,/uf96FDHVoFMwoiP5He4SPLCmwri.jpg
565525,M.L. Piyapas Bhirombhakdi,/qc6qUaTE0NLaRVmS0vfycNetxdE.jpg
583453,Dmitriy Nagiev,/l3qrgxwqtrph4qt8BpNC8fUNahc.jpg
104045,Ramy Zada,/3xPcAEqqDFiwhRiOvau4z4WGZcK.jpg
141687,Dianna Agron,/9BVahBiKoMKndboGFYQYtEd3RM4.jpg
44917,Anita Mui,/bwgVG9Rpx0c2HV2xVbpI3Jpgd3t.jpg
98285,Bella Thorne,/dtmNEQjUJkZcmIlgvD98gZ26UNL.jpg
85139,Nicholas Braun,/b2I6bZptuld3pjlVkYIy4DtMKGg.jpg
65505,Arthur Hill,/7j7FUkRWb3aMiwxzkmRoZwPwvXq.jpg
741,River Phoenix,/m6fAk9U6ws76aWCBanu2cj2Lgh0.jpg
227708,Chatchai Plengpanich,/bVbKHjCvXONhLJBMaZzrggcK0wK.jpg
61260,Paul Rae,/b5XZK3hUrio96loH4RWoBLlxGvL.jpg
316308,Lyudmila Artemeva,/cVg0SeQI82S1539aQAojgvQKpWq.jpg
146598,Mick Partridge,
109561,Sherri Shepherd,/hEuNkdOpeztVtqIxWlwZFeoieUw.jpg
14831,David Wayne,/mXatzN2o2Dcx4hUQxeKXkbkE9Fk.jpg
6679,Richard Beymer,/puuEWRSOqNub8esjyln654aA3SM.jpg
44831,Carrie Snodgress,/5Bygw37FqX7qeuNTRycGIKFcaCj.jpg
77913,Andree Moss,
10223,Jane Seymour,/4crZXhSXSeAiwZDZyjfQ9dMgbj0.jpg
77802,Omarion,/aSx68NkWBVknJaOdbKlhwOmgC4W.jpg
57953,Laura Monaghan,
37014,Lauren German,/if1TbO8dSfPiDCMfy52nH7A2D7.jpg
5348,Allie Mickelson,
66587,Max Beesley,/kUBoZ4cMo1i6ojBci0VMznmbn9y.jpg
77801,Marques Houston,/bjGs5VCjnTU8wPK87nTqMJatOcr.jpg
98775,Big Boi,/v1I9flMe8DtDvfHYPFwFArohxhE.jpg
12852,Barry Corbin,/avNg0rmudSPg30f8Xt9BwkPDC17.jpg
26048,Ben Browder,/28gdcjphnh7zjpWxgWWVvv9XMA7.jpg
55755,Richard T. Jones,/hdko2C45Wr5G03Z8JwGjWMynP84.jpg
71146,Ted Knight,/KQ1T3PD20c238GYwBQt6Ph7sFZ.jpg
55824,Murilo Benicio,/l8ZZQ1U1kSnfBhx1hEPOTRbu7ln.jpg
235028,J-Boog,
53367,Ruth Sheen,/tchnF80OCEiq3JXpGI4z7eMla8W.jpg
11671,Bijou Phillips,/h85fNjuYnaJERqVFtZZOEzGdtIJ.jpg
20853,André Wilms,/7riWokLMFcbA9O781LUrIxMDrGT.jpg
31387,Yorick van Wageningen,/eh1UkiBszBbsfrkRYakOcnNcZ2.jpg
1178995,Jessica Lindsey,/6YelstecvueLEeYgboUEBMM0fmD.jpg
239574,Eugenio Derbez,/6o1w3mYF947N6TTakQXcs3NNy4w.jpg
13784,Burt Lancaster,/hQBgFAdk1BrSum7LN4B67m3gj0U.jpg
5999,Kati Outinen,/cQSSc5IPpU8BoJsQw7EjWLPt98C.jpg
15092,Sarah Peirse,/wC9OFU4mFkK1N6r6UU6A0E7pBTr.jpg
10486,Chelcie Ross,/yerwaFvmmtkZSfT68Bhbn1U6I5P.jpg
62066,Faizon Love,/dK3hUGpG3SzmqTCy6rQzyK6YaCy.jpg
77667,Oksana Akinshina,/maFsX3VV3VsSFlvpXDCn0LTTKqr.jpg
143017,Frederick Weller,/nNgNNahLhlQqlknS2dA1ZTO3NKG.jpg
21859,Maeve Quinlan,/fGA8LAuXTF3pJCokVUnsXmvKNA7.jpg
106049,Jennifer Ellison,/xQk3xG3oHHXrHmTg4EwNSzWuOiI.jpg
8252,William Holden,/qEuJZiPXKFm1LdtbnHKGj2hQm8a.jpg
115502,Chris Phillips,/1kb0C9s1VXuUoKIOqNcuqR0IYf4.jpg
17093,Eduardo Noriega,/wL2pCdw5lNsDrWRor3rxwLaSTQK.jpg
172935,Lloyd Owen,/d8b9S09WPY2E8YXoDkaZiIGTMDB.jpg
569369,Blondin Miguel,/wX2u1VxVhAgmP7eX7dX1XSjInL1.jpg
196714,Fred Newman,
97182,Betty Hutton,/2IFYvjG9Of7TFijAjhovGBHOS2Y.jpg
65002,Dana Delany,/sUzs7I87K4wSvLD7TjoYH6avRrL.jpg
67121,Simon Ferry,/v1xOdfEJbmMJJyvGl7j4qyFsndv.jpg
42740,Christopher Atkins,/jLuwUuLaPaLYHUJ8pqzNwnr2IyG.jpg
931944,Ellar Coltrane,/8r78yVw07oR8smO6c3wNpOnUSxT.jpg
51902,Fernando Cayo,/sglfXHNFlzOBBLuRrbDkxghSW4H.jpg
827,Elliott Gould,/vqjRBbuqXOvalAx5JZEaWx6kQOw.jpg
10726,James Fleet,/wCXNHgrmOk57NIdLfY7ve1ghxjJ.jpg
28767,June Carter Cash,/5MfO9qFRFJZHoH4GYPmPrcBsAPW.jpg
77870,Glenn Howerton,/r3KJd0Ea7lyrAHWl2Ww8lMh29hx.jpg
71220,Lyubov Agapova,/lJ4pIxGCT2I5OGPMSw50Cak86KZ.jpg
221192,Kathryn Newton,/exZuDe36AV1FSfEWxLISHXRPwJy.jpg
1218072,Ellen Muth,/2KmbTOJMxY6YpNjKINHdYepURxC.jpg
19534,Gina Lollobrigida,/pdvbAneNNd17OjUXk9w99t44pe1.jpg
14500,Jean Simmons,/scbR91Bl4SbfQqhXaH6OfhjxfYt.jpg
13324,Paul Scofield,/c9GUKYC5Ew14jUBL70i2gdGRuMp.jpg
7192,Leo McKern,/yzVoghBAj7iK8dsVu39TNrLpfvE.jpg
11492,Clark Gable,/qD6WJzydym7n7fCeL9PGnHe1aEV.jpg
47439,Helen Hayes,/i1mqaJOQG9TBVBZjn8No70GeGhE.jpg
71219,Artyom Bogucharsky,/y3zEICfiHsm5aZea9pVfa5gx6yk.jpg
168610,Kathleen Munroe,/co8l2AzgtCnx4SgJpcqDrIfIxli.jpg
115737,Alexander Karim,/weqb7jkGhNfdEJsGArbvAqqhuXD.jpg
8253,Robert Ryan,/hpWgaPTbBLGCdYXHcEVLIWaA3m0.jpg
19797,Marlee Matlin,/1iV3yA07kdj7RFj2yyzwO2T6M8o.jpg
80755,Mao Daichi,/u4UWblBHJV68lir33KMRZSUhfdC.jpg
44998,Steve Forrest,/gIAQMiYS5n9ULS7D363kJvStqlR.jpg
14812,Jeanne Moreau,/lsIlRbcStJev5n1mypIeUUYKWuy.jpg
14606,Albert Dupontel,/gwZFclFz6IQcKadX3wYhagP0r2I.jpg
41125,Eric Allan Kramer,/nqa9idbLT0AdhrIIu0o8bbxvoBk.jpg
537,Stephen Tobolowsky,/uL8yfcm0dCFYFQt052kczVQVvac.jpg
58604,Nao Omori,/5cydxO4jcAEt7K1u4ops71EhCdj.jpg
455033,Matt Shively,/iHRsz1oz5SWGYhEXS59dR0dsODZ.jpg
2041,Dr. Dre,/xm2pYFBggiXSkFBV2I612i3fDd3.jpg
105880,LisaRaye McCoy,/gTKgkWWB3D63Xn0wDK9CgWjcsEo.jpg
4068,Gary Cooper,/9qVldt5g8g3lQBu81nd05Hg2MNP.jpg
14501,Peter Ustinov,/brhFhJxwk0zgSB2P2oqMTDOVbmJ.jpg
29802,Marty Feldman,/jefjQwWMvgg2lDM3gvF8axrAcLO.jpg
13565,Steve McQueen,/mhHk4NRPXEJLL0SySheXZAArp5w.jpg
77033,Judyann Elder,/57WbfFy6g2zUVHmPfYUhRrffM6m.jpg
12151,Montgomery Clift,/9dwtVaD3ybBNciTzWiNWNqFpFVj.jpg
57208,Petchtai Wongkamlao,/3hmcqU1OfLZ5kbvl7url63VuWMJ.jpg
1911,Dick Anthony Williams,/bmbeMlCaH2FIO7ahDsrOrOJIzMh.jpg
1189931,Joshua Seth,
14563,Adolphe Menjou,/88FfjxT3cFDIbCIK0UmwyjEF6tU.jpg
74940,Lumi Cavazos,/tYSFZAIZzaQ3klvFga8DWq8olPX.jpg
30585,Brenda Vaccaro,/p2DWvZUUX9iucoBAnccdRg0mPLv.jpg
72791,Ivan Barnev,/cOdn9T7h69JeQr9znBQLfh4ihEJ.jpg
55643,Prunella Scales,/uNpr52AXTBnz3U1cZReK17hwe60.jpg
35350,Marc Singer,/npgKM5FfPKnAukzV11pXOlLeBnZ.jpg
72792,Oldřich Kaiser,/dGbXhIqxC8BVkJlL1V276vc9ZcR.jpg
52602,Rob Morrow,/nxF4xVyEtQLMxDXlhJHnCoKM4MI.jpg
45446,Megan Follows,/b51laNa6sqSpLrYCUpW7hcsbZio.jpg
13578,Dana Andrews,/ggym4ohZ0CTM9WtDqCIwFwPScQ6.jpg
35320,Cornel Wilde,/1IJ9DLHUCgAWuYgj2zJMC5Mca8S.jpg
5403,Richard Basehart,/rlk0wF1UbQH7DPGmkXKd1tMzDWo.jpg
123812,Lateef Crowder,/mhGArPyh3N97t3PU4YnvLZTzHjl.jpg
83480,Kamal Ahmed,/7NjXOSMtM9LIJkVnEr3A0jvN6PG.jpg
97913,Judith O'Dea,/nihfq3xdU22xnxHKmqA0Mv9rUvv.jpg
208693,James Wilson,/1iABUZ8ojpdSosyWKezohLyYMIu.jpg
53672,Soha Ali Khan,/eBQjfcLUqVMY3fbCIE8J7TIj3JQ.jpg
217300,Kathleen McDermott,/pBDgxUyzLndB4vpC4YwShRAhxf8.jpg
10559,Colleen Dewhurst,/rrUNC8d6lbIrZm4yCHS39bLDtL1.jpg
68848,Lisa Zane,/g4Q4T0masimLt6qWw2ZdPuSxMhR.jpg
24896,Stéphane Rousseau,/mDJkNPVzafq4HtbaVDVM901Mx0r.jpg
14503,Herbert Lom,/1sqfpn8EzsCgQdwmB8NP4bLWYlP.jpg
152713,Dick Haymes,/xOkFkrMj1zG0h7PbNuyjVXdBJpg.jpg
57209,Bongkoj Khongmalai,/k0bWAhyi0wkhRR7LYyDT3jmjJkD.jpg
97912,Duane Jones,/6IKcAo7UwByTM3U8awBBuJlHAQs.jpg
30290,Victor Mature,/trTvjfUNOFxYL0Se70ZJMYKUsqS.jpg
3932,Julia Jentsch,/9msSN9TnF6Ne5cyBwrFZjrjwYbR.jpg
31364,Sarah Douglas,/76YfRJyQodMIBiuO33slvSYEQhS.jpg
23899,Robert Blanche,/rnXTCcTr2e2br7XGyfp9EFJdcqW.jpg
174462,Lara Jill Miller,/4C6W6w9uxA1WEe62zodDfHj3hZ8.jpg
7169,Alan King,/wq3yjC2S2SMxjs4tAAuryJ91Hum.jpg
231610,Parminder Nagra,/6c8NU6wlvfoaOshohQCBX52ycud.jpg
53673,Alice Patten,/mgDrxjXQApR0ZCVXuhWdDPnO3xW.jpg
82170,Jeanne Crain,/oPBKcsZ0sbPD8JnVI16oekFn0Ce.jpg
72440,Brendan Fehr,/401AgLwGGfGRmzUT5WxjKb9jUv4.jpg
56081,Ken Davis,
78431,Ben Feldman,/neArGlsh50NtcGzUM99Puz6TrFX.jpg
83527,Shinobu Terajima,/tOk9ggHemFL5FCvhfYeIkyS3Fk9.jpg
39459,Hayley Atwell,/x57wXHexIjD2ywly9cRA4rov7cu.jpg
59300,Marcello Thedford,/1HBS0MlQgWvnAFBFthnUz5QfEft.jpg
5117,Birol Ünel,/wYVNLDcvjEUUzr8WiJgkIxGNpdl.jpg
12446,Peter Sellers,/sCVIv2DGoC9U16anTjLwMxKBPZ.jpg
449889,Ben Drew,/nliQ6VJCImi9ICoDWxgj4TS3xot.jpg
59592,Izabella Miko,/uh3KbEyFrsYcwifxqtBWDk2wB00.jpg
80758,Boris Kodjoe,/fo6bMq96LUDEatiXlQlMctOMGI3.jpg
4776,Michael Murphy,/3quWjoqh8vKoSXE9Ll3AC7pgsRh.jpg
1395095,Cecilia Narova,
44240,Roddy Piper,/esCeplHMwOhMZDAcuXr4iQGeZKc.jpg
68849,Shon Greenblatt,/9HqYm3tmfCmNI0FOcRVOGTvOvU2.jpg
96349,Molly C. Quinn,/c3pWyH63Z7RHZkU3y3u6O8f07qf.jpg
2090,Kirk Douglas,/t94It9bPI6uBvNuuQlQipyYyURC.jpg
207549,Perdita Weeks,/2XHfEagkwU9DowhDtG0vi5kagMp.jpg
56082,Tony Diaz,
76547,Aksel Hennie,/sceuNjVXtsHOS3cn0MsLfZRkAQx.jpg
7685,Raymond Burr,/gsmckogOXPIk6lce2qnNMAFF901.jpg
56080,Javal Davis,
30720,Suzanne Flon,/4kpK9sdCTwSETHTv6iKAL28kiVU.jpg
1104462,Matias Varela,
168992,Bob Papenbrook,/c6osjbHJq4od6Dv3tdxlUDjM05V.jpg
33934,Derek Richardson,/AiO2o2OZxR9iCMEU9aqkE5ixNAY.jpg
125740,Dragomir Mrsic,/wREVLKdcNQpkTD9EOgukp2hmZLL.jpg
2092,Paul Lukas,/uPN8hpMtacoFylb0Ez9j800bilZ.jpg
5498,Adam Bousdoukos,/cm0MLSjrflMKc9XPSxXcmVhaaP7.jpg
65134,DJ Pooh,/hSE9l2mVy6V6bN6QnzTBoduvLt6.jpg
71041,"""Weird Al"" Yankovic",/ptaQLv6iMCCTTkNeqm5tpffJhjm.jpg
34793,Manuela Velasco,/5kLSLPENT0aKZB9gPlEbDumDWPx.jpg
230213,Miguel Ángel Solá,/jvkbzIBASI8H91kuN0z9bnLuQuB.jpg
51383,Tyler Labine,/uTg5k0mflhBju9Q1tOYmYDzdBu6.jpg
47632,Rob Brydon,/xoKLZVwzaUgTUEvPX4vymXpC1fU.jpg
54532,Ferran Terraza,/vw2LvonkYZ61iE3fl8SjBrHqRsh.jpg
3149,Marilyn Monroe,/vcp6rHL2sZWdlJQDEWsEe0jAAe1.jpg
33935,Eythor Gudjonsson,/4uCLQlbyLNmjcdAHrV9KqtTSXdR.jpg
52890,Richard Coyle,/pW7dJLmR3PuL4T1eVGa5iixPHGZ.jpg
34715,James Nesbitt,/lQiGZcwUXbCqpF055Ia5jxdZ2Ma.jpg
1374149,Cameron Mills,
67532,Mélanie Doutey,/xgLVvAhEOIY9Wsrcwpiw7mykmDB.jpg
1746117,Andrew Jacobs,/vWN5qDL4OBSLl1CzstwSZGPM444.jpg
50807,Michael Richards,/bAYwmBdPJAiFkossWq56pEDmUh4.jpg
59450,Katy Mixon,/4JvLDGS4Lqrr39qHENumzQAvVfi.jpg
30366,Victoria Jackson,/mMTqZkTARaZzEtRlz60MRvK0jnw.jpg
15294,Rawiri Paratene,/oGSLpDSqlNlSCt7evHz3EPlDET2.jpg
51903,Roger Príncep,/7VtUVSt4ENpS4w5v4vzvxtEh4aS.jpg
29068,Ben Cross,/11gObExUG7lFCA7WeYgHabnZjDg.jpg
26996,Patricia Heaton,/mSQ3DnQ5mdJwtLnIjo93yHqADv7.jpg
70519,Andrew Shim,/tFU1ag9fxzTyfasgOGd7pQmtjRE.jpg
120248,Ashley Bell,/ccTdQ1pmVSVFoxzRDVeh5EAOWcZ.jpg
1817,Linda Cardellini,/bcycvynDprC1rrhBNrnBjn5uOUd.jpg
526,Lukas Haas,/6LNGu3o2aBiYNTDkbXMDIGyQtBh.jpg
59017,Jurnee Smollett,/ohvV70Ar4rlL5I3WzxQGtRjpsgS.jpg
56679,Edwin Hodge,/lkouUtGzfgUPUj1LP8cEk8yvKXo.jpg
111091,Claudia Silva,
1105711,Richard Cabral,/g7wzGBJzqO5tvIjrbzv2UsZ7cIv.jpg
990,Frank Harper,/zKwgaKyONNll56OY7xw5NIYHnis.jpg
4165,John Wayne,/4VmiGmCwSnratHtYmT2AyXrdQ64.jpg
45754,Fedja van Huêt,/fIN5xMtn1B7XD0HD5Qqg6uZIDd8.jpg
13514,Jan Decleir,/wgCWRtfO4HROS1o2QltEGh9DLGG.jpg
63436,Jun Ji-hyun,/qejOQBdIzN18e69yRcsiD0JQi4c.jpg
20819,Peter Dante,/rissE6HFZcNbeSF6VtkybOc3j7J.jpg
8261,Willie Nelson,/e5rXc3fn4v642bIDVFWUr6UlVM3.jpg
24048,Jeffrey Nordling,/ncN63j4FAErxhXCsFZtWdskcp48.jpg
1374148,Brandon Gonzales,
56676,Michael Welch,/nG38Sl8dems5i1xpJxsLIrYiIkn.jpg
119589,Donald Glover,/jqVkQfeeEmdga1G0jpBwwXXwwSK.jpg
19434,Sharon Farrell,/42dQ4WRePvqrdNwLjoRfimngWdo.jpg
20124,Gene Tierney,/sexaQ4TPHEnwaiEAGpJDGlmEjF3.jpg
108534,Adam Butcher,/gqQBmOIZ0ddv0H9P26OWiSchbnA.jpg
543261,Karen Gillan,/kFLXcFdok3ShDxylr3WNreQphQm.jpg
64733,Jensen Daggett,/ryFfHU77jMPuHhFnW9tyutJlmw9.jpg
198927,Sarah Drew,/65hUM3Egh5roemP3Cgn0bA38rDj.jpg
41245,Laraine Day,/rprHvH9QWqHlFPDfNy0N9RGtvqy.jpg
2839,Brendan Sexton III,/36EvFVDqOKzUa91ixgGEAUPgnqA.jpg
5129,Paul Reubens,/9xGL3pGNAiZDtzKTVDQY90Mkyqs.jpg
35595,Scott Foley,/91jhs4Biigdhwvco0UdlpobnUaL.jpg
18974,Laura Prepon,/l0IfCQKpTJfQlh045o69cH1BTVu.jpg
11854,Ian Charleson,/ajjETMq3zGvABN7tmB8AA4nYLOi.jpg
79448,Betty Schuurman,/7lCNa93WbOxvTpuSzl9O2x29VHA.jpg
55469,Russell Tovey,/p1hNveDVY6vT5FDT0zJXDnZsDw.jpg
559207,Synnøve Macody Lund,/1tZzyfHjmn3EmlyQtYoaNmvexqd.jpg
53647,Lainie Kazan,/6BpG5cRYtT2Trtaq6IshpLY9jgf.jpg
114550,Anna-Katharina Schwabroh,/zNK2a4FZkDvNwuV3Gimal5x8iFm.jpg
116488,Noam Chomsky,/yjpzdiWTGWZMf5RgHYtiJFojwaz.jpg
15295,Vicky Haughton,/9LaetM0NZBibp6zwkiMqOdXjbM5.jpg
1834,Shirley Henderson,/dxVvLjGNKVMl5lDXXInJ7xWpCvl.jpg
81133,Amy Acker,/9lpLwfscOoG4jyYIH761SRnm09U.jpg
58430,Ruth Bradley,/pnrFYG3Ij8Op6XTpbFw2vdltDwR.jpg
556526,Bill Baird,
17181,Ty Simpkins,/8FyJcMFmPdCSfz2Zc5ZcAKrIorj.jpg
5499,Regula Grauwiller,/tuPTKY9A7ocJTM1v7tsGqtIazdX.jpg
55192,Verna Bloom,/AsQxTe2jB6c4E337U5ncXUOCOww.jpg
45407,Mark Duplass,/lRDf99rAfcdqt8Cqk4LsIT7XSD2.jpg
52396,Stefanie von Pfetten,/tWi0AnHQyAX6tx8B8QVNu9UmY2d.jpg
64017,Martin Rapold,/o85UjN2AbOfizpisZ512vhNGxlO.jpg
106712,Michael Kanev,/9nxMyQqAh7VTNeb0vCUkl9iO5FZ.jpg
86923,Caroline Williams,/m6FRiLEHlDw1pDkzreBUCd0YJiA.jpg
19143,Jason Priestley,/lQvkOOhf59FTD86G96fTRp17VJt.jpg
23629,Brian O'Halloran,/c8bhTxVxhN4DMrJeCnu5usutbY5.jpg
41229,Meg Foster,/9kYfYxFiN6PYjJh1nU2PrQ0K2Z6.jpg
57127,Blake Heron,/mJJfFA56PD3dZjlbwAo1hEryTSB.jpg
2680,Donnie Wahlberg,/8OQTlgl7eGAFlKTF2o8rZZT0MoF.jpg
936970,Julia Garner,/ud1RXbvW70J89iqeic7no8olxvb.jpg
99461,Cedric Hardwicke,/ypNZBNKlCibI0KsI3GQ1G0xJsQB.jpg
101250,Kim Poirier,/e6ZKLFNFiQMGbqFDwT9SEOZT89Y.jpg
9995,Jami Gertz,/9O3hOr7tPShjmLNupTEdMCfjhK6.jpg
556527,Flip Benham,
47536,Cheryl Campbell,/67bBGkpbuZQtepdba4z3wmROYwv.jpg
15659,Marianna Hill,/2Exz1SqtPkbM0EkkAKOk6I5OTg6.jpg
23440,Konstantin Khabenskiy,/xNGDL5Wya6sjiAH6Fk417c2geAs.jpg
99183,Alan van Sprang,/pRoYSbQTkOwGGIChDPQXmZ22nV2.jpg
14592,BD Wong,/w7Hs9m6ocS2qlibvrLOvmyCKbAN.jpg
23630,Jeff Anderson,/edwQlYwAWWHQC9um89c5CQpFYof.jpg
1196615,Scott Reeves,/jqf0Y7wdvrwj6YG1EwJgQ3bvhDB.jpg
67838,Marianne Hagan,/14zTRzvemLUYpAmNWxqSmOQlcc0.jpg
83852,Liam James,/a8qMiwUEbiohMnjwyMSOSrivUUE.jpg
115146,Dominique McElligott,/67WjmwIlPkt6Q6DANkMN1HjWha5.jpg
114921,Dorothy Stratten,/gOGJE5FUAPndQxwbGPIzyOTswaS.jpg
4959,Claudia Cardinale,/gbTVdZGrOwteJ7qYSzyn8XpUk0H.jpg
104014,Jim Siedow,/SOE9uBZsCHJuvsGaUDRyTFW0C2.jpg
16450,Sean Combs,/4AIfaoGkcuWPhTRR4A6k5tjYJci.jpg
11110,Kate Ashfield,/rtuYpo9W4AsCvI1I6brIdHe7qi.jpg
1348957,Ian Nelson,/sO5c4rLCKZiSHHWjsfikNwCck8g.jpg
126667,John Bell,/aPMEzcv36aAXyCLgsRkP0H2ezf6.jpg
93839,Sheila Hancock,/zX7dSYUmnoRonh64Qhl9stIQ0Qq.jpg
213388,Caerthan Banks,
97914,Karl Hardman,/vs5xLO71stUS3Cn1UD1EWeGAa7b.jpg
77761,John G. Brennan,/g5VkG76RQ9zqKCU1eCQRpU041Bo.jpg
58423,Richard Jaeckel,/bqPHmgKzNOWU58GtoB2SDiH8MHV.jpg
585965,Marie Féret,/gzJ1218MA6VvL2YwokzT7madzQ.jpg
25001,Lee Young-ae,/3YRo3MwheRf7lR0ZNa4FG12RVRn.jpg
41274,Stephen Macht,/6FTqfNoPKfnRhD2HkH3MqPpH5eA.jpg
10824,N'Bushe Wright,/jSXuSko6tZQ69LfJEMmNLiXEOS8.jpg
481,Jean Heywood,/l788luv0jWEivj4d7KY1e3K7TVW.jpg
100624,Avery Schreiber,/kNRVYuvDhYinmCGOKIL4bIE6lHB.jpg
90596,Katie Featherston,/epc6sqtuYs6ffIb9Dc0rI6Qyho4.jpg
1065,Thomas F. Wilson,/mVhm65ZVBIRIptWGiMIvoUy0Khi.jpg
100703,Ty Jones,
58907,Elias Toufexis,/tl66uUNRphtbdEjkyfRkqI90b8k.jpg
60899,Chace Crawford,/yWZILsr2mBQBCG1LOcCYYshIbts.jpg
79321,Christopher Martin,/4pOz1uL86TBOiuq1OoegEJfCnTq.jpg
1117876,Kwon Yea-young,/1WSbsfCYU9evbLn2Nyy3I6zGMge.jpg
135665,Marc Barbé,/wx6mwxsSrAZj3PAg8PkUSAQlTbo.jpg
100700,Izzy Diaz,/b4Rz5ogygEVgZ4sHwGTL4L0WXjM.jpg
23442,Vladimir Menshov,/uFcUO36vMhZuI4e8KSfM4UckODG.jpg
1840,Gordon Brown,/tKnkIuEUr2U4MKtm0opQUfkv7q.jpg
21171,Gérard Jugnot,/8fvIsaf0a5e60IvtNddKCcOZXFO.jpg
118243,Sprague Grayden,/dhWyIHiG9fYMkcd3pUK3Q7kFm37.jpg
49278,Olivier Rabourdin,/r15C7VnXnyMJk8JyNQOJGaauiKA.jpg
29709,Mark Blankfield,/2yHHfAixG6CafuKMy3MgpqS2pL2.jpg
23443,Galina Tyunina,/9n0LwPpULki0kAnmvMf2GYLA9XN.jpg
79741,Deborah Foreman,/teCFGZtVGjt0iA9GB4jUXWMycAN.jpg
141226,Andrew Sensenig,/wkzoOV3uW4iVeIGWUe2TIPO4DVk.jpg
66717,Anthony Wong,/hHxVKR5MJoqBNg210Kw2vYahw80.jpg
100701,Rob Devaney,
176748,Lauren Bittner,/1rJdHySYguJMogq39eSJCFQWwWy.jpg
228173,Jaye Davidson,/1gvLTgrBpRreybxQ56dgjjKkVrh.jpg
3065,Jack McElhone,/vxQdIsGPdrQAMvV2qpIDxxkUSXG.jpg
12482,Sonja Smits,/ryv2Bx75BnqetyCdPB2G9UATJy.jpg
49326,Jonathan LaPaglia,/75dsk5vK59ESagPhquplHNNkdmn.jpg
79320,Christopher Reid,/z07XDEKytd5aWGnTqTmP2AMyQtG.jpg
132182,Delphine Chuillot,/r0bKJyW7oqJt8bP7PvnmJrIsSs2.jpg
7002,Luke Kirby,/jyR24wKg77yJg2O2RTzyRdcNAYq.jpg
6074,Kenneth Welsh,/hsmY2HaIdOEoTBtwFPxQLyLymYw.jpg
4786,Richard Attenborough,/mJGvNS69xUqiNRybKzPl2Zuxe9Z.jpg
77860,Jacques Gamblin,/yUf8mLiFtIwfgreb5ozp5qGDt7h.jpg
1173984,Olivia Cooke,/yteZ3q95w3nkHTr7oDnwR6VWTLi.jpg
25024,Lloyd Berry,/12wtrZPPwWrCpMul8k8TbcxQWuU.jpg
15532,Ruby Dee,/eRRRVQTLkH3RU9inzRHJqWdIZkW.jpg
77164,Ryan Robbins,/kZrq5a760JU1kHuxQ7Q8YCgsOr6.jpg
10555,Tony Roberts,/s77tJx3jt2tA6zNjfikaDKswobW.jpg
17074,Sara Forestier,/xtNEa5vbzZ8IWI5bTn5zlMy6Cz2.jpg
29710,Bess Armstrong,/5utEuayQe9FmpKXxRUXsS6aK4v5.jpg
33310,Tandi Wright,/xLQ9j4pJ46HZhs5jMJ87w9zjv82.jpg
20519,Simon Yam,/eilxjMhfobctnzZ0kBcFmnqtFyd.jpg
73489,Tom Burlinson,/zhbc2oKEh2ShPLRyF3duu8W7oB5.jpg
7003,Ginette Reno,/bB1d2LYYPkzhXEe0FxgXraBa2V0.jpg
16867,Luis Tosar,/7ZTdhzUCpG9jhsKJeTJbGn36v5F.jpg
64221,Dan Monahan,/6UiySllIZFL1jpnZ7PTqtSR0vJz.jpg
973091,Ana Coto,/fMHm47Quez8FUvtF6QUlReBkond.jpg
10938,Barbara Carrera,/q9XOgZ5wocNPbgotNctkczF8D54.jpg
55637,Brian Hooks,/2E7apZ2BTqHClmlFZesLRwvlhNx.jpg
102,Deborah Harry,/w496cQvkU7KvUcSVV8DMDDowVYv.jpg
29711,Krista Errickson,/aUGtZGHirJgF5XaTUp279WXhZHK.jpg
587930,Marta Etura ,
75394,Terence Donovan,/mlgTUjeCMIrNj4VaAAruzNIbKeW.jpg
5445,Zinedine Soualem,/feyQoQ89GDPnnmbeiiVFHkJvQtH.jpg
64222,Mark Herrier,/dN48RAgmDBHt5D1200fWZomxHfl.jpg
63584,Francis Ng,/AoIwNpo9wkDTWO86RusrAFG9hAt.jpg
80631,Martijn Lakemeier,/6Iul6fqTjEFzXZW21aailmj8BwN.jpg
15091,Melanie Lynskey,/kzrWI1sTgnA0H7TCIKzDOUtOW4n.jpg
221115,Daren Kagasoff,/3jR09GLiSq8puOaqMJ6r44SJMMv.jpg
171544,Thomas McHugh,
27462,Alberto San Juan,/aHRMtaTfwm9KBcKwBcbJu9Sm8G2.jpg
64223,Wyatt Knight,/o6KnUTYeoSoRKK4QF7zGu6lRYWC.jpg
83355,Melody Klaver,/p4I8xqufgrFlMPbYMybARnypkYd.jpg
232525,Warren Christie,/mUr3wvtwbWORU2yk4F0pJO1e8ia.jpg
3150,Tony Curtis,/6Pj1XkYdI5Wc40Jl0UxJk8PPwlY.jpg
34551,Reece Shearsmith,/4RJLh3e4Ha4K2ET8ruPcoaL2gqt.jpg
1202611,Loreto Peralta,/7s70wpD1unUDVxzUzpNh5vrqYO8.jpg
101400,Magaly Solier,/twX0in8k7Wyg8XpCXy75SsuX3sa.jpg
52971,John Abraham,/9Ur8Ki6dSEQVS0YgjDzFKxt1WmG.jpg
141373,David Bierend,
4091,Fred MacMurray,/lxxixlFMNH0JuA9K0K3mJmigYcc.jpg
12708,Peter Billingsley,/mgGquIo2diWHkRVbjRVULnMA46x.jpg
11750,Dan Hicks,/qBrRAMJ29R59jiGB2vJQ51ZJEBN.jpg
785,James Russo,/nubhNb5OUkzsrndD1BNqzp7MGyo.jpg
24363,Frederick Stafford,/yXHlDSvOFz14Cyn1Nh5cRdBHf5c.jpg
8443,Linda Bassett,/pE6Zoig9kbEn1te1MRtfjchDMeC.jpg
5894,Andrew Miller,/48Bb9l5CIP0ccQYFDm571ceS7Iq.jpg
7333,Darren McGavin,/xD9rZ6SLGPVs6QHjart68QhjVTt.jpg
13950,Gordon Pinsent,/rSIB6bLPrwDMaeJWoEbaoAcdGDT.jpg
87220,Brian Boland,/1sW3fZlsI1W0ctHUQXEC3hJkBQ4.jpg
2481,Ian Bannen,/4WrkyylbxsSNsVlfXDctE7KDOuP.jpg
908548,Joanna Kulig,/hlRdav6dSvfzyDnSSMooVh9GVxh.jpg
60966,Robb Wells,/zwpMgBzwwgatHBnyvaxUG2VWfoX.jpg
37884,Walter Slezak,/ilVLhrlP21zvzfQ02vc5Lnj1O64.jpg
7505,Roddy McDowall,/mGO0pDPi5p91k2Og09HTf270rxL.jpg
3507,Claude Jade,/agnsRnBreeMRHrK6wxV2cYjqb89.jpg
3381,Glenn Ford,/d6Vk69m5NAgMSgo4LmDm748wwm7.jpg
4654,Jeremy Davies,/tNtcpQnMxzl0OqVDsyA63oAgPbI.jpg
24364,Dany Robin,/wmYLTKiAu4xI70NNglNPteUtXe1.jpg
3380,Bette Davis,/i2AAvNJQ3JEttFiqINhPmVFSz9u.jpg
13294,Gene Kelly,/g98yyY7oGrkocUxxJgOt82I7z6A.jpg
64741,John D. LeMay,/aBGuK1pWQ2elq60H0357kFvqhNs.jpg
1298586,Amy Badberg,
1067188,Elena Lyadova,/149WoD8X21X3A05S4y2SXAbMyem.jpg
19146,Ian Ziering,/keJ4aYXWzUD1MOTDNrKDAXUstW0.jpg
97369,Aleksandr Robak,/a1eLJv6F91FYPRRfmBam27KOnjj.jpg
65919,Lance Crouther,/zFbJvKT6Q3N3nKBOkWWjZulapxx.jpg
16859,Tammy Blanchard,/ztbtRXEBJaOiQevIn0xNKAzu9MU.jpg
68672,Wolfgang Bodison,/fA2K4CE8KV53UOTCvhvtfR2aQ1J.jpg
45523,Lila Kedrova,/5Yfzzv9q6VzegrWud7Dl6GsjT1O.jpg
65864,Ian Aspinall,
55465,Samuel Anderson,/155QL3ZdGm6NseuA2bMnAXyB6hZ.jpg
86384,Logan Bartholomew,/bPpMzCB1DaWBlNxQCePv0XjbW6G.jpg
3382,Hope Lange,/tSI2AeouDffP0V3Qb5nd1cmN83X.jpg
1340,Chen Dao-Ming,/xu5PRp6umslrXMvnq0pWsa5LnQh.jpg
64742,Kari Keegan,/COOk0Frd2j6GK8L6jpTbzTelMl.jpg
30430,Indira Varma,/yaFCI907dcK2XkzO0HQgtK25kp2.jpg
938390,William Morgan Sheppard,/pg6ruMIClxACsA2hBUq9ulKX5AP.jpg
46946,Joseph Bologna,/zAyV5p4prwRXtL00xkJCHLBBUJ8.jpg
19335,Sylvia Miles,/pJkednNxKY8rL475zQlVP6rrQMW.jpg
88834,Erin Cottrell,/iMNXgBFQ1JnHjmKhS7IhfKcWlMR.jpg
1934,Patricia Neal,/spdaTjYnm2TfYsOUYIM9zGdr4Ym.jpg
78031,Cassandra Scerbo,/3M8QiHabeWOH6PkUDXsEhpFPlbv.jpg
13640,Harvey Korman,/cE5X1OAa6iDOo3JKj9uM8kHwQQI.jpg
142000,Hans Morten Hansen,/q6avDYFpDLCNHV5x3ILE02i3GmH.jpg
64457,Perry King,/dRMGfGssBcqnX29udF0hTsIfEe1.jpg
20275,Sarita Choudhury,/pABEOxQAns54tHpxN2w73b7SiPB.jpg
46432,George H. W. Bush,/skB35M0jMrXfnY8mshwSh8ShCf0.jpg
45391,Beth Broderick,/aXgETSCjZlvlzdhAiOjhepMdxqR.jpg
51670,Johnathon Schaech,/13hf3VhszBoykxF7lNER2ur4Z9B.jpg
1222232,Jonathan Abrahams,/8ysTirbOCEQXF6ijrq38JaqWUPn.jpg
42627,James Wilby,/s5ddkHYkVbsfiP3yPesTXcR0H6Y.jpg
7353,Angélica Aragón,/ejduK7b15cBN2Gr5FRIQOdoNrXS.jpg
20753,Fred Willard,/AaHxpkee9nQfBpQeDyJLoPNtYR6.jpg
18647,Bradford Dillman,/o86FOgoC3gWy44KFMdyKb8G4O0F.jpg
40403,Dyan Cannon,/bID2FjVaSzJsfsA0x4wW0U0jz5p.jpg
62018,Mark Patton,/5v6dcMn2WXYPJRqHrIkOzwoxW7M.jpg
24977,Karra Elejalde,/kHODqgc2c7RaZz9Sp7cedgadvzG.jpg
56162,Josh Randall,/2Ff16QWWbCF4Crs8oTBFM3S9Mar.jpg
178622,Ramon Tikaram,/wtBLiI8tzeqPLMB9uswkyFhChva.jpg
57628,William Snape,/b0hc5WIcNXulGvNPMxx4bDyBjy5.jpg
72984,Ali Landry,/odcJHjR4DxjlMUOtdzprIxom2j3.jpg
125286,Candela Fernández,/vm42uyOfNqz7PSQbzhmV5Ad7TK7.jpg
10775,William Daniels,/1SCR6im2maiASfTD5h7r0g9dU78.jpg
58813,Erich Anderson,/hb89TAid82AM8MJLZEQ70WWISNv.jpg
2957,Alexander Siddig,/oETjmdGRXgahgwGue7k52ZwMs5x.jpg
67711,French Stewart,/5c1YaxSkFmwsqEnL7ARyQw2FQ3D.jpg
141999,Otto Jespersen,/5O5DgCs0kOy9kgxZJEAKULvgbOA.jpg
25834,Leslie Hope,/pLvZqTqyAh0YmC7egk460I5py42.jpg
65829,Wood Harris,/v3puIl2KncqUd6amDyD1Y0crzkF.jpg
4237,Erykah Badu,/zg3J3Tt4q7dhFZ6SuszvwuuFp1g.jpg
79247,Howard Da Silva,/pHLybgdBcZcMDtxSM1J4xs8zKh4.jpg
1094969,Carrie MacLemore,/z462jK9JeNSQNJXSKD5ZE8ZjzDz.jpg
548608,Guo Tao,/5MZW82Bw5hif66xcBgwx9Lvxkdo.jpg
2174,Kimberly Beck,/hdeafwyoYDEF1i3zR7TX0skACcS.jpg
14416,Robert Hays,/pqu0hSAdHGItjP0iqkbTg4Ocv9w.jpg
2536,Michael Parks,/sXK8vnVNyYzJl2oE6lxKLtxG9px.jpg
91643,Katie Jarvis,/afll1BEx7eGFt1LqLYhxs2gnTbp.jpg
57773,Tyrin Turner,/6QBi4TyKeVcQBotrqPypPRne2Sd.jpg
103899,Joseph Simmons,/mOKh4dqnlk4DWjC5HxmooEJyqG.jpg
8875,David Margulies,/lKXiPu99KCdETOH9XHMgVGg6z8G.jpg
18328,Ken Howard,/YYMWMAqp6dpd18PIbo0aLiIabg.jpg
226772,Zoe Sloane,
25382,Megalyn Echikunwoke,/6MlcgFphohSBTvOTDMEQwQzs66A.jpg
64210,Maïwenn,/p5eS3Zq4V9eau8Xcf77bm5hrVUM.jpg
87880,Tomas Alf Larsen,/c1KDIrlb0pPbE3i9Zuwiqc43wHC.jpg
14415,Julie Hagerty,/bQZ0bcFNyE4a3GDNfYMmfO7eWMl.jpg
571,Andrea Eckert,/4O1mg7OTD2P7oVKIqfJeiLmJq6B.jpg
103900,Darryl McDaniels,/yqBGZpqSTj3sQPSq90v56AG543Y.jpg
69889,Merrie Lynn Ross,/6FZrK5xlIusFmUBcLJDhUReinEV.jpg
2683,Glenn Plummer,/lNfRFcxD7bhqKLZwOqdpumA83TL.jpg
118617,Nicholas Woodeson,/g8sVxrMjLAWEde8TZaa42e2Lr42.jpg
226773,Jade Viggiano,
8309,Kierston Wareing,/lcPlix0o1cQxOWG0YbeshdvGzfj.jpg
12149,Richard Widmark,/fvR0fQcGTVzmHZUGfPocqT6pRgJ.jpg
1174142,David Jason Perez,
133212,Ryan Kwanten,/vvbEabUWIeaHMBA2wrUChiLTjch.jpg
119368,Jennifer Westfeldt,/sHDUBOheEafrWi20cPUyXZnW1Wo.jpg
8541,Jason Barry,/iWDjll5GSVWCRSSe3XLDAtKq0ag.jpg
14414,Kareem Abdul-Jabbar,/aMbhI6nWjU3MkUhw9IIKnJz7UiX.jpg
44797,Tim Van Patten,/vwcARZBg4PEzOwnPsXdjRWeUVrZ.jpg
83400,Dorothy Lamour,/nPUEpYPfQ7upyGmYLhDnotKPlcJ.jpg
55958,Kim Myers,/2OG4T9eycO57rZn7tLDWcTOW3Nw.jpg
3460,Gene Wilder,/mwwOSWS2m8ArpiUKnoxVVyT8fND.jpg
13295,Donald O'Connor,/sV7Dx16wcajPsxJItmW5dX4axoW.jpg
226774,Amancaya Aguilar,
81083,Max Burkholder,/8uNNDZPSxLsNetHPl1zxMwKULTC.jpg
88581,Ben Lyon,/7trSW4j4MjE9wAKy6CAaSOB4zPq.jpg
11784,Tom Atkins,/cqQnpAlq3FNLDr1jrAkUJokLw1M.jpg
11128,Arthur Kennedy,/o3BRFELyl7gVGRF0JhsGEP3Cny7.jpg
11278,Rupert Graves,/6tS8XMuTS04xXTfeWFjJED6SFBF.jpg
136347,Jessica McNamee,/sKgsW78FCDWAes0SeCp5lgq3eou.jpg
19550,Melvyn Douglas,/4WuaoFCSdffenrKeCJAIX0MmyJt.jpg
3461,Jack Albertson,/6Ed6n1sfOlOvr0F7sEDiHvQnp96.jpg
18643,James Franciscus,/wvu1kkLNnvWTz6G0JoxSFCf1BxR.jpg
87480,James Hall,/yL9p7uLhjhTyxYyRZV51ZUKUApc.jpg
828,Guy Torry,/GDuwKO86VGWWeWOHJK3SPYQzXE.jpg
23587,Stephanie Leonidas,/b1Cs2UI6FoPM64OZL2XgshIF241.jpg
3011,Linda Manz,/pFvCmLeYW05VrPOlZX5bje0RkZl.jpg
22121,Sara Foster,/7RkEv9mi5BAa7uJ2YeNcTeNljxe.jpg
3462,Peter Ostrum,/4YTQglyqPQ7jciCSghDJv1MZIQn.jpg
136348,Robin McLeavy,/zxQobyUi4iLFymzusm0lYwxLWnq.jpg
9287,Robert Blake,/gxhVHS4qhVp1xJiCy9s08ltIiPu.jpg
1236,Mark Pellegrino,/r0XnI7sUWzShVwnHw3ncSPxw0Tv.jpg
928906,Juliet Rylance,/bN0cZI8DTETIBlYn0bPG3og8u7f.jpg
132857,Eric Wareheim,/x9STTsfrnC7SnuHuRczPFbGi6xp.jpg
10539,Kim Hunter,/knu87rUxQVZ65Plp6BgoyasAHOT.jpg
16850,Rose McGowan,/x8sHWjQ7cWVcHKhqGR09x0Y0tsP.jpg
82315,Jean Harlow,/b24q0sPGmSvZFIvz1mbCzWu11sq.jpg
19225,Christian Campbell,/vRZvOyWcbiIJai5hGZRFDG7222F.jpg
30296,Joanne Dru,/gOafkxnItqxJT2Q503kEefvEcNj.jpg
6914,Scott Wilson,/ynH2YOLn0A7iIlmMiiWAGtC76Hx.jpg
35596,Deon Richmond,/3otF7Zf77I3uM9c0VfuRPFG5mTU.jpg
5202,Kostja Ullmann,/mQguH03eznJhsfwpZJZrnWCs5Su.jpg
64155,François Bégaudeau,/kfM2Z8Rgg8x6wI8PHfjwbKszN4F.jpg
27811,Peter Weller,/mVRJX38zabRadVPJe0XOTObVzhp.jpg
105762,Jimmy Jean-Louis,/cWfLE9CHVQPn65gkdiQ4We33VAy.jpg
132856,Tim Heidecker,/mj9huol5uyggzejRYTEHPVztRQg.jpg
7487,David Bowie,/qrqQJivS0zLzxZKfgNZnDtjbqpI.jpg
2753,Burl Ives,/qRefQVFPdXwkHLLgDLFPeRgcLu4.jpg
13325,Wendy Hiller,/psF8n2DRp0UCsmUBnRKwu6YmMoA.jpg
81331,Maeve Dermody,/bbpRTgz7O2DBmQJi7ixdK0Q2hWz.jpg
4970,Ruth Gordon,/4ykKVRQdBQZi4JnDHYxRMQT9YzN.jpg
59449,Paula Marshall,/7jujYCDltWVQAGv4L6eHDs5wfxq.jpg
176628,Anthony DeSando,/2ahZUm3RDSRIlRJZUxh7MFTD6jV.jpg
1163023,Marcos Luna,
71570,Justin Chadwick,/zrKoTfiSU7yhCmIKVWbkfLgnLWy.jpg
7631,Stella Stevens,/qtAO54E8URyIKbzpDj3DjX7U9qE.jpg
29903,Peter Finch,/uwIimbLsEGMkqsEGtYCSKXoWZag.jpg
93344,Mark Thompson,/t3PixWeu2gbBKO7T2zGAg4lxRTa.jpg
5201,Robert Stadlober,/6qWVsJ39TwUD9MZ2BqrKlwjR4bZ.jpg
69188,Franck Keïta,/xm3pRej8isuttdGs8iJj0Z9Isfx.jpg
105363,Kate Connor,/pdPghmcOaihSmEH034cK0BXO8DR.jpg
1163024,Putu Dinda Pratika,
125287,Bárbara Goenaga,/cgBlu4aTHiyznJW2g49AF605xk.jpg
227099,Marshall Napier,/1NwqDIMV1IXZ3Z0j9LOcET5X6dn.jpg
105688,Bashar Rahal,/qhUhE1WtPUCSjoU3A9YtJxosc78.jpg
5887,Catalina Sandino Moreno,/78V4H40NXJ6dzqFZaEe1fBelw56.jpg
1163025,Puti Sri Candra Dewi,
69189,Esmeralda Ouertani,/77Gy39td0tC22kVhfOoa9fMLMj0.jpg
10538,Vivien Leigh,/h1hS5o0cKXF2g9Wjej0RtibMPT0.jpg
12023,Maurice Evans,/l5IKeUtuLMMb2oMj7VMOGFRgYK3.jpg
64719,Lar Park Lincoln,/qgzZKuL57xGcWs08FeNxORSgbXg.jpg
64720,Susan Jennifer Sullivan,/hWZ3EsSh4F5rrFsspO60iHTpzDa.jpg
8857,Debbie Reynolds,/9Z9DQqNztKlinANGGgD5dQODtlr.jpg
8224,Alec McCowen,/f0J6VHLTMNo4rNTgHpJUv0odlFM.jpg
854,James Stewart,/jam9DRhOuKomlr0vUXTamPoxPdk.jpg
48576,Charles Berling,/2xPeQoFms6hn8fi5wQx3CEjL70Z.jpg
7036,Eric Stoltz,/idFuM00MeVmwGAiqvDaJcBiLAmD.jpg
45400,Greta Gerwig,/3H0xzU12GTNJyQTpGysEuI9KyiQ.jpg
67832,Rachael Lillis,
2750,Julie Harris,/bs9yUHWYQ4H3wNz3mI6BqMJPxNb.jpg
59252,Nikki Reed,/xNIXLZ9giqTdvjkBUGq1bJqPe5D.jpg
98804,Ronnie Gene Blevins,/28O4ALimfSVQgMOvkstDJpzHKDc.jpg
73831,Godfrey,/aKI13rfct5TrtMrYJpOB0VOtm4b.jpg
94550,Jim Hutton,/nFetsgFtJAWwBMGORlrSswRcnN1.jpg
1287700,Ralitsa Paskaleva,/m9qdrd5B1FLckF8Hp0ir6VON25d.jpg
9067,Frank Morgan,/gwbmaZ6EGYbsBbe8pWW3Gded02k.jpg
8225,Barry Foster,/8MgOS4qeKNQL1Z9Rb6iZjGrmfKr.jpg
20623,Wendy Makkena,/jCyXotschlGZ4Si1b9m1cbkV1oo.jpg
12207,Kylie Minogue,/sVe6DQ1iFlk4nad0Bd3WVVVj23P.jpg
67833,Eric Stuart,/j0B9pDz5pXloZZSzbIfMRFfuYWN.jpg
8223,Jon Finch,/byUzcX9wGtPxRY4vWhd1OuCMQk2.jpg
67830,Veronica Taylor,/mv4WlzAzQ0XFupD0gy9Kqa6jgiP.jpg
15655,Kim Darby,/w1dwAymNXsi16SAuZZsl2JTEWFd.jpg
1146,Julie Delpy,/rd40f4QpAUUne3hMaUhHrZtcK2c.jpg
116882,Lyndsy Fonseca,/jgDgPeBxGykEYWy4JGLu4J0ujNf.jpg
567557,Joe Cross,
1175394,Mickey Sumner,/cJzv6ClDQFUWu8QVsszbfVOqLE1.jpg
9068,Ray Bolger,/43GZ1i6m905Q0r0qe99lgUUPX5O.jpg
1192772,Agata Trzebuchowska,/2cR8GC5uBdLoWMlTaVyqddLl1WU.jpg
12042,Seamus Davey-Fitzpatrick,/qNLk3Fg3XBmmfei5TzlMFYXCRqP.jpg
4322,Jeff Clark,/rrzPhIf09tq5ASkJB8O110Gspeh.jpg
81095,Michelle Morgan,/mXKTudIS6uok1nhoDiMiGs3VbzJ.jpg
81097,Shawn Roberts,/uTuz1fSq0iYyNsqfSUdvSdHQd87.jpg
33533,David Rasche,/bWPhfa4m8pXVneP1gf37xvuMUCA.jpg
3784,Michel Piccoli,/6yZaIIeMfYgQtcdNo4dubL2N5YT.jpg
13092,Jerry Mofokeng,/fa4r7m3cQopZR4oNHds8XyJCIJy.jpg
83101,Anthony Johnson,/j2GJiF5TjmPsJNax3o0vvbYvDPd.jpg
8725,Olivia de Havilland,/9pIjSCaOSIp9IbMVUaZhQ4dWc9F.jpg
9290,Henry Rollins,/2E0cZdoJsdt1Lv4waG3s6fsfJeU.jpg
5699,Patti LuPone,/mbNAKaSYSTGeigxeFwUQfvoUXW0.jpg
6474,James Le Gros,/q7AgI7xjFDSQPlilkT17YddAc93.jpg
64199,Jennifer Cooke,/6GhWtRLnhcuKpYIDSaeQoK5I1pE.jpg
5902,Guilied Lopez,
81096,Joshua Close,/ebbKPByFOBA87duOjCDYLuHCWa4.jpg
209,Jane Adams,/2FsPAoatMkUZ7khJ9r4Fa7ZxQzS.jpg
13091,Presley Chweneyagae,/gG2Vqcn1yFXZE5sNCfJcN81Xp4I.jpg
71675,Nicholas Brendon,/6O5sg97Fv07EzdWjpoq3lb8KnTM.jpg
102977,Barry McEvoy,/ddMigIXFRIMFcSVW07MfN13XPqT.jpg
129104,Melissa Benoist,/fUPIkDDVmyZPejPu67HyfdDar9W.jpg
9296,Balthazar Getty,/xhj8GXVRe9h6U1Z9hum4GjyQjNS.jpg
97939,Reggie Bannister,/gvhAdg4OdEFalVIcK553zNvwwaQ.jpg
5891,Yenny Paola Vega,
13093,Terry Pheto,/jremlGuL8gYcoPnFW5RitT2FK0C.jpg
39601,Howard Keel,/8pvdM0sFqs4Jq6Foh72UYhXXSh1.jpg
21490,Peter Onorati,/1ZrzYcnGcoMKA0jmcoC15GsrOxz.jpg
4323,Darrick Doerner,/bvfr4v2RX84xaItisAcEm6KngPg.jpg
65164,Master P,
31713,Brían F. O'Byrne,/9obqr2sZ0cf4z2ZsZoaHslSx45V.jpg
41230,John Astin,/xczlYoJJblfyoOudcn7riLqsbXW.jpg
42604,John Simm,/tTiUpHt2raPRjEIeFvIh12cRGAt.jpg
8595,Alexandre Rodrigues,/iExs5h6LeFmdR3kDtSS5xYU1Qgx.jpg
1174141,David Terrell,/v5lKzXtLFUMDHp4h4sZJMiaYMYC.jpg
64198,Thom Mathews,/zwZ6adw44UO0SDdeUyVqDCkvhn0.jpg
4343,Louis Calhern,/80l4tBYFQ08GLFk9wjilThyM8H.jpg
82582,Matthew Brent,
582816,Cody Horn,/qTRn8iSIzH7x7kuoqqeiWws8fJt.jpg
8596,Leandro Firmino,/aEzWJgEzId04EP8C2UFQaF28WTW.jpg
109438,Xavier Samuel,/gHvKqCXfpzaGp46gqsy9MVDfmSf.jpg
6971,Nigel Lindsay,/bvkX9ju5Irpw0m1qnW1UuW0F24q.jpg
134178,Patricia Richardson,
8597,Phellipe Haagensen,/3dxy4unadLTAb6aUQUyX2r3AkE.jpg
77158,Irene Dunne,/nyjWr6mGmRUDRiip3k8ajy2s9DL.jpg
4788,Ariana Richards,/vExv1HJqOjM1ui0rRiOxD3XNapf.jpg
73462,Georgia King,/rehxCERrItM29EDi1tbQy5urXM1.jpg
10112,Yoo Ji-tae,/gGGV2gc0orgssYJ0Q9MSomdYo2I.jpg
69298,Michael McGlone,/bA4VNmTIFPBMxnf7NWai525PB6v.jpg
7164,Frank Vincent,/fa1gikNsPKvX1roWUo2bBmixnvp.jpg
42095,Casper Christensen,/aWYixFWELPzgpCLE4FTMNmdlYOW.jpg
150061,Christine Dunford,/ndDoilOu0UEEbjse70HknzQTnlC.jpg
43778,Navi Rawat,/bXCNzMxlDuuiuxKxzFx85MojRwW.jpg
6836,Dan O'Herlihy,/vhZodGF9IiHdpbU78ShpyCgBr3X.jpg
567560,Phil Riverstone,
64200,David Kagen,/rSWoYVqOYjjcDobBAmqRrDXDfCV.jpg
10018,Jack Hawkins,/pfpe9NQrcrTrxMeU0xGsh1XRBOK.jpg
566101,Agata Kulesza,/qOk64HBbyZeJ4o1k9ScOMOtqOXR.jpg
82581,Joe Howard,/6D1rHVdwAhd1NNVbUIDYH6CtOsp.jpg
9907,Honor Blackman,/2AGVWf7orxXvgcssUWdonX1yKvm.jpg
20548,Ruy Guerra,/2LquH5BGqnkge6axUGK1IRKEpfF.jpg
2959,Kayvan Novak,/2cJuw1nGFHyJTMj8YIh91cvErSm.jpg
9908,Gert Fröbe,/lIobC5BdEUf4bKHnDBaFGspb3ve.jpg
92416,Alexandra Rapaport,/s1YiDSnSdXbX4HhbMC8588kWY15.jpg
29791,Lynn Redgrave,/jIre1bJ2unStloUDFJNkUIpzA45.jpg
35981,Gideon Emery,/o7BHjTmmZ9D5tEK33JHKfB2FQqD.jpg
572541,Caleb Landry Jones,/8M5lPHrERwAIfWK56RkH30FOjhV.jpg
67580,Nick Damici,/cyuulFTdzMSegCsJqopVDlfgKtv.jpg
28779,Lupe Ontiveros,/bFlpBo46W4KXQVNspvPTUhZvsmQ.jpg
17580,John Vernon,/m4atQ6vOlPDH0oP2X1Owc5J53A1.jpg
5170,Mike Starr,/hJGhV91dSUiFJ8GwGDTEEri79LX.jpg
17920,Kathrine Narducci,/bOxhHtEtmhdfVmnL0KyG4SPDlwJ.jpg
87335,Fernanda Torres,/dkxdADNwbM7ZLQK5YBNeKBqVJNM.jpg
79584,Angus Scrimm,/tBDDTCXXybeyzDmFwAuPCb6ePCT.jpg
12538,Nick Searcy,/AnqbYGdLLaUaMfCtE0zYiRiI7E6.jpg
19299,Eamonn Walker,/mJ2pENrcO4uRy2TNVUzg5cEI9b3.jpg
4457,Thomas Bo Larsen,/x5Egmvb8FU275PfYZovyJggDBIs.jpg
89973,Frank Hvam,/fmIW2EN38orLgAyV56veOjOGNTP.jpg
4966,Keenan Wynn,/bO88300vMddcIXuRZvMm5QLXdr.jpg
68091,Cleavon Little,/z7zbiyLGMPocD2fvD9zMSoBSJVi.jpg
19968,Royal Dano,/nDZwO90amUQmSD5IP8l340bi0gW.jpg
81544,Kelly Reno,/42wZeE1tEvr9StI3JYLNJvlJF8A.jpg
96790,Gloria Votsis,/1u0Q4MyhPSznsiR3HVxDdOfZ2Yh.jpg
15905,Robyn Lively,/tz4oKXOkJhHZezaQUTgo66gPn77.jpg
10055,Fernanda Montenegro,/bja0rn1BjAnA5Z5VbEvL2apvMT5.jpg
5892,David Hewlett,/xXBUwcV9raoAuwbAOxJ0Jv7iE6M.jpg
52969,Lisa Ray,/38TeusBORjoJodJjwRjEIt8Zgx8.jpg
9066,Judy Garland,/dkhMrLSfnqS3fmxWuXaEMwxN0Tf.jpg
69310,Ricardo Darín,/wP7gyISMcsXLJoInWTjncqhrsAT.jpg
10057,Marília Pêra,/aumgSFLIRN3iJ9HChsBQLEFggQ7.jpg
46922,Jeffrey Johnson,/eLC35tWJaoERVgOUn5I3uri1XgM.jpg
68284,Lorraine Pilkington,/rZBv6Nz7QCy94VJeSVDqRuYdp86.jpg
11749,Sarah Berry,/3mIrEco33KaUIlMIALN7xYkROsk.jpg
88161,Debbi Morgan,/5uet40J3x2pLCxdqC07RjNHTzvH.jpg
52970,Sarala,
16869,Nieve de Medina,/eUciOKs4nXkDyr6MPnT7tHn5ri8.jpg
10059,Vinícius de Oliveira,/olMuhlR9hoGO35m6jnD7VvonSeO.jpg
93647,Soledad Villamil,/gDjw5xPPlqOtD8hXCvSQilWBJ1Q.jpg
66199,Stacey Nelkin,/t2h41ZzSJytJSqd2eIHSTRmaeZV.jpg
131785,Douglas Barr,/diqiqLjIsuSYdULyKbwTP03c9dJ.jpg
1299317,Kang Hye-jung,/1MYnPxhU9GnhkitxVoWuR9kNiqu.jpg
192506,Ingrid Oliu,/bfrTRggcc480ifg8MroPkoSTu4j.jpg
15087,Ali Kazim,/7jP8alhdfneftEwFwjP1oqCCjI6.jpg
4778,Melinda Dillon,/3ZExGr8OpI6s9ON1FPbSdxQGmcp.jpg
17752,Donna Reed,/aCRMYYMs3zxLvmUgxBytuCgTElQ.jpg
30618,Barbara Harris,/yhAOn14awenvdwH6VHRi5HdQTHB.jpg
78896,Elizabeth Allen,/p64kcsFnMtcnT3PEH615WQk1RuM.jpg
4324,Laird Hamilton,/hGEVhE6o5xcVJjdAkJnQQXUZWAE.jpg
17753,Lionel Barrymore,/1Tp5aKxF8n6iwTpviwLrxe1krm3.jpg
56857,Peter Facinelli,/mmha3A5INmromiCsN8FBSLScVpZ.jpg
1188558,Jeremy Jordan,/ev2bFhk810TlMtRsZIQhKylJPpK.jpg
35193,Michael Chekhov,/me5CPJq6HrZlsGGdfyhxriVV750.jpg
212044,Natalie Knepp,/uRkFCGFRl1L2F3VQ1ijUxbc27XI.jpg
974,Dexter Fletcher,/yRI8MDB5sg8b8EZkzFz5cCBrnKL.jpg
5048,Harry Dean Stanton,/9zOTpVMwMHNjPFBNoPy9vOBT1NC.jpg
99039,Ron Fazio,/7hvOK4pegvgYpHAbORJmSFKv1bd.jpg
3088,Sterling Hayden,/dCTe6BsGSp9QTcva2Pz4wbxxYMY.jpg
55253,Michelle Krusiec,/s7JALfVV7irubRUuc9GL3Wfbx82.jpg
86039,Mario Cimarro,/5tsIXFwE5r0i8TGsTTXt2XSwvdL.jpg
61852,Nicholas Gonzalez,/qS42BcrFb6MqfdWxq2QgrwDuwP.jpg
72567,Ron Ben-Yishai,
39388,Amy Ryan,/bItqd1QUNpdegjBXNaVuFFPEZU4.jpg
77351,Oleg Taktarov,/zYcB7R9K9xvh30n3gb1Gi4c2McY.jpg
87297,Tannishtha Chatterjee,/sMHI5SS5CSvDLzqwfnGn4XG0oGc.jpg
72573,Dror Harazi,
1081,Herbert Knaup,/1QmgD5ce0cUEZ4Jk3HqdoxvlGrZ.jpg
36628,Kate del Castillo,/7m4oa23hAsqW3cE8cDF72QhIv9t.jpg
37058,Anne-Marie Duff,/fR3z8QgUDPb6Br5fUmm0ASPTWWx.jpg
158360,Lenore Zann,/qOuxxt2zybggVDl1NiQloVIVFNU.jpg
16861,John Hawkes,/c0mDB6TApVcJ3LLM1gicjyUeD5A.jpg
52288,Jim Byrnes,/q6NzmS2O3fJ4Z2JJ22dSH5rGbJT.jpg
24815,Dorothy McGuire,/v6dOzPAxifN2gpP8hyPrSxzc2LT.jpg
103861,John Altamura,/bfVIFlp0GLwweAhtifeeWdp7Z6G.jpg
82407,Kathryn Grayson,/p97me6XCxzm0qQ5wlqTcoC9q5Up.jpg
93290,Satish Kaushik,/lnqVTsUKVxJYPWN3KRBhRlGP1Z0.jpg
261,Goya Toledo,/ygZpmXYB1fDSnpeJx1PadEQLgA5.jpg
119671,Gastón Pauls,/aAdkMqUUGjdjMU1MT1ncx9cBDUE.jpg
41269,John Beck,/8NjkFDDJHrEOSRIuvyoWhlHs0X1.jpg
143432,Kiều Chinh,/8cma5eMGXLc9ED9DMYfMCmjteVp.jpg
111185,Long Nguyen,/c47F79zg0QreGz2wZ4b78lIZC9M.jpg
6575,Gil Bellows,/eCOIv2nSGnWTHdn88NoMyNOKWyR.jpg
87018,Eddie Mills,/hYt5jsbpvOw7AmuIQd4tZx3CrvI.jpg
1201716,Bel Powley,/xlzi5lol9UBvYK9Dw8AEQObSbrm.jpg
74054,Ali Fadhil,
84462,Lynn Chen,/hPG0uzNhECdYWta0eQ9FpK8IfZc.jpg
89251,Melinda Clarke,/xFNeQGhBvqz4eo3QcvnqXtPsAIO.jpg
1073042,Phoebe Legere,/t2tNyDueA9Te2n4DorUlgfiXQOl.jpg
52021,Frank Wood,/er5hLYMwjAYb3saRQcNZED4rtgx.jpg
96918,Leticia Brédice,/ezcOFgHagk5RINJYvKhSBDAjLl6.jpg
81970,John Garfield,/f0OMA5i7YCYuHrmgy13BypChCg3.jpg
129928,Sarah Butler,/9hMzqJcWDblvWhWvvc8T7CBI2AL.jpg
555214,Don Hunter,
1094091,Maika Monroe,/x4yiKkMnCdf8g4eOrDoqla9FYEA.jpg
74053,Gerald Burke,
106843,Buzz Aldrin,/gUuAUCEAR3ut3ZX1a5iiz5tegk0.jpg
1372346,Elina Abai Kyzy,/m58pW59RChix13UzQFYPuvgilAr.jpg
26209,Matt Lucas,/2OhGLJqiknaWlbTkG2KDwT935km.jpg
28168,Timothy Stack,/wMOpamq0meq9NSE5MMMV4x1MjFJ.jpg
7352,Sancho Gracia,/ryZ6y9RFMatlJPbrJ3sC9Ncfv8t.jpg
9186,Chad Lindberg,/sUaxwqrwYjZGtLcRH3rsyBd1L9d.jpg
56439,J. Trevor Edmond,/fTRoA0brlWTJaCU05q4vM6UfIup.jpg
18666,Don Murray,/r8Vm1MZSLeZ0iGnG8UoD3gOIlm.jpg
54711,Kevin Breznahan,/jKKkDdDSHptbwUVkfel77p922Ai.jpg
99,Amanda Plummer,/wEwyajjePFVVn2wFdH1NH7z9Qn5.jpg
18648,Natalie Trundy,/A3Kdp47M80a4LGELSOCwch7a7lM.jpg
3801,Tracey Walter,/9aALfdCcP0PDYcBmqB6auHF0Eud.jpg
1073500,Levy Easterly,/iIbePXUAm2XTRVjxuvLE25MKLHx.jpg
975,Nick Moran,/kfWebCAm72JBZLXcNbA2Myr950E.jpg
36594,Juno Temple,/n20TNExAma6q9iVcWtPRxLl7pEc.jpg
565402,Deems Taylor,/2xyj2fd3jTeqZnzhCQqkOXqqRkm.jpg
1300289,Glen-Paul Waru,/4Atfedx0WWlwsjppgr2S7UBd5Lq.jpg
5460,Adriana Caselotti,/7nOCtRQnfH6RQ39IZBDffIadgR7.jpg
2106,Walt Disney,/fnB3Yt4dPiVODHzfLwntISAvbhw.jpg
19360,Léa Drucker,/pWHeXliKhtNw0ATyaXisrXUSCHo.jpg
74086,Bill Maher,/n6eOp9jGQpjO0taYMfznMhjpZxR.jpg
68535,Nicholas Aaron,/qDJcsurPuVJaV9vayDDbhyjeWsb.jpg
106840,Michael Collins,
33741,Rita Hayworth,/k92fu0gVAY98kFGXgIZmdquroFQ.jpg
37983,Natalie Press,/qE9GG6I2tyxIvHwWUW1wOt1Rgt3.jpg
1055236,Dwight Henry,/pzxxClMKVQ90j5O7aHUcmqHvc7m.jpg
2062,Kent McCord,/12izGGcKLSWvsFenB3FVHJjwwP.jpg
47627,Janet McTeer,/kl8cHLOQbwLrBfMWtAwtP4hUXFk.jpg
1372349,Nasira Mambetov,/5CLf0AZ00cAohcSuZ5AWdccowey.jpg
103707,Austin Stoker,/l79ljSqio7NWR9t5MwyVzGtwqBn.jpg
140529,Kitana Baker,/lEIxIKDM5wyndMNdC3QyuByErTt.jpg
3783,Brigitte Bardot,/xitdKLPSsavii74yGJ73cwMzBOC.jpg
130753,Carlos Belloso,/zP0dVhtnTJHEUj814WyELtlvWbz.jpg
1157956,Avraham Shalom,
1098082,Julietta Novis,
11027,Everett Sloane,/6A5zOAAPSsMHzwDflb99l4mfwMi.jpg
68536,Richard Hawking,
23708,Lou Jacobi,/xCm6ntT3faWFIr5IagDdeHtvRlv.jpg
222121,Ben Schwartz,/hWEQe66jXUAGVhbU5dy8s0IrrAQ.jpg
32598,Daniel Franzese,/1eSMg903Pr8PGSdMKGrLOOJ6Zjo.jpg
1077932,Nimrat Kaur,/4cEWXSY4v4ItRQaFmPZStEyxa9D.jpg
119592,Aubrey Plaza,/780BVfLoEv5jY4kuLH5vHEZj3oz.jpg
595477,Alan Bean,
93291,Christopher Simpson,/A9HIPi5qhLU9HwkkjdYvAgRWmGb.jpg
1338472,Stéphanie Cléau,/pzOdHuSRkfXxjWqw1iG4BZfQnHK.jpg
1157957,Yaakov Peri,
74087,Jose Luis De Jesus Miranda,
1172147,Daniel Zovatto,/gV0qvvMrNPXjDfsjgzLNNayaemj.jpg
60205,John Rothman,/k7Vdn2eArkvYCJllIOGPIjK9umK.jpg
104310,Lee Scott,/qtZ5S5xEKtA4ZRMENyOlUXlGIml.jpg
68534,Brendan Mackey,/4VsohTAiMb9k671QGOG0X1EF8lm.jpg
2112,Brock Peters,/8KpQAlUFlJuHhgUmGAR6LnzHOhb.jpg
58799,Dana Kimmell,/p26TDT4gncOqzF3cBXwaOU1PwOP.jpg
1146393,Ami Ayalon,/9NoXF8HhffniUbcsOp5I1XdVpnI.jpg
143433,Diem Lien,
71766,Peter Bart,/6yxtPo0dwru4Xlg3nvQDCIX5qG3.jpg
8498,James Anderson,/hgoa30VXmgCy3Pyon2lNcKPrYXJ.jpg
8516,John Carradine,/hv2AAXNlTHVmGgXn8q7025S0g2b.jpg
96224,Sandra Rodríguez,
96223,Michelle Hurst,/fVsvGxQntmrDyVNMSdbkk7lxxh2.jpg
30210,Jean Arthur,/h46KhIQOOMPUMIdGNSN3A4zwcGQ.jpg
170615,Michael Davis,
141433,Steve Little,/6Hvu3pGKc0YtTgTwfku1EJvYSzY.jpg
1225471,Tracie Savage,/uXveG0ybsRJBwSxoY6JRpums3IE.jpg
4455,Ulrich Thomsen,/qjXAPbuO8CicunlQs07c1fbFG67.jpg
9207,Theresa Russell,/v0s86Nh5IMqYk5oazosuAwXAiO5.jpg
85047,Nawazuddin Siddiqui,/w1eXF7T60QlEC2gNfr99J3n8CgX.jpg
40178,Phil Silvers,/kIvDFtBiijvNAtr6CtgEeeYLona.jpg
10922,Tyrone Power,/iUyYe8JNOegoe0efRja4scocHYq.jpg
2247,George Harris,/tkPN80z0MXXo4n4WSI6nggkX0eX.jpg
102760,Kate Lynch,/bZudsazu2lfNRHcTINqKhKkIILf.jpg
52776,Dagmara Domińczyk,/i1f78OP3G6pksgCcu6AxPgZYEmv.jpg
85064,Tara Ellis,/zVoA0l7EVUrjxtStyyaquCyutva.jpg
74088,Andrew Newberg,
113926,AJ Michalka,/yD83OMnRgdP3ydozt158IYAB3o0.jpg
103071,John Agar,/1aVDeOdgbijupFWleRjdbwJftAC.jpg
157961,Michael Goodwin,/7PQlrNdQBRUyql1l9aYG9W00o9m.jpg
58802,Paul Kratka,/rX9NW3Z5u6Rl1ziWfRkvY5d9HxU.jpg
42566,Adrian Dunbar,/AwiptVRftEIwXSM8C4izNVQtQL7.jpg
550843,Elizabeth Olsen,/dlS1CKO8Dh2lORhE73WosZ4bRt2.jpg
288940,Lucille La Verne,/6L3j9U9IkxJhatF8ASsO3PtNZUN.jpg
94928,Alice Faye,/jC15KAoPnRWuuGWP2msKxWZsa3I.jpg
197057,Melanie Kinnaman,/3WtPRegDVNMSfym3EIjd3SV6NXP.jpg
89470,Frank Bongiorno,
36602,Peter Berg,/1pR16H0zqRG49ns8cYykYpodgGF.jpg
11153,James Denton,/41Es4qDy5HQjG5XZ4A85Db4vcIG.jpg
18861,Zero Mostel,/ucUIFBtp2O2djuPpun1CJaVrT35.jpg
69636,Ti Lung,/dxA5qEE0c6kKxoRJXttAwSooMSv.jpg
16860,Miranda July,/fs32oVyHtwWV4czdTaNzCMFaEe4.jpg
34543,Summer Phoenix,/ncSXqGoq031Qj7DVREmtbWOjPqY.jpg
8635,Buster Keaton,/kEybBFkO5AX83o3WKyNDfuvfVrn.jpg
53887,Brandon Ratcliff,/5Qd1BHjTMZDf6qZ0D2YceOXhJhI.jpg
84518,Jacob Davich,/A2RY8NBfQaDY5PApXb8HYDfpHja.jpg
47461,Michael Preston,/kcfNCp4uXqKhlqcfWrwfTalA5Gz.jpg
1331425,William Ackman,/3dhggbSU9W39CyMMgurTGZPuTPk.jpg
57492,Morgan Spurlock,/umV7q1bhSeDosEWpS3MhgdwZIXk.jpg
18156,Don Ameche,/p2Q0LE3SECDvb5W2yAvvfRtzIyo.jpg
82190,Robert Hobbs,/bTAi1h6oS2KC80HJAzeHN1IpT5T.jpg
88969,Daniel Buckland,
82806,Mathew Horne,/7srYZHentXoGBrETWDK5YIot01W.jpg
46590,Eddie Vedder,/26yDfC30UvaYHwVvfl61q3dokYo.jpg
939070,Robert Ellis Orrall,
130534,Matt Bennett,/yq0BydPaQSgz9DTQTzgjF4m1Mqq.jpg
70899,Tamara Feldman,/986s1pET41HjhHjOCkxvLFKzP2d.jpg
123994,Tyler Barrick,
47654,Paul McGann,/4NAtQI30CAaJuQRiot9twe7J9t9.jpg
1212555,Shavar Ross,/nWReFunHu70dHOYQRN8MrsZukB2.jpg
4976,Eric Christmas,/tmVR8gYQXG4pdUmGJLlbspfzmmf.jpg
6818,Werner Herzog,/qKlz1oM482Xf0jTPfLiR6qXlLYK.jpg
46395,Stephen Gevedon,/6VM3pEpwebjUKJvIlxzRu4LnBoP.jpg
13848,Charlie Chaplin,/lRI9Ky1SMOehn04OqhYJ5hQfgIK.jpg
14027,Paulette Goddard,/7fMtXuVbJMbsFB4U3CsgDdivizP.jpg
19183,Cliff Gorman,/sWCUAavM204vykyoVKW3TlRYmWF.jpg
123992,Rocky Mayor Anderson,/uVbJ17ZyrsyBQKXCE1CNoIhEfIE.jpg
2468,Sean McGinley,/6dNAreBr5Egv3vVLEtCqJuyjDG9.jpg
8841,Donald Crisp,/MEPq09iLEwJVrxw1T97qOILhk6.jpg
157616,Harper Roisman,
1977,Richard Bohringer,/v6372ku0d2Y28zUJ7mGrwaNQ04g.jpg
162927,John Shepherd,/uK73b3qFtqrGGuVLVSgFkgR98jc.jpg
76999,Jess Weixler,/2X0PjIXMLPjm7opUGEq8X5lvqjV.jpg
53431,Nadine Labaki,/mV1JAlM4CAdzosSqZs2ch2TPKLS.jpg
130535,Zack Pearlman,/ez93T66xMaCycaw5aoh61o6FO2H.jpg
57171,Jesse Metcalfe,/qZR4VAB2t0qawkH88Wv3K7y67nM.jpg
26847,Adam West,/a3Yw8bb6AF7a8Zr7IyEZhZxWVWN.jpg
525139,Ken Bevel,/ie9O6VL9DFPrCG2vyemrGzxq9MZ.jpg
204405,Eric Sheffer Stevens,/1HMWv09m1YivTi2TYnKwvTseZZt.jpg
559068,Robert Paterson,
14438,Henry Bergman,/x41Z1XOGnBg6xnFhxunVQBmcJ36.jpg
239169,Tshewang Dendup,
123993,Matt Aune,
540747,Harry Stockwell,/k5fxPKEpZ6Cgxckca9cCkc0CK5X.jpg
10210,Daniel Kash,/v8xa3aFbdk0t7RXpXiLlXI7QepH.jpg
6862,Freddy Rodríguez,/syCMZjteDnmWQa26NqOaVaRdYmj.jpg
178617,Paul Brennan,
14882,Jackie Gleason,/5s1b0xpR7fFFRDYwow5QoIXZlU5.jpg
85613,Juan Riedinger,/3ZnaEy9oCGyVtlSXfNzMH51VgXM.jpg
6181,Josh Pais,/uH90fGfLLzYCX02yOW3kH4LMO7n.jpg
80013,Trevor Matthews,/asl2w68DsbOKToqa9b3rzkvH34w.jpg
11769,Ted Raimi,/juhz6ajCjjHlLPzYBxPtDxwX6em.jpg
97778,Amie Petersen,/1RxGs843uXRNs3SkMlhmORcGE57.jpg
441898,Ben Davies,/fVXzfUaLouSlt1K2CLHjxpWroL7.jpg
10839,Leonor Varela,/ooZQvMganzssNGoTKaIgFXM38U7.jpg
93805,Greer Garson,/6jpbH6x6r8IfOT0f3hqC7xFpQuV.jpg
74427,John Hensley,/9iKjAq8aTnHxW4LBPAUnRtwBurY.jpg
18070,Nicky Katt,/9OY1D1WXJsqC7OnrKErc3mFfly5.jpg
78040,Alex Kendrick,/9n7UKpTp7KNjL2qm2k0qAOuiNCC.jpg
169747,Sean Rogerson,/AeU4FinI8HOEh7CFhx99YTS5FkY.jpg
1266030,Dina Abdullah,/aDiHBw7zKOG6IiCOrd0flQthlG2.jpg
102786,Barack Obama,/reEkbvLlNknpCo2I37Vim6XpqGu.jpg
13576,Fredric March,/285cjPToJMXn0ALimtQoqofgM2G.jpg
76245,Adam Carolla,/47k9w6HRLnGeU0gVtMeTPJs3ief.jpg
13098,Rapulana Seiphemo,/wrCb5CMJhGZ9P8rnxhbllLkjlqX.jpg
239171,Lhakpa Dorji,
239150,Ashleigh Gryzko,/lgpcdxAcec0jk4WACKWV1nMJ1ZJ.jpg
11989,Michel Bouquet,/omtQES1qZlp1kOTWEMeEeusgqWc.jpg
3126,Ione Skye,/ye8qsi6fn51HW93c7065Jogbh9p.jpg
91251,Luis Fernando Peña,/1nooPX0s6Qi03Npt1Wr9AK7gE08.jpg
30155,Claudette Colbert,/hGXgVxZCMliuHZhVTg2q2UAgrmI.jpg
43323,José Luis García Pérez,/pszEIxu2skaRTf45YshJ2PTEuTO.jpg
82580,Stephen Nichols,/7TFaV3mtUVqB6ESmNVI5B3FQVv1.jpg
53442,Yasmine Al Massri,/4BthwafGJ1lhc0UULS8h2M3qrLb.jpg
90440,Ross Noble,/9oGbE5dvzkIDhIOSp9nnEPbCwDu.jpg
1266031,Dina Amer,/fhaPOf3NdQErmNw9ISEZqme7mIh.jpg
82695,Austin Basis,/roTbbWGiM9E4wxTKD6CFtlT8drF.jpg
150954,Diane Farr,/r63GxSo6qYV5Hy2YZK717fMvxYt.jpg
39596,Tricia Vessey,/eR8xShXZzdIiONUHSPXKTbDrsAK.jpg
72055,Tawny Kitaen,/5Rlwjmp4FeWKUyTh8IbTx0owhMr.jpg
1193861,Morgana O'Reilly,/mRiqzwyC3O6r9Fj6bQOu0SfgR9J.jpg
53443,Joanna Moukarzel,/36hpf2neiPiw9Txbsu8ydWMtxGj.jpg
104001,Kim De Angelo,
112543,Grace Thorsen,/xOqOzkp9AoMEjUI08NgI9K7EWbC.jpg
47175,Per Christian Ellefsen,/d1wapUe0uCDsIdGWXpTlfNzS1z6.jpg
84432,Lizzie Brocheré,/whUxOD9HPpoDau9fjtvML5FUw3D.jpg
58123,Bolo Yeung,/nLB34sDxed0Gbf646q9iaziaIk.jpg
28361,Anna Loos,/cyGW4IDZHtnzLzmEB9BhSTiBvWw.jpg
130752,María Alché,/9VimSHnHdjCjd2amjKuMOvcVvB2.jpg
10556,Carol Kane,/dm3Ci8XuVYZBqqlYtaLgth94VUe.jpg
104561,Craig Roberts,/nxvmN68tjIvro0CHxGw8HlatkN0.jpg
21484,Todd Allen,/xrbPXMUUwVft8NlwavDMxWkfVqW.jpg
47176,Sven Nordin,/sG1XzoM9UtxgbObA3tX7el30VfO.jpg
71281,Paul Kaye,/bGZxKojbRrgyI3gFtRsduJnbcrm.jpg
70517,Thomas Turgoose,/3PsCUvclNzVrjDGg69Q3blw83ei.jpg
239170,Sonam Lhamo,/eCfa9rMMbp9N8ZgaIX2sFVmQvhy.jpg
58417,Lina Boudreau,
3829,Jean-Paul Belmondo,/hXAM7zTXGWVAv0VLGGrnxAJJbca.jpg
695,Roy Chiao,/eSeHTbR1SQbF8sBhGjUJZeuVuw2.jpg
35192,Burt Ward,/13qUIbdB6D6BaTy3znHoHWdHuYN.jpg
58418,Michèle Caucheteux,
1115,Stephen Graham,/yguEO9zFvuccq87kOJpFLsmUgvs.jpg
555215,Jon Hunter,
71282,Kate Magowan,/p7TATMJCGiDEyNH5n0esY4hCICe.jpg
8659,John Terry,/2paelsnx3mEZam5ZJZMmUuurgJq.jpg
47177,Jørgen Langhelle,/vS1SRN0UwHTK3OvCYiQ6nUB9kQ6.jpg
6721,Piper Laurie,/ccMC4RssRDKU6cz6K7rxiq1t2Hp.jpg
191491,Guillaume Baché,
230,Stephen McHattie,/zqOwiEDXYM9AKQgHGJGeIp7QkPh.jpg
19766,Sook-Yin Lee,/eYv8kisLPUmjEGoB89FNojUkOBg.jpg
4113,Claude Rains,/gzS9a7vepa4BU2R0NCT3yH0DHL4.jpg
103999,Jeffrey Falcon,/bae90eopPeWBXL9E7gFLA8s2dXj.jpg
16108,Lee Meriwether,/nGoYFvJFqs7jXCKwVArUzhlLFTF.jpg
1372348,Aziz Muradillayev,
19764,Paul Dawson,/wXPYPTGv62rFY0axEL2XjtobBxT.jpg
30433,Neil Maskell,/12dDCWSE8GXrhnzHuaEWxNJFfrN.jpg
70518,Jo Hartley,/A8JMDj5yddYr5Pl7a35YPBGc2CS.jpg
59216,Tom Cavanagh,/ySArFxNLO43QJsWBUQ9I85TmnqW.jpg
13577,Myrna Loy,/rNzjcOeTmJkyE8LMHdF3iYUCkPz.jpg
112284,Chip Bent,
203677,Evan Adams,/7ESYVyrmTDfuY0NhV6dZ1eR6SkR.jpg
104000,Justin McGuire,/fOgqc2D44TbqhVyy5en3SYInrZZ.jpg
9896,Daniela Bianchi,/6pdO17mFaxwWEvarNhmHEuL1HZs.jpg
52860,Judah Friedlander,/bwg3rqSxlHAUhpmRreSpECs0YZf.jpg
90682,Lisa Houle,/Aj5G6NGztvlKce10O2Xe2dIWUuM.jpg
9565,Louise Lasser,/smrLNcvGJgR60iAwHnov1a7EwYa.jpg
40056,Inger Stevens,/5gv9t2Ckiq4MT06ETmyBXkDH3cJ.jpg
71530,Romany Malco,/q5f1rvnTGDnxsNCSSZoYXYDbu0I.jpg
105636,Red Skelton,/mW8nmbbswhAkEQd2YJ0VA7JGooO.jpg
65562,Andy Griffith,/akaxOUO7UmxSX0Xlr6vrCNwzqt3.jpg
59213,Jeffrey Anderson-Gunter,/7QwRTIE8n01bxAkRwmrMbQ2J0kJ.jpg
42705,Justine Waddell,/gVPTeUJW1Doq19LTPZfsfNqC06N.jpg
90683,Georgina Reilly,/bNLXDfDNV4AOmAuktORHiRqgpYt.jpg
58416,Béatrice Bonifassi,/gV2YmG3gEM9WFGl0M2sw5blwDc0.jpg
1288797,Rima Te Wiata,/8a2q62pvqwvIb0D86nFPI0p6ebW.jpg
649,Vernon Dobtcheff,/o3zjo0Q8BDJQFqHMIIaFbUnckBY.jpg
56198,Ari Folman,/cFTSHi8YSWBB81MIWsN8vzhaaMg.jpg
446476,Tommy Knight,/1TShqPAfllvbzu3x7xA31rTqHTI.jpg
140530,Gabriel Beistain,
81428,Jean-Louis Blondeau,
39816,Ed Begley,/AuPwjGgPphtfQOShb8pTtp5W7Ft.jpg
89798,Danny Nussbaum,
105668,Dina Korzun,/5XbahZTLwv3xOrRi5BG1mhyQ5Am.jpg
68934,Carlos Montalbán,/8qe555mzZSWA0mkKhnpG1LNubXz.jpg
8727,Basil Rathbone,/kwDz2jfV06m2ljpTHfaC509FAmJ.jpg
969460,Gemma-Leah Devereux,/i9wfbNY5Pcpo8DlBsAl1jH2RHII.jpg
59214,Cas Anvar,/ohEulMvF1Ji2osI3aSBVGb5FFUb.jpg
259,Vanessa Bauche,/1WQaHygZ1AsRxDBcPmxL0fSLNri.jpg
73394,Arthur Dupont,/kdBKt1uLmuIuHaPm3uG7yfOiDe.jpg
574094,Esther Wurmfeld,/oMjm6OWUGzSTniYT80mnqJHFNJ0.jpg
4110,Humphrey Bogart,/4pk2VbOb2td7iBZyir6Ji46HH4N.jpg
235361,Bruce Jones,/fkylWTnvdNCTFibbP0bmSMDfg6H.jpg
16428,Darren E. Burrows,/wEsvPPgvJn1cxB0dBEkewpnIO33.jpg
4111,Ingrid Bergman,/jXEE0P6705JbMAJ2nwtHjmqkd5F.jpg
97777,Ethel Barrymore,/zFnwEWAh7nxx9iScMZoqFPWnC6t.jpg
62910,Sarah Lind,/v4EGfayvyrgq2y53xb9qWwrvqx.jpg
54523,Martha Carbonell,
81425,Philippe Petit,/n47z98T1SxfXNiFv46ThCucJd8W.jpg
57387,Leo Fitzpatrick,/iZG9G5DstChbwlL9mAQ727heZX.jpg
19762,PJ DeBoy,/4UPY1flyHa2Z350ryJMctzJZe7u.jpg
81426,Jean François Heckel,
41640,Tovah Feldshuh,/c0VOkTP88UneW37YOBebtBhMHYF.jpg
129520,Esther Williams,/r6jzrhOpbWmXUxMRgwXPAwvp8lL.jpg
96973,Pedro Armendáriz,/c9WueBsUgQDmCSIOxTeyhG7RUwB.jpg
18499,Mercedes Morán,/2r5QQeumzXWoSma6RQrLjiNhHdu.jpg
59673,Jeff Daniel Phillips,/8U2mqgRt0mMaCBFnINQxYzqREGm.jpg
58791,Patrick Fabian,/bbsYGlnvGUTTExcabKL1OIhcKyZ.jpg
4456,Henning Moritzen,/tAax9obEx0Zdg9SjXeLCzKFqCBz.jpg
1367074,Drew Monson,/1gA45CSWNcwZlcQhTF2gpZKdP4X.jpg
15854,Ted Levine,/451KSkowLW6M2Au0wBKZZcidgGm.jpg
78320,Bryan Callen,/dYlYyeKLC6jXl6twAIsqYQCnFlp.jpg
27545,Bruce Altman,/n5y8Mg572LGT3eHyeZaa9NMMlAN.jpg
29545,Claire Bloom,/c6XvOci7glAR4RRWVRvRB5iMsnO.jpg
2437,Edward Everett Horton,/wtoC3cXLStuYmiEUVQavdvbh5Js.jpg
2067,Calvin Lockhart,/m5DyAG5LtUVgLgtXNiFpK2Naftc.jpg
21723,Robert Baker,/ef1vpXm0P3BvvnALwyyEzUgvCTB.jpg
11805,Frank Whaley,/ugs5aGtFvqVBgT8rcKEi1LyFur4.jpg
20284,Gary Stretch,/4J4nE44FVP6DMOKcDkWid5kWhO8.jpg
34315,Adele Mara,/2M5ect6W0n2OgFg62Ht9jS3LJ6J.jpg
1430,Keith Richards,/hzb2tyMA2sa2AgEYXSmr63w8BFQ.jpg
65404,Christopher Stone,/lADf31ArTbNXkbpfkPYs5imJmkX.jpg
54565,Raymond St. Jacques,/a3vR8Ju5HJUKrCf6Zkxr1QtD7DQ.jpg
83352,Mircea Monroe,/jal2sg8cau0oGdZBmBM7tkBWCVA.jpg
132105,Nisrine Rihan,
1428,Mick Jagger,/wDanhh7Z94tI0kdWJ1YFZK1UV5O.jpg
181575,Brandt Wille,/2uZAa5gCglaUZQNRmU0M82vkA47.jpg
4971,Bud Cort,/t3ncccw3yAk69FYDdG9RkvT0qpC.jpg
133669,D. David Morin,/lxyNfFFALU3JgKuArh55VgwrTTS.jpg
49915,Jesse McCartney,/4Amtwnuh5eaGOMcl3NMHJXyRbrg.jpg
108532,Scott Elrod,/3HakFxicl5jTNB9BPPQdfkQQO1O.jpg
132104,Fouad Habash,
9871,Ursula Andress,/mZSFE3vayIgXmfot4btC7K1rECZ.jpg
9872,Joseph Wiseman,/7QS6Z4rZ8kVimx10eeZ3r882Ahk.jpg
86385,Richie Havens,/34y8xJ5L9pfy8oYiWnsKvPWNTJy.jpg
54450,Gavin MacLeod,/ESyFJ9IR7vfaf0YdmYsFiI1JUv.jpg
132106,Elias Saba,
116431,David A.R. White,/q5YGId1d2PlHMZPOCjrZGKs9VNG.jpg
76917,Charlotte Frogner,/xAaBmAepMzWoHuoI5sl1feYEKYx.jpg
1187081,Armando Espitia,/xPazE1PHtCTpkWB114koUW523iz.jpg
109156,Katia Winter,/iMAKw8zStCE1Gf3EU8jrNDIWzGW.jpg
66524,Noureen DeWulf,/uYWQZfK9kqVIze1KQUeO1Nq3g5w.jpg
21047,Jonathan Sadowski,/xjH9R0xBes13OZ7H3rjrghCwQDj.jpg
76919,Stig Frode Henriksen,/fJIFhe2gXh2akRiSXPSCGmTOaP7.jpg
74242,Shea Whigham,/d3caK3l4UfbnzOxv95wLoFLZzMO.jpg
1490,Joan Baez,/blirnm784OsM2csUEZUBunrqXkt.jpg
133670,Hal Linden,/leCMDfBs98RFJ7RVQFWZDLJpYkg.jpg
134120,Arthur Agee,
32300,Johnny Harris,/6W9SJ8ebalDAqZNhfYCOzThycF5.jpg
23591,Christopher Toler,
88076,Cody Linley,/dl5uxieA2SoDoHyc6tvMVkbp0e2.jpg
211599,Charles Henry Wyson,/xYorOCYte7AwndbdBDn8ONlJoua.jpg
1382818,Ellis Cashmore,
999817,Olivia Taylor Dudley,/dcYv3aYSMNbGcYHehUjeEg1UwqY.jpg
83261,Michael Pollan,/rumIWmiYXEs9uPkTQXhPrUClvKT.jpg
1080571,Wei-Qiang Zhang,
469759,Astrid Bergès-Frisbey,/2mcTwrg61M7beQv05YQFPLWADmc.jpg
131935,Dorian Brown,/i4RjpHv6SbDl1meOKjmAd1IsEiF.jpg
55585,Sam Spruell,/mV62no6D4yYtYS4A6dkHCGPTugZ.jpg
73355,Georgia Groome,/xYc484y7vjXfMbd2dkC4s53Txz4.jpg
1187083,Linda Gonzalez,
1429,Charlie Watts,/yZUiyOV9ImKLwAczuLd7TsImC1k.jpg
93129,Chenoa Maxwell,/yfjUTI1ayg5xywl6QLaESFuSLLd.jpg
426,Larry Bagby,/43N0fBlRV7NFnggRsIQ1s7McFMO.jpg
11663,Patrick Fugit,/bsONcodcqRKV97p1Oo1jcPkEnDA.jpg
1080339,Tara Birtwhistle,
95624,Shirley Temple,/5jBfns8fqeFp5WrrmO6NZThpia2.jpg
20220,Elden Henson,/8U5g30U76UJe0erbJdWjGLVz7NF.jpg
101416,Michael McMillian,/tHCAeqKvDk2KCJKbkzklWcjNUzy.jpg
52783,Rachel Bilson,/jlacH60rFke82EfuvFqgjcxPIx0.jpg
63493,Alexander Polinsky,/lNm5DDCXaP0cOkRYRjfvRI4p6N2.jpg
1271190,Bong Soo Han,/6w4I4CBW5k3LkXzWH88o5XGkbky.jpg
21315,Eric Roberts,/NiWg1TaUcal7xn1ZQeyA2dLd5F.jpg
1187082,Andrea Vergara,/jZwI5ZreFjenjGaQEOYyQYZMmGZ.jpg
5248,Lee J. Cobb,/yxMxBvM0PZwu7YXQamG0kFwt9DZ.jpg
14782,Andrew Robinson,/zHlqGUhVgvs4Cx16YALEqX799Oq.jpg
76920,Vegar Hoel,/9wzMs9gVGAPcJA0wdCPYhWHuHxT.jpg
45588,Clare Higgins,/7Jb5cg5GdADejWR6kzm0IP9spUn.jpg
1532950,Richard Lobb,
26853,Michael C. Williams,/j9vjZt0gMqzOz977f3rDhFuRpM.jpg
1140162,Elena Schuber,/37ElFBIRTO39SQQ3IOmiOT29yPO.jpg
20699,Anamaria Marinca,/aucTa4er4RHqSpLPxyltjXZpWDa.jpg
3363,Nigel Bruce,/bJPnCDgMQmEx6Ti1NFtz6Uhaupf.jpg
3360,Joan Fontaine,/y5Hl4TyipNN7463zZpPq5KFB3aM.jpg
6159,Ron Howard,/g3n8qduLaPO2l4kJZsV6xNMXozn.jpg
52018,Britt Robertson,/2dvBB0F4NiS2Clxmv5mo9TvQLty.jpg
20369,Spring Byington,/uXyfIzuEwtMhcFufThCITAAxKRh.jpg
930214,Rachel Hendrix ,/xto1ZBHioATH1dLWcLOP6eKgB4f.jpg
3265,Eli Wallach,/egLe8r2PwbTx9ocwS1Zu2vsYC9v.jpg
98271,Brie Gabrielle,/cQCrtqySPWCtxSfymgYHB6QI4j1.jpg
84514,Diane Gaidry,
77346,Laura Breckenridge,/r6v3C08nYQB94GaFQherkbKrhk.jpg
1080337,David Moroni,
104687,Hamilton Dlamini,/dV8xS17qaojleVVE5n5i8DrjMy3.jpg
240240,Leila Hatami,/2ryc1fia5FJBACnUZSXh0muxrVO.jpg
54758,Eric Schlosser,
932191,Tammi Katherine Jones,/8lWIcLb0oeDlRn2QRQoR1aw1R2W.jpg
56551,Ashley Laurence,/cmvfP4abA5wQ6a7GUJNAWuaDcK0.jpg
84513,Erin Kelly,/8KnZTiqzJOqhFjI5ApL3dyTEbmV.jpg
17347,Marshall Allman,/2frJJdV7p1z7WspoPmUw3ehqdjI.jpg
1349417,Herman Koto,
3361,George Sanders,/5tzdY4lCnfbLZU8Wblp5xfjn10B.jpg
47628,Julian Morris,/oGW6KbAIXJzH390TiQXp6GwkGRg.jpg
53055,Jeff Lima,/qkZQKtyn6A5D2xtw8xJ4Hj01ztI.jpg
122449,Steve James,/1n01wuRSyi7ZOdzo4KGoDUZt8HB.jpg
66225,Evan C. Kim,/6kgKP3GWwD5PaEzK7eyXMtWsfEQ.jpg
93913,Frank Rautenbach,/4RD0mKgjdChuWc4yEKwv6oOCsYi.jpg
1220249,Max Clifford,/4YnJKU2hlW4vCDPGVj98L5rEQzj.jpg
930216,Robert Amaya ,/z676j2C9vuS9F2UJfvAAYrLkfqT.jpg
63494,Kirby Heyborne,/wXVH8j1bwrnGP4W8OLEgu1iQTRO.jpg
12406,Paul Le Mat,/9xDY0RR2ocB2wyPVaSaSMFAgoPf.jpg
938732,Shereef Akeel,
104686,Jeanne Neilson,/s3vEVBVLebxc69wC7189UPed1G5.jpg
206946,Brian Keith Allen,
86132,Claire Holt,/qabHxEIuCgFdOzPWYCgIxamQbr9.jpg
36216,Cynthia Watros,/iVWPrP0j4SQlfSjnB03P6Ud5OrS.jpg
1172489,Anwar Congo,
55571,John Furey,/7JpqZPatgDgZf7EuC5eSIqA5DNJ.jpg
27113,Scott Hylands,/g454cYoeCAhU7Hl76D7j7sHdgBY.jpg
240242,Kimia Hosseini,/p7EnEeWtaNc8YNUOZbYfCpBGvny.jpg
74337,Dana Snyder,/xCNiRmQqVh6VJ0zfYfNpxW0KsFk.jpg
134708,Michael Rogers,/zJ7OpRS5RhBdA2Rf2glpH4mxMJu.jpg
143307,Marilyn Norry,/geSDvvFEqdEyJT8djVmwJNo6bjq.jpg
58710,Amy Steel,/EzrRTc6vAX8Ls3kmJ1sbe1LQm.jpg
49623,Jared Padalecki,/hQaqkzNEHoAk9YtWlim6dEdIdbj.jpg
26851,Heather Donahue,/Ootqoaw1eJF9cJ38FfAgblgJjh.jpg
1172487,Syamsul Arifin,
71913,Bokeem Woodbine,/pnPyA5pJn94zUzuLWTNkGBNZxza.jpg
930215,Jason Burkey,/wdiwFFH5xSx8AquNFRSwL5lUH0J.jpg
5010,Todd Field,/KR12bc20pVnlTr0wir8XuxW3Pt.jpg
38666,Tania Raymonde,/mnUeSdPXYVXtu4mvRoSIKNmDhPv.jpg
39959,Vlad Ivanov,/mWEMgTQieGgvSzjtjx6UOm444hN.jpg
449513,Meredith Hagner,/cRXnuFmhZ1FpuuixGaslHZ0B5op.jpg
69482,Victoria Davis,
20391,Jane Wyman,/A5aHswRznZbCzbU4aD4lJ1r1J62.jpg
64136,Misty Upham,/yvr78I7rkKDQAAZy0XquyPWrFSv.jpg
20698,Laura Vasiliu,/70HUF6hswKB8mkqIpomrGLd45al.jpg
26293,Rachael Bella,/oB0339VrlKSbC92ovYhjtBEJhNu.jpg
113732,Iko Uwais,/gMm9HKBZorMDnGChbPduQ66uhxM.jpg
240243,Merila Zarei,/kahlfXf5WSNPo5egq6BMWTfi25h.jpg
36190,Edie Falco,/jS2Hnr5OmntpX0J7EpH70zAG0mz.jpg
441567,James Adomian,/auQ2a6mGhPiujtlSqDNSk6l7i1G.jpg
69483,Christina Brucato,/5yNLxKg9o3791d72j8XhalawFyE.jpg
37470,Adrienne King,/igRfRtDEogoLzCXkX833atJCzC2.jpg
53056,Shareeka Epps,/5zzj5SsssfVsf9e9NGNxdlqCgD3.jpg
51936,Lindy Booth,/5vT2mIIGTM7XQx4utAyRjW1aRPW.jpg
557885,Moazzam Begg,
11318,Holland Taylor,/jt9yFB3nLfZQ0c1DcnvvcfA11gB.jpg
115430,Doug Fahl,/uZFVqdoZR9IWWU2I6gQaZTORvss.jpg
549972,Nikohl Boosheri,/2nR5A0uNymIBrMIRqvoJe1pVJHh.jpg
57578,MyAnna Buring,/oN3YUXsQYfcss2lJZetkRPoKx21.jpg
7124,Ray Milland,/nqZGSLa9jS92hYlmkacFXxYwB2Y.jpg
549974,Reza Sixo Safai,/28Q7OhJXroL9gRIlRMsRK5z3AZy.jpg
74338,Carey Means,/2WPCv41PfqVOHMrOO9aFbHSpna0.jpg
496470,Jake Lacy,/qU6n9EaesBGqhNLlj5BecUrb5LW.jpg
93821,Judy Marte,/2ssKTCLuB1JxUVYw0nW0T3XqLtA.jpg
982,Sting,/y6gpCAf6LTHcqFXEZ2udXJkucAm.jpg
1515534,Samantha King,
90519,Christopher Curry,/afWbFCCDysdG0yY7xqzfp8XVZIE.jpg
557886,Christopher Beiring,
66152,Takehiro Murata,/he1V9AFAS0rKIy94WnpKN8YxHWW.jpg
549973,Sarah Kazemy,/qRyFZsthC8xOM4IgROA3gL5bN2J.jpg
66154,Mayu Suzuki,
115429,Janette Armand,/x9wYsvzOnl0ZYEH6UV6xcUYjwld.jpg
74339,Dave Willis,/cAxDYGbinrHm1X6eJQi162pZ3Me.jpg
115431,Cooper Hopkins,/n5KIZ3gvtjPGcMJ2evlagBuw37p.jpg
127544,Bentley Mitchum,/7gKMXmpo5heq8dDuD3emUzSBl59.jpg
101490,Phillip Terry,/RhQPDgCLUilO8UAtVt62tjH0QY.jpg
53936,Melonie Diaz,/bZw2waOzKDE74crNL02L9EsBiH4.jpg
44651,Ken Duken,/y0W1vcjV7RWmVAIgm03erG47fHs.jpg
7018,Richard Curtis,/dLhFfcHJvOLzzykO3LYkinXJUA1.jpg
60846,Pat Healy,/eHTM7VOGeeVQDdGmodL24aN89YL.jpg
4112,Paul Henreid,/kqlDSharpQjqeNVS5BZkqqJl3ZF.jpg
64135,Charlie McDermott,/7kQgcZkQ88cZOQBpjFzzqheoGT9.jpg
592496,Joe Taslim,/6S60RmKqa4p1HN0n4uaohNqjaU8.jpg
140152,Pelé,/e5M1Jn4ugSmWvuNPuHteDDcb40P.jpg
134365,Fernanda Andrade,/tXbeS1OnVKwC2BxXl4rNQjH0rh4.jpg
1515535,Barbara Brenner,
21881,Laura Kirk,/frnaPr290GOUMUIZbocwpVT9oCL.jpg
1515536,Barbara Ehrenreich,
582439,Carlos Alberto,/mJqOSLxEwIGfbH5enWRuKz1m7uf.jpg
66153,Naomi Nishida,/kXRGUSybmoyiQ5iqNtGq5aBGei4.jpg
1202416,Donny Alamsyah,/zfv0xvwhealzqRwI0BUQpbzrUuD.jpg
88961,Ben Weber,/lfOEZ4uR6PiCywECX3BqItE7XOL.jpg
582438,Franz Beckenbauer,/qbFtbsyPfXAdJJUBRfkPyemJb5v.jpg
87243,Nicole Beharie,/7ZgUAk3hkCrWSfjLYvnbKdyaNiN.jpg
13904,Louise Brooks,/2vpBqhnfFWBdVgoOsdPUEQFNZGA.jpg
524107,Harry Simpson,
1163085,David Bianchi,/4QPA9DCVzwZHD796OsqrdpITn7p.jpg
936226,Resmine Atis,/2UsjtnbbAmFSrytwkujpKFfyc82.jpg
38951,Reg E. Cathey,/cgyJJQUdbK4S7ihkL9hgIIwutk3.jpg
154472,Roy Abramsohn,/usiJGjbTVR4y8FZ7r3ahoxt9Wka.jpg
13905,Fritz Kortner,/9Yj5OwxoFVP8fkBo4Ey89KfCZrL.jpg
31703,Stan Alexander,/1MRQC4eIhniEWcpxw1cQ4wSVwTM.jpg
1016071,Déborah Révy,/a3EmfvlSIcRhIwFm6nFLWCnIuFi.jpg
131455,Valerie Red-Horse,/v0oo1SKp4erO85jB46nZU9gNYhp.jpg
30181,Fred Astaire,/6gw9PCrKi19I5QOwjEPaOYW9uLI.jpg
3270,Natasha Gregson Wagner,/4Nq7uccj8RR3Elr1OzLhckRiEJv.jpg
23592,Tommy the Clown,
933832,Baby Bash,
30161,Donnie Dunagan,/sNX0mWMI9oFPErqxux0O6kiAOaU.jpg
1016073,Hélène Zimmer,/nhsMaWOuSPpMBRVUscUYHkL2fCk.jpg
58681,Ella Joyce,/p42wlar0hRZUtW9E96xFWZmNs9h.jpg
97585,Talia Zucker,
156509,Dylan Haggerty,/9oSlhITqmFktXyVwarhbp1cG8qV.jpg
141463,Simon Quarterman,/m9U1BfmPT9XJLizKaWb7mp9IZje.jpg
52615,Marilyn Joi,/jvcJudfhH0xMdQLj3Rqn52Q0RTI.jpg
31704,Peter Behn,/y5jHtmdYNmw7zpfyZj94z2ZVg1s.jpg
34027,Stefania Sandrelli,/FgC2JtlrNTMs0nCs6C6BADg7lb.jpg
78341,Ryan Pinkston,/arTVn9MjLfmdL9wexc31vrtygyZ.jpg
13906,Francis Lederer,/jf2hWEynH4PbygMSp0hbXqAGJ8l.jpg
933178,Gowan Didi,/2ypaBnPbyqVImO0QuNIn9hc9lPG.jpg
96330,Sumeet Darshan Dobhal,
114036,Evan Helmuth,/xMl0uxmhCfhTkhDoA54jbbfObZE.jpg
97586,Rosie Traynor,
45111,Cynthia Myers,/g4XaQyxgChtyZ9rkbOzo8j40lQe.jpg
3281,Gastone Moschin,/dU58seqJs1NDkNodjwCbGZg3nqT.jpg
2844,Matt McGrath,/lYdLQvcAYb7PFu37RrjdLZjn49Y.jpg
78804,Jocelin Donahue,/z5Vbl6FUAIb0zaYKmnpBwQBj2XM.jpg
2171,Griffin Dunne,/oZeAznfOHgK1Kvy9TknkQhag1Um.jpg
1188912,Nat DeWolf,/f0DTojHndQBUUW3xgbXdfTGFNYd.jpg
100138,Marcos Mundstock,/rv7dTsnM92MYH0RPzhWd8zBRKw8.jpg
76246,Oswaldo Castillo,
100552,Mary Woronov,/mcMv4FKAoMlfrrJL8Wet8vzy4gw.jpg
97505,Jack Gordon,/1skyaFtWdXkQqiG164kbQEBKmuW.jpg
46853,Norma Aleandro,/fRezPzJO3rGaO2JZZsghEVhjvaa.jpg
96900,Renee Faia,/il4Sv4OjsGCIB5lTetotxsad3wj.jpg
1018729,Norma Argentina ,
19216,Jean Peters,/mk3xJ6KblAMFPaOSNmUU1MK1N1q.jpg
96328,Gauhar Khan,/95PB71HAHg8sVXA6aPzVqAURKkl.jpg
1985,Saul Williams,/5VQZl7h6jVyx6hSttUZwtYBVrYy.jpg
51935,Patrick J. Adams,/uJiuAHTsZAbfMi9bKRksWn4oHLf.jpg
45112,Marcia McBroom,/shLybqAIUf7msdLUBudre5zrH0b.jpg
88322,Liam Boyle,
97587,David Pledger,
96933,Dennis Lau,
89498,Harold House Moore,
4729,Tom Guiry,/j8M7rA6JUqjavIRz8ZhYkniBOjj.jpg
45110,Dolly Read,/hIdMgIeMSmrFROiQdCOafM7v9xW.jpg
3383,Thomas Mitchell,/uOhcftGVj7tPrCKBYHYtYPlQKUP.jpg
23873,Lisa Owen,/t6u25UXmZ3DgXt0wxwFQxz6wuNu.jpg
88597,Jay Paulson,/8PYujJi7RKrXwYtWVZYKI99ZBiB.jpg
12121,Cliff Potts,/cJHtaOUL1OQ2ou9rcadNk5PTfEf.jpg
203683,Sonja Sohn,/8zjUsesMnQSOJtXmFl9O37ZYdQ5.jpg
12308,Walter Pidgeon,/bzSDciaTy9vshH4Rguyu5elcSR7.jpg
33613,Sheryl Lee Ralph,/eq7FeNDJFUVtdHAtvzNkOIapzX.jpg
93105,Richard Egan,/bPbmahXgD1FWuvg9htLtKF9kdWd.jpg
54455,Devon Gummersall,/yCMfsk2sQCnAmcEda0DmMQAsXbC.jpg
70035,Maureen O'Hara,/yGNh18kBF7afOdjTcEP2zFCxzCH.jpg
59671,Clayne Crawford,/r2ducg3w25bwuo0ywadIqLFmrRX.jpg
57891,Joe Cocker,/eIzpWl68deI2nrFVxvW99YrbRTt.jpg
43946,Denise Boutte,/xDStDy0ecMRy76CWOdWj90oRIEz.jpg
104789,Bonz Malone,
78595,Wes Ramsey,/77kRUwFr0cWndNlVKy1xQrMYSYS.jpg
28634,Steve Sandvoss,/urkwNdkGCEZldtegbhzCZOV7iI1.jpg
1037691,Florence Hall,/okDxiRHlQ31txCqTpJCtuUQxtE3.jpg
13326,Susannah York,/v5Q3guQyQwWtfG1dOFBZ4fG0SEc.jpg
1384726,Yvonne Russo,
118537,Ximena Ayala,/c6KBTwKFpXvTCTOnYe23rxlSBgM.jpg
137391,Jordan Brower,/y2P5u6AyFQgXHP7Ntgff2IL3ZW7.jpg
66147,Arly Jover,/zmznPrQ9GSZwcOIUT0c3GyETwrP.jpg
8724,Errol Flynn,/x7yOzNMVCQzt7UQYy8Po3GNrR0I.jpg
48958,Debra Paget,/ld7ImKo7G0mocMghsXveh29AsXK.jpg
74439,Sian Breckin,/iz7UxvPHUxxnAecHctySvxi2oiP.jpg
74440,Nichola Burley,/orbLsH17Jp8deODoJO2ImjzxqSW.jpg
23593,Miss Prissy,/oqAPlegqJQF9FfSZdsHy3g54lzN.jpg
1200529,Sonia Franco,/hqYqKDmgbdIyYHnMO7OpWcKypO1.jpg
8726,Patric Knowles,/4X3rTHSrPXO4iZ6o0ibcQNV2AIW.jpg
21457,Elvis Presley,/psf1wJUw48ALsfV3tN31FX0mDW5.jpg
105158,Shane McDermott,/s0qfLQXQVgHkMmUXudu3EBRrGAS.jpg
114925,Richard Dutcher,/bwSTn88Om6c3n9IXQlxrS2vAAwl.jpg
20492,Jordan Ladd,/eCyfD0YJ2K1VvPAL3YY2RF04fyv.jpg
10021,Hugh Griffith,/xg3tpIaNyBmNBcJMG4Ft1uZTRVh.jpg
146028,Pierre Dulat,/pN5bR4ssewokmqtxCxcinXx6pYJ.jpg
71552,Ari Graynor,/7qJNAda6uPPwIruMBmQ0u2PCkp9.jpg
146029,Andrea Edmondson,/zaXjtMQ9Hli1nKzrBo70W7deC7s.jpg
14061,Jacqueline Bisset,/2O5ZiHvn4vppqNasUVvHFEfwl21.jpg
65732,Brad Hunt,/1nJHdzB0HyFiV26jGsSMqu3YTPu.jpg
74442,Jaime Winstone,/66YHmcXmxjFABJfoWKwg0iEMcwS.jpg
95939,Brittney Powell,/xDnCZiA9t38obKj48owSd2xGX1w.jpg
30003,Ginger Rogers,/ah4nyaNUOMZwmGbDOAtN8S8J6ap.jpg
4451,Mark Webber,/y30VskmtlxNLz1HIMEIxjknUBQ4.jpg
6498,Lillete Dubey,/qeAlaycZ3ATHr2P6LV1V5LeC4hV.jpg
19013,Al Gore,/d94rd5msc0XppeMvhwtONIadYc1.jpg
143056,Matthew A. Brown,/1p3DGZE1GRkB5smA44NwFwfZOk1.jpg
17494,Dennis Dugan,/3QH2wJ1eVBLT3Vi2GNVO5TayXEB.jpg
55624,Dian Bachar,/hAWmksHpp0ZiUN5e9RkJcRlYHgm.jpg
1140163,Katelynn Rodriguez,/3jdg365RUStjimrWcVWs0rYUNFS.jpg
1036,Cybill Shepherd,/ci20y6ilSmiw759cUwQVheOqNaD.jpg
168349,Shane Dawson,/euVDepFuUAIpu1ew3RNvNkHYAnl.jpg
146030,Summer Nguyen,
43894,Hallee Hirsh,/4B41joE6kZJfOGIDrCBGCdY4dSx.jpg
56675,Anson Mount,/A4YBdwnzJKRcZXfodjT4UalHOK9.jpg
4070,Grace Kelly,/gnz3NGJrUERwklqfuPWXxcOPs0Q.jpg
54716,Lauren Miller,
134119,William Gates,/fVOfBeRPTrPOGkVxm0EKNdHOgBP.jpg
93133,Christopher Scott Cherot,
7498,Eion Bailey,/3DW13W47cKk4LQZwS4EvRaNBoVu.jpg
104035,Godfrey Cambridge,/mo67XW5GePtPK1ABX4pIKpTJlY0.jpg
6500,Vijay Raaz,/bLSjiy51UPjVnTYRDmgRUy1VOwD.jpg
10662,Patrick Macnee,/k1WeQmoBCJOxHmEoyC2dqlunzkJ.jpg
18802,Ronald Reagan,/tuB7bNPABSP3MtPKpdttbz2OdSU.jpg
39481,Jordana Spiro,/lYWTKhlMG9B2gEoCOCABqeRMbx3.jpg
217055,Cleopatra Coleman,/vA0KiqXasmcvjafImY4hwoxYe8d.jpg
34199,Thomas Dekker,/vO72HH4PfesrCwEioBJn2gR6ebC.jpg
26852,Joshua Leonard,/druE5TIt3eARRwWFDA0punUBGvs.jpg
22600,Edmund Gwenn,/9xUiHCycn0WsxqiqFjq2fI40FpQ.jpg
1193604,Jack Kilmer,/t3ufi6Zc3YCINV56Bp3AhJgWCBL.jpg
83272,Cherami Leigh,/eUhJlXfWeeNW8xvyFXHa1EouVUP.jpg
105235,Adar Beck,
21259,Michael Dudikoff,/mj8wZ5Ov8ZAjvUBfIxVf4oADogh.jpg
1224812,Denny Kirkwood,/5lpZOaXRuqxIchZ94ZnYwv0XZZR.jpg
43366,Ann Dowd,/zo44U71uiMNVW1HSiOa5F9MpqIq.jpg
1052103,Phil Fish,/td99kA7yZt5piS1DkCMyPTHcc0q.jpg
71888,Lynnsee Provence,
56677,Whitney Able,/5d1DZDXHLi9sGCTxjPKpijqYWlz.jpg
29999,Warner Baxter,/vX605wp5rnjezGUnsTSrFse5tPy.jpg
101330,Catriona MacColl,/hdrpUcrWD8NbOYQyx3nhMZsyknh.jpg
87389,Amir Farrokh Hashemian,
25333,Philippe Leroy,/woG9lyvZSEEF4j5Kl03rSnHTW5R.jpg
26060,Hugh Keays-Byrne,/7XSPjKNwmyEPMnmoVSQ42ykMz6M.jpg
5570,David Warbeck,/h8VeTyz7SrYyCRpIx0Z8OA5Tb1i.jpg
41886,Mark Polish,/5HmEhRjyZa1xIiXQeZALsOmm01E.jpg
16309,Marianne Koch,/nwCYARNCREgUqY1tYio34nEWF4X.jpg
97746,Patch Mackenzie,
31780,Cinzia Monreale,/z9gbWNGlonGpqFDQOjnTa7diX0M.jpg
1697208,Les Williams,
81579,Allyson Sereboff,/oud6rwoQMhOfz6MhCsrY0gSZdrb.jpg
129750,Mike O'Connell,/wEE0oR3VyuPrcxVn1wTPHtthuXN.jpg
105236,Chris Carey,
82843,Andy Cohn,
63155,Mackenzie Firgens,/dVclzoj0GWdxITbtGlgM5X5IRe1.jpg
25944,Larry Poindexter,/bYdAWJSP6vs4Pw23qNTH2S1b3oQ.jpg
543350,Thommy Pollard ,
110696,Bahare Seddiqi,
10215,Paul McCartney,/dSheYj41UvBQ4DAEtfyuS1R52Ce.jpg
10593,George Harrison,/zwUO2gnKBnSrKOB9hnhI9GdOX6e.jpg
1173,Mark Margolis,/rT5TYJIPLBkTqsrUs00AixGeaMM.jpg
112693,Roxana Zal,/vO1ZAdwQ5ihzTEAwbLzMQd3cCGE.jpg
6432,Sean Gullette,/wziMZnskBjMe4Nnt1TaIaky3KMv.jpg
77993,Parry Shen,/eDqUAJDawdSnC3jSmT6LNYmReqi.jpg
1233885,Annalee Jefferies,/610p3ghJbLH8sJddMcbgJKsDISF.jpg
162102,Myles Berkowitz,
586001,Chris New,/2maQpMIsd5cDncWDWOc8BJtPp4X.jpg
10592,John Lennon,/iawyLGZKTr7eD8XWhNGjM8Cb95x.jpg
30000,Bebe Daniels,/jsBkc5EJTFrCpdHuZob5yNLOMus.jpg
162367,Jason Tobin,/bXYxZkchxjozc8gPiImMOouG2ZA.jpg
68750,Robert Townsend,/saXSXNW1G1Wt9kN4r4Chjxm3YcU.jpg
26069,Paul McGillion,/43sfykb5iFosUHZqCnmx5GFFkro.jpg
55271,Steve James,/njrBS7fyk4wAug6tN9PXO3LyNem.jpg
14276,Gian Maria Volonté,/xPwxiUgSnvqMvPTm2TlqTUskOJ.jpg
4940,Trevor Morgan,/txZ59fUmdyyv5cowmFDu85HiBeF.jpg
586067,Carol Block,
41887,Michael Polish,/gcwCq1ap4gbSf4Ip3qaTLR7PLFS.jpg
74303,Dreama Walker,/105ENm1xzWlE9iJjw5C2suFfjBC.jpg
1562478,Jonathan Race,/xPlggzUykeoUZoyJWkjhG39Gclz.jpg
586000,Tom Cullen,/rELdKWWjX4l2r0Eoqdxtu2Hs4J0.jpg
20364,George Brent,/831vetUvPxlDCd6yJitdnH1YeyX.jpg
1000950,Marla Schaffel,/n51Qm8reYAYSUBcOk12YlOwvpAR.jpg
18516,Nicole Vicius,/dDUmyghQXkG3Y49NsC2jmCUpLzo.jpg
103616,Mae West,/xtlUd8VnOor4OuA8dexgDG9JlIP.jpg
78190,Chris Eigeman,/tXzouEBdfTQE3tUYZhfG5NDlJG3.jpg
11884,Kate Greenhouse,/9rX7nzhgUOHEWlCZq01OE5bPEiB.jpg
163642,Michele Hicks,/a0tUqX1glE7s15BxZYVcgAmnMxV.jpg
41052,Belinda Becker,
180609,Terumi Matthews,/cajlTDw0xsUT2frzmMBQy15Ti2J.jpg
84407,Jim Gaffigan,/dhguhHxIrb26jvPznBt8y25Fb2U.jpg
4944,Taylor Nichols,/2VnYWsBXx19tNvBX1diwfjdLkjU.jpg
83902,James Blackwell,
543348,Wilbur 'Hi-Fi' White,
237,Aidan Devine,/3qrUCw73cAN0923x5jCxAiiSaJE.jpg
586068,Ellen Block,
78189,Edward Clements,
2638,Cary Grant,/rUaQTKw7hNcEvZyFaahIpqiiiWv.jpg
580240,Maya Gilbert,/xc1CfBxDr3fbE4dXPRVvAASvdlZ.jpg
559290,Nicole Zaray,
1182341,Jacob Zachar,/qi1m6OmuYhhn6evwfhKhPcRJhsX.jpg
6283,Michael Nyqvist,/d9nGt8MloJwosRbGp10gaeHExcZ.jpg
99359,Tommy Redmond Hicks,/jx7MpUfQ8zyLnNLjvIACxMDLiEs.jpg
693,Roshan Seth,/4TbHkaZxPegaTns250cVXr8F91F.jpg
78041,Kirk Cameron,/oloVIPnlEBff1gXmzGlY7Fk1KWn.jpg
89107,Owen Moore,/6iBzyALpUaf22lKD2kRgzmsHGuC.jpg
1183822,Mtume Gant,
51539,Gordon Currie,/jdqJXtCukVT2X42wxeqnslkenxC.jpg
1052104,Edmund McMillen,/3yIE8uPsVKESPtsN0Qr7rjwJNTe.jpg
103680,Kate Stafford,/dhXtyI1wxP4Qh7GkWziMdhJwK3k.jpg
586066,Doug Block,
82105,Maggie Moore,/86ttnP6IE8ilVgSWXfnZikRCgqk.jpg
99360,John Canada Terrell,/3emblqGsKnlgC5UlN6350bSzU8y.jpg
111871,Craigus R. Johnson,/2NyPvJvpqagAAB1sprOKkGkpTsL.jpg
18657,Laurel Holloman,/c9cMysLLh0nWEAqNj3pp9nqq3MC.jpg
929120,Liu Hua,/qNaod3pQbNFIeW0ZU06PKU8cr8h.jpg
3288,Chris Weitz,/u0zSPgtetcsRpqwUqNtVkBYPAnU.jpg
99358,Tracy Camilla Johns,/fXjcnepCTGfd0bJJs6O2XieCgCP.jpg
63372,Christa Brittany  Allen,/xD54NXSsPIu0UWZckiiwYBqxGxM.jpg
15122,Sophie Rois,/tgrQJo23b30NFcCaIaNinaRclPk.jpg
15338,William Mapother,/k4TqA37bSoMz1VTyw9wPh3ptGch.jpg
20362,Jill Clayburgh,/ruTMoRcRwdAdTHXl78SQX1tpeHA.jpg
78042,Erin Bethea,/5xFkd3BepC87fPHP9ONH7wH1feV.jpg
30156,Walter Connolly,/mJB6tVqIlr5zhiSqCx2Vl0Kr6Nw.jpg
6285,Frida Hallgren,/4N6haOFsCJZnsXt0KDOitWj0ZfW.jpg
1395443,Antoine McLean,
110525,Kett Turton,/dsmW4TgzKUcLpWyE3hhZ8POmjS2.jpg
122424,Hristos Passalis,/oqnv7OUhTo8eOeB4NGMf595Y2vW.jpg
122426,Angeliki Papoulia,/59vmhblokh20zXL19Velo0ri1jA.jpg
152302,Alexa Nikolas,/q33Xb1spwjfOiVBxyhLJTpUdSm4.jpg
1172555,Cynthia Smith,
21992,Pia Zadora,/dRuW1EJAYSBFNtO7sZlL1AIOfjQ.jpg
68718,Gordon Warnecke,/c3aOfDhW8aIsF6Z63Mb7GfzmbMq.jpg
644,Blanchard Ryan,/7dLq8Yo8ZuxaE34p9XZhQpPXtSJ.jpg
6286,Helen Sjöholm,/5t5km94atZiDzsxez23S0SoJ7mb.jpg
3702,Sebastian Schipper,/31JsJlYLAl9uf7ZoMKF0iDVNllf.jpg
65802,Chris Kelly,
32646,Monica Calhoun,/6DvtNukRVHDI1bxNbaX1NJxBfiS.jpg
1114903,Matthew-Lee Erlbach,/fbp405hGubuRpmEkZqxiwpiY7ka.jpg
186336,Patsy Garrett,/urzbaVXXOhwUnq6FbRaQZxcCdMp.jpg
122425,Mary Tsoni,/ki2T3DKS4NjqQVpJg2DRf86H5LL.jpg
53927,Aaron Ruell,/vdTMtzntsWC9ZglFxMMYyYFPpkU.jpg
98950,Michael Harris,/3Hyl1L6mbqFHxdBseCWudF9x0uG.jpg
144292,Adam Rayner,/3A0DTEZAzDx2i4Rl71hPkJSlLYa.jpg
7569,Harriet Andersson,/rFQNqEAyzAw5XAMeVPFZlcveNgF.jpg
92744,Jessica Duffy,/jELCnIUcw1n2DszZ9xA5pz4iaA3.jpg
18472,Kevin Corrigan,/obSUGc68mQDvFONalMg25Xw5GZM.jpg
9629,Jon Gries,/nX69eyOvpmJ0YEpm2Qz2ZISngqw.jpg
5889,Nicky Guadagni,/4hHivaWtgZMsMcYwDIX6b88hody.jpg
121566,Sharon Lawrence,/bLu3mjAJKDq8WE3QfspIvInKGVu.jpg
43893,Kimberly J. Brown,/neQjYdxOa6wPOt2RgC1pTxjGFh3.jpg
3068,Matt Day,/2elQ6hUC5cSlw5yzJE1tHEXhKAh.jpg
6086,Devid Striesow,/dV5Sdfa7ED8gkbof8pWuBfPR7lo.jpg
73204,Kate Hewlett,/wEnmKGEv4ZczR1KejinF6v1ejZe.jpg
45812,Simon Chuckster,/50RGyLNQ1JE1TjrqVR8br3OLRCv.jpg
65409,Fay Masterson,/gKG30bketELJ7d22KIbX62djSKc.jpg
10743,Ricky Jay,/aIRux5DCFQn1lcZa1lclWBT3kgR.jpg
52119,Megan Mullally,/ypdczVeLt9B2zSOeY7e6RO2XWJQ.jpg
135798,Shannen Fields,/1m8B3GAIGCqJUr82t4Rhzu66oev.jpg
1152492,Allen Fiuzat,
1700177,Jennifer Paige,/kLG2SmLWVGwp3m4CmzgH0q2LJDP.jpg
8742,Ingrid Thulin,/jrjkvvWb6Y4lPDPz5xPAzLFTlsh.jpg
27136,Katharine Isabelle,/c9db3Cq3BQhWXCmVthyGQBN1W95.jpg
79105,Matthew Dyktynski,/sgIavqBpg3m0CH8iVbrZ4UCP1os.jpg
48312,Noah Segan,/j1mjH6uOZlKaiQ18U4SaTnmnjMl.jpg
92745,Quinn Hunchar,/uE0Xj9G3jcL4RAoYrYDuhKZheEF.jpg
98045,John Gilbert,/wibrEasDmipryIht6W6ajxAAQgH.jpg
135650,Melvin Van Peebles,/oiOxqF64Ik6u9gWWA8WQrA5cW4I.jpg
1396573,Elisabeth Wagner,
11516,Devin Ratray,/Wh3Sy8wTnYusO0kCsXGC7DoEZN.jpg
8828,Lillian Gish,/xUBj1vajDHS8GntuBzhpztRMVy4.jpg
1187,Saul Stein,/bDRdpx2tzNfDrYpgbJzmjKz7kCF.jpg
6437,Ben Shenkman,/AcIhNToOtxVc44GOP8IhcuOPqb3.jpg
38784,Alice Garner,/g2z6I33reaLcqoOrDRLFj2a37s4.jpg
209513,Macon Blair,/sNhgAh7TBBYNGR2ExnINXIQ4U5x.jpg
1910,Caroline Aaron,/7nnic1Dao3XoScrwX7Ac39N2BC1.jpg
1388079,Winston Simon,
67521,Kari Sylwan,/dsm1G7mk86VMqKJiOchcokcncDk.jpg
1134974,Liu Gang,/eqSaA0aq40cmQRK7PcEbrjMqxYR.jpg
1428378,Katie Peterson,
5888,Nicole de Boer,/5Mj1cUdqN4jgxVLG6ZBQ0AtQub5.jpg
1494890,Gene Tagaban,
8829,Mae Marsh,/1PDFSBQCwJ1yteuffEJgwSrAVra.jpg
45813,Hubert Scales,
107173,Scott Walker,/eiOLr7Qz9r3IDGy95aVpP1L9QFH.jpg
45398,Steve Zissis,/hiaDKTWD9dziiMjSDbCDh7bltDU.jpg
10565,Dick Cavett,/7g5J47vQY2k4GzGhlJr6KdYm04P.jpg
22970,Peter Dinklage,/9CAd7wr8QZyIN0E7nm8v1B6WkGn.jpg
212938,Brit Morgan,/wbvokHuEX42Zv7euxhW3yo6sJ76.jpg
90597,Micah Sloat,/gF7ndGTcfBo7FMCaycY4ZTxAwxJ.jpg
71776,Garance Clavel,/s8g302biTNa1ESAFVX8iLpldsiR.jpg
646,Daniel Travis,/9JJ2jFBpdp8e4BdFozaqPw5sYnH.jpg
95604,Daniel London,/feRkUWfs2LpVzULMdkpBHN5JYdM.jpg
29950,Robert Harron,/8uqveFAwItcd5Ty2OEMPM37bbZb.jpg
64550,Renée Le Calm,/wZ89G20jHqj5xFoqd2sPRXmYAQo.jpg
64188,Damon Albarn,/BmEl6u4OqP18ZhMfG393McOotM.jpg
23776,Matt King,/1WGWqW8j9bCG6YwnLPF8N4CZDjY.jpg
29536,Hobart Bosworth,/embweEOzbEdv3FgNikIgv6ZoTS1.jpg
21127,Bobby Cannavale,/ict5zjYkwVhG22Ync5z9Y80mHFu.jpg
163070,Michelle St. John,/sscpMgCvvC6IIa6iELjJGMmy7X4.jpg
47155,Birgitte Federspiel,/kloY23KHUdqDt83uXTaqDRJUwwH.jpg
44905,Charis Michelsen,
88838,Andrew Parks,/7mBajdAZ0vEorHpDuL6wIL6rRBX.jpg
6718,Jack Nance,/uYZ2D1gb7lO779L5nDn8XarZSvf.jpg
45124,Glen Hansard,/pakY1aGMATKzebPUmGuzXeK4zOG.jpg
89585,Catherine Lloyd Burns,/dPi7v1T0haC9m0CzmtEKBf0rLT1.jpg
7453,Takashi Shimura,/ydyAm2vyBbEPZRICIMqqjDm0NM9.jpg
7450,Toshirō Mifune,/3A9PqrtiXHLp8B2JL7m3YvVXrmL.jpg
99837,Tiffany Bolling,/k9UI9AB2LE8XWsPX4Q7J5iJAXCe.jpg
171396,Richard Spore,/eG1mszyZrjCBql9TUCEEBFWSqIH.jpg
1277319,Tom Larson,
29973,Renée Adorée,/kVVTpFum6WdJg9zJZgeKEYWY5Pu.jpg
1755,Majel Barrett,/uTnxd737sEFgc6hVrFgUC5TwzfW.jpg
116333,Will Shortz,/rcr8qmVVfb0qbIXikHd6KTOMFzf.jpg
45127,Markéta Irglová,/9EHdhk4NNja86qSdlDGrgFS6O08.jpg
45396,Ross Partridge,/4GCbT5B0WeoDkl5gor8NuAvy4mV.jpg
1186733,Tanya Smith,
1428381,Brandy Whitford,/gZ0XFaSp0B9G9mDQnAhvCrHPIlt.jpg
10739,Bebe Neuwirth,/yFOdER8Fc07DU6U3kq2PRcbvDR.jpg
35370,Eugene Roche,/cY9u3TxO4UlSkxrhqS8TPhpdzzT.jpg
19775,James Lance,/xlcpKyVjwRR7RLrviI7Olo5S6FM.jpg
4963,Woody Strode,/jUlLrFcvP0o962fKyI04m9BNajk.jpg
928572,Scott Eastwood,/tKJEy1bFNxvIj7sivsB7Us2ThmY.jpg
88839,Susan McConnell,/qgpVIrHq3hAXVxpgfqTd3shGCU1.jpg
231753,Hugh Walsh,
92728,Amy Hargreaves,/j7daK6A4Hbw64jAuuecL4alIXIa.jpg
116334,Merl Reagle,
77795,Katherine Waterston,/5fIEhBldLuIkFK0R3USTzngyE3c.jpg
111872,Helen Martin,/vgx3N9pRkJIyw3xCflbbwQzw0hG.jpg
10722,Graham Chapman,/qmTXDGNxuuwQ4IGNHwxmCdjuTGk.jpg
29900,Jay Adams,/xWOsNOm0jFVTMg8XSQuh4Ap9fSM.jpg
1428379,Shea Stewart,/8xqBL3I3yxpCd7tfUAaKpn6CflH.jpg
1111711,Donald Austin,
90598,Mark Fredrichs,/dvNrTOC79mPEKY7XkxN8xOOIn3a.jpg
280,Terry Gilliam,/7qBkaXxANmnb6hqQCBc4iWqXEL6.jpg
98012,Anita Page,/l8K3xcxGyvXxH3WSU4wwsMrxcWp.jpg
65334,Michael Des Barres,/1XVPUgGP7xJC7IP4ALNltHx2C1c.jpg
91375,Barbara Adams,
59297,Eric Edelstein,/d1ng4kzNijFQ8DSQWeU5P6XDgmA.jpg
12773,Graziella Galvani,/2DQ7oKEtVaEDewcILSmpgh9hx7L.jpg
1111712,"Brendan ""Doogie"" Milewski",
77080,Will Oldham,/of8XRGkUjZ0DplI6BP5Kxw4o6yR.jpg
1374980,Rhonda Britton,/r1PMtcn2BYmANkNvxWNjABGat3A.jpg
77775,Marianna Palka,/eKoaLx0P81SuQu8toLIO3O0IwDr.jpg
142906,Preben Lerdorff Rye,/f6VP05RiT63IiEb1apDjry6eO67.jpg
77763,Mick Foley,/DHUA9BWpNlue1Wk4eIk2r9zjUF.jpg
78020,Mitch Cohen,/dWFUBEdCSPkOBhKFbjxwsjmSaFX.jpg
20828,Yoshio Inaba,/5qIAqM5PegWTNq67qNofz78fb6U.jpg
47652,Martin Kemp,/cex68RbEL5FW6VbcL1e52shUF1p.jpg
599196,John Taylor,
142930,Henrik Malberg,/edseioiieFlxWuL8qYj69x3ZaNX.jpg
1111713,Dave Parnell,
14794,Charlotte Stewart,/2q8O8fpP5e0yvKJkrR45qbHCq6n.jpg
211474,Emily Rios,/h8d9eg0wpyXcvJlunpZklh2asVY.jpg
9766,Macha Méril,/6y5tnXwYFwOt7MgUEsN3mX787e4.jpg
33016,Terry Funk,/4MjY3dWMC2FiqIZLFBzj8RN9SFW.jpg
74351,Simone Griffeth,/ymMesyN2UvhgzlfRRklGDZBnuPi.jpg
66525,Jesse Garcia,/eyPXWMPoJATwiOW40uJ8Kk1irM7.jpg
1084970,Greg Speirs,
11462,Ellen Sandweiss,/m0IWMfRtY7djjvXWsn9tK7Gh1dQ.jpg
1555912,Pierre Prieur,/6eEFoKOzcV16cPS6ZFlQnyC20ho.jpg
11916,Liv Ullmann,/7IJimLbXIOYpLAS4UaHcNYWRsJe.jpg
19384,Tony Todd,/cNUIRoewwiLi8JxyA1J2zb1z5SN.jpg
1516030,Charles King,
46919,Thomas F. Duffy,/hHqrKC5fJbyxlmjIOdosMVQBcGu.jpg
57342,Vince McMahon,/3m4Z7YwnTqgLlQWP7A7TgYOJrj7.jpg
77589,Calvin Levels,/1TCMeq1uxJGOgsgM4YkPe4mcvB5.jpg
18197,Anna Karina,/oSYtIsMpV8sZD6opNrOnWsspR0D.jpg
34716,Allan Gildea,/y1OugLExUbcP3oyKZNPUywzXELq.jpg
555066,Jennifer Prichard,/5mSyzP3xQlzr0LVuYjkrALoxGv4.jpg
938783,Ron Morgan,
21722,John Billingsley,/uQzAvv4LUt57GBrYzDj5Ao1vhUT.jpg
239944,Chalo González,/2HN6BSPoymSDwC5ctHwZ4BoNTw8.jpg
19505,Mitchell Whitfield,/aCyQGfiRfoCNlSXQ8D2mD5f8zFn.jpg
11463,Richard DeManincor,/wUU9Axate8lhMYTxxE4OUwbTR2E.jpg
116335,Tyler Hinman,
11659,David Bowe,/bB1B1K73leCSH1d3XjLe0Xy2VGf.jpg
118861,Paul Hubschmid,/reCRxjSu42RhyBEdrphLsZtXt8s.jpg
34717,Gerard Crossan,
942254,Jim Lampley,
78434,America Olivo,/ps92VEWtDk13e3YgJn6NJXYKRkX.jpg
124654,Ann Altieri,/m3ZphW3oqMwRhdEH6so6ju81cb3.jpg
107448,Simon Baron-Cohen,
17109,Renee Leblanc,
1052102,Jonathan Blow,/a9wLotOhXIf9LpVC1eh9eR792mA.jpg
163554,Bill Walton,/1WIPhh9323GoCRDWHUiD4Br9VDc.jpg
77275,Arif Herati,
5216,Gus Van Sant,/kICHgrSh4eiICjz8piy9fTXIgph.jpg
555065,Andree Maranda,/kqrnn74PdgfmnqxPbRTgJJOqdZX.jpg
453272,Nora Arnezeder,/hRjatqhtiGjIabRvvX57doO36Sx.jpg
29258,Bessie Love,/aOt4c5AoO1Zp8W93JTBnl1eEcFk.jpg
86264,Jeffrey Chyau,
30228,Cecil Kellaway,/rGVj5ODGkAxEllJt2JZTtO7doIj.jpg
35598,Matt Keeslar,/wlSP3DCJSOnS8njeFvboS33qbyw.jpg
124652,Sally Dryer,
52420,John Newton,/5OR0f5MBhggh95h2Ux7xBxIDDrW.jpg
61510,Christopher Denham,/ffPY0KrV5KP9Nuv27m3JQU6j3Tq.jpg
56112,David Lee Smith,/A3vP0a0CqmQSdslPRnEYDiyIZ3V.jpg
77276,Zubaida Sahar,
19149,Tori Spelling,/5zCKl2rdt3hHnH2cSodaRa37O7z.jpg
107449,Temple Grandin,/ck9HsbfKXGg5iBNspnrVZz7NwVr.jpg
81577,Jason Yachanin,/9DDuZLT5Z8A2LCBhUr2Y0cgZFvq.jpg
17108,Jonathan Caouette,/941V5y5VnvT0ZpjVA5xECNDRs6x.jpg
86265,Jade Wu,/9zS12ZqSDAVTmXMlNVmG4QCqsXH.jpg
97749,Billy Hufsey,/90YUinTQLONFC6T96ARr0pbFngG.jpg
79993,Flaco Navaja,
21532,Samuel Ball,/cjwDBnmlRTy2sVsplXGOIHC5ldM.jpg
58401,Joanne Samuel,/cmll6mR4FYp6WwD4c5F8rdbBV9Q.jpg
184581,Hamish Linklater,/ksTXQnWuKvmcVcbmHrvGaDof0P2.jpg
107450,Roy Richard Grinker,
82842,Keith Cavill,
81578,Kate Graham,/g71jBDO6bqCZW6MABvCNHo6L63p.jpg
1555913,Adrian James,/ik2g3BtYEEuDp70LTF7MepxdymQ.jpg
71887,Glenda Pannell,
124097,James Deen,/dFU72zg4Oq7vziKXi3GTxr5mf4g.jpg
12726,Trevor Howard,/6HDJGXcedqyHx7oCPtUdCXn4z76.jpg
26367,Bernard Noël,/hNpwivxU6822XfwGwDXNfRtrJLT.jpg
77274,Marina Golbahari,/taaJA5I1fa5FJVZgPNg5dJNl1zP.jpg
1555914,Raquel Nave,/yXvXMCBLylbs9nPgWkN6GdG3FK0.jpg
93944,Paula Raymond,/lrd2Sm6kn6OWtOmTDnRYctqQxbZ.jpg
96309,Chase Masterson,/tCev4tcCGNBfGP03AadjWj1F5ZR.jpg
148104,Chris Doran,
57093,Stephen Spinella,/lJahZcmWjggljySaqnPyGIuOeXs.jpg
78483,Yury Tsykun,/blUOM0Swh8Fm9OBVKhL3IUin9vi.jpg
17110,Adolph Davis,
29312,Christopher George,/x9aUBtmY8bCSIYCAiNJRVffPn1F.jpg
563413,Paola Mendoza,
543349,Leon Isaac Kennedy,/isT5JyrlBfcXotmXDzhmacNOhsh.jpg
82841,Joe Bishop,
1187217,Kipleigh Brown,/q7E6LktXyIJgiLnOltNjaa0NAZE.jpg
1374979,Roger B. Smith,/s3wkzQWsHVmYYkN1m2orGJzdv7f.jpg
14795,Allen Joseph,/zGyWYC3x62ZMHTHpOLJ3mRPPTbn.jpg
87388,Mohammad Amir Naji,/lO7H6c1ArDhS6WYvDPnz9meQtLW.jpg
57493,Daryl Isaacs,
65772,Shaun Sipos,/eLyeDUDYW3wQxKRP1kNFI20vIqO.jpg
94675,Mark James,/2b222ujq9nImV2XvGiLJCXWweNS.jpg
110727,Virginia Leith,/cMZ7Cqx6wohiKd2cR0VjwXLQIeZ.jpg
110736,Doris Brent,
58356,Kerry Bishé,/2bUBBFrTgHxAhLS5OxutSrrTPja.jpg
57494,Lisa Ganjhu,
79427,Damian Jewan Lee,
16089,Jason Evers,/jbm0AiJvYowMoaDOEZQCcAoiEOx.jpg
57470,Jaime de Hoyos,/kn9w7ky5XgEc5cqBg4TODYXcdUO.jpg
82885,Zoe Lister-Jones,/hiuMwG45QCg0eUzhO15jyAFzx1i.jpg
57471,Peter Marquardt,/hUFTLzot9V0S0B7MJRHmgonTeug.jpg
564,Richard Linklater,/xSctxeZQzQbZoaxIvcDeHlDjbiN.jpg
20373,Arielle Kebbel,/eFN9TTOFk4COQQsDSufChNd7GfP.jpg
1175785,Donald Holden,
35028,Zoe Kazan,/rCJxFVtkyNUVTVCWYd6chx2Q19g.jpg
60650,Michael Paré,/jxrXW8OL6hwJgtJgePdMO5yHuAM.jpg
17188,Marsha Dietlein,
181851,Amy Hathaway,/oYSmd7REmzYVRZjU0sICEQrcRfZ.jpg
221944,Katie Aselton,/18fL82EU3YKkHDPtrmVtlPVagWz.jpg
1175784,Candace Evanofski,
131391,Maryann Urbano,/2ayVkOrNgm2e8LKRyNInX0x09wR.jpg
33349,Derick Martini,
1140261,Sam Buchanan,/xkzRxZMSLABHtMXrVKDGpOcgbtM.jpg
931760,Rhett Wilkins,/rsiQcI2YeBSFOGsfpbTEWDWdF7V.jpg
210050,Eliza Coupe,/uscVJ5XW8pA74wPaT29OlIx1Fy5.jpg
85563,Brian Herzlinger,/ii0sX3ATj3kDaDgqZ7mI4EdLbvg.jpg
32205,Brendan Fletcher,/azeMOxQdCw18ABRwwOMIo3lV1If.jpg
123515,Alex Karpovsky,/hz1eUWI0s2SrHbj46BTBsQf9fFA.jpg
20498,Carlos Gallardo,/1ZaDFJtyjAQUMDah86qJtEEjW7A.jpg
76134,Rick Danko,/rtbErZXhedEFXFfqZrIJcNqhGLE.jpg
72861,Robbie Robertson,/82bnxofH57Y0IcvjDVCDbUrBTqA.jpg
204411,Steven Martini,/gzQdyHpJpDsoe2w4R90YFnKY4kP.jpg
131870,Daryl Wein,/wCzmi4uQqttaOCLLpSMF5a6SMPO.jpg
24305,Julie White,/siiNmtZZldFSc2DwnfUJf0Teouh.jpg
583456,Morgan Peter Brown,/yiW7f1KfhUIce80dgO7c7uEV6Hd.jpg
171766,Tarik Lowe,/7p4fPwQPe2jwdCqEOaIakka8MGD.jpg
1009255,Jason Trost,/176pSrFZSCqLMM7wyZ4KpaazW1Y.jpg
551462,Katie Parker,/9XJpEnFbiwvA8UleAeaZsEbNVDk.jpg
10371,Mary Vivian Pearce,/8sMhO1VeTpPGFPvtXwGAs8b1Vqt.jpg
10369,Divine,/kIAg5nYey3uY6rzRYAOpxHNBs8P.jpg
572407,Courtney Bell,/djW2iSl5VKsT8xirFIvl0kLRStK.jpg
21398,Maxine Bahns,/6kcAbxss0gXt50J1KVGmobbLMHD.jpg
18056,Koji Yakusho,/rF3pmX1yqoMXJLgRkgaLc7PGv68.jpg
86308,Shari Albert,/fwtpoe6W1us9n9kb8g3ZKoUnqe0.jpg
34918,Mark Rendall,/4Zcn4hksQgs0sZ1DVZedPVzrgo4.jpg
86309,Catharine Bolz,
10370,David Lochary,/z9tpWh78Ub3zzfiyTA5KQWZ3vS6.jpg
111446,Justin Rice,/kzvC07qqPdcuBxrUQT5xwwM5GVH.jpg
40864,Andrew Bujalski,/lBJMtGpoEJ5gtUNDoZVGM8qVPqN.jpg
124562,Rachel Clift,
43372,Stacy Edwards,/vTvcn83poPsGhdUVGNCARBmqgzU.jpg
4813,Béatrice Dalle,/pkHDYnYnNepShunyInM5QQKwXWa.jpg
143272,Nargess Mamizadeh,
1144092,Matt Johnson,/3COKJ3lpoXhxgRELso9kmwDH29b.jpg
19208,Matt Malloy,/csNVv2jlw6QLoNCcifGnvT9hN2O.jpg
139135,Lena Dunham,/nRMeKctDpp5vgYCbrFXEmrAch6k.jpg
137240,Owen Williams,/cpeKHQgk8kwQW8eCUXfdzHfxfTf.jpg
45282,Robert Hill,/biIFsFh735w0kX1UrPbVzEzUx70.jpg
143273,Maryiam Palvin Almani,
550448,Ralph Lucas,/tm91I4R0jkW6XoKmkmTYMyeUzb3.jpg
137469,Robin Hill,/5dol2ZVSfzikcFk9BZIqG0AE0Mu.jpg
1180559,Leo Minaya,/ee9DN5tXe8s84XDgJBWOEbBev8u.jpg
1208342,Krista Madison,/a3seIVVeVoe4V9VurxG3SeO5m8Z.jpg
137471,Julia Deakin,/jo2uM3LS5DjwAzsIxvMbmewbZlF.jpg
7472,Richmond Arquette,/7byGiVac0GjBSVD1h6ylZlVXZK6.jpg
143274,Mojgan Faramarzi,
555687,Manuel Cabral,/wAcVkiPj2ErNL3etpz5aA3rh5df.jpg
146031,Mark Herlehy,
111739,Kate Dollenmayer,/y0LBzbpmvkZC8B7wuUKms9Kgrc0.jpg
116321,Masato Hagiwara,/iS8eHxcb6R2eL84XcBGJagQCNRj.jpg
139147,Laurie Simmons,/kNfH7RBjaYeXmLyl26CgY5inQHr.jpg
139148,Grace Dunham,/1QuIxIFgbfVajo8XcQKDL6zTP9z.jpg
137026,Tsuyoshi Ujiki,/b1LQzwzIVb4qzQ6chQfsElg5CtF.jpg
146032,Christian Rudder,/f2RSwmI88P0OloWpEZ4nvSAP6ZW.jpg
238147,Darling Narita,
589130,Matt Foyer,/u4NJwGmri7uw56Fv89RnSUt7YiV.jpg
589131,John Bolen,
1487594,Michael Newland,
11803,Peter Greene,/n49XdJsMwNRdc4qT9XVAGb3fIQW.jpg
76624,Shane Carruth,/zytHHEqP385IHKUW7t8JKg85atg.jpg
2682,Franky G,/eaFvLm2VpDvyfkIF1kEKLwK00oL.jpg
1103727,Paul Eenhoorn,
1078613,Beau Knapp,/6OWe75RIFETlY3iqvTjswcXRc33.jpg
110171,Casey Gooden,/1LIFlANscRuELaS9lOUNPxN7Plv.jpg
76625,David Sullivan,/vUdSFwbtQJnmvdXgUKq7O6M1FoU.jpg
